time,open,close,high,low
1785707880,1.15476,1.15481,1.154885,1.15476
1785707940,1.15481,1.15497,1.154975,1.154795
1785708000,1.15498,1.1552,1.15533,1.154895
1785708060,1.155195,1.155145,1.15534,1.155035
1785708120,1.15514,1.15522,1.15522,1.15507
1785708180,1.155215,1.155335,1.155335,1.155175
1785708240,1.15534,1.155265,1.15534,1.15523
1785708300,1.15525,1.155275,1.155275,1.15505
1785708360,1.155265,1.155255,1.155285,1.15521
1785708420,1.15525,1.15532,1.15534,1.15524
1785708480,1.15532,1.155225,1.15533,1.15522
1785708540,1.155225,1.155375,1.155425,1.155195
1785708600,1.15537,1.155535,1.155575,1.1553
1785708660,1.155525,1.155695,1.155695,1.155505
1785708720,1.15569,1.15565,1.155765,1.155635
1785708780,1.155645,1.155825,1.155865,1.155615
1785708840,1.155825,1.155795,1.155825,1.15571
1785708900,1.1558,1.155745,1.15589,1.155735
1785708960,1.15574,1.155575,1.15574,1.155535
1785709020,1.15557,1.15549,1.15557,1.155475
1785709080,1.155485,1.155045,1.155485,1.15503
1785709140,1.15505,1.155,1.155105,1.154885
1785709200,1.154995,1.155045,1.15518,1.154905
1785709260,1.15505,1.15507,1.155145,1.15499
1785709320,1.155075,1.154895,1.15508,1.154895
1785709380,1.15489,1.154885,1.154995,1.154855
1785709440,1.15488,1.15488,1.154945,1.154845
1785709500,1.154885,1.1549,1.15491,1.15484
1785709560,1.154895,1.15486,1.154905,1.15483
1785709620,1.154865,1.15484,1.154895,1.154815
1785709680,1.154835,1.154955,1.154965,1.15477
1785709740,1.15496,1.15505,1.155105,1.15496
1785709800,1.15506,1.15499,1.155085,1.154885
1785709860,1.154985,1.154995,1.155055,1.15498
1785709920,1.15499,1.15506,1.155085,1.154985
1785709980,1.155055,1.15511,1.155115,1.15505
1785710040,1.155105,1.154905,1.15513,1.15489
1785710100,1.15491,1.15499,1.15503,1.154905
1785710160,1.154985,1.154905,1.155035,1.154905
1785710220,1.15491,1.154955,1.155065,1.15491
1785710280,1.154945,1.15502,1.1551,1.154895
1785710340,1.155015,1.155035,1.155165,1.15499
1785710400,1.155035,1.1551,1.155135,1.15495
1785710460,1.155095,1.15486,1.155155,1.15486
1785710520,1.154865,1.15482,1.154915,1.154815
1785710580,1.154815,1.15492,1.15496,1.15477
1785710640,1.154915,1.15487,1.154915,1.15487
1785710700,1.154865,1.15486,1.1549,1.15481
1785710760,1.15486,1.154835,1.15487,1.15482
1785710820,1.15484,1.15486,1.15491,1.15482
1785710880,1.15486,1.154915,1.15492,1.15479
1785710940,1.154915,1.15514,1.15515,1.154915
1785711000,1.15514,1.155115,1.155175,1.155105
1785711060,1.155115,1.15513,1.155195,1.15506
1785711120,1.15513,1.15511,1.155155,1.15509
1785711180,1.15511,1.15517,1.15519,1.155095
1785711240,1.15517,1.155065,1.1552,1.15506
1785711300,1.155065,1.154925,1.155065,1.154915
1785711360,1.15493,1.15493,1.154935,1.154845
1785711420,1.154935,1.15489,1.154935,1.154875
1785711480,1.15489,1.15484,1.154955,1.154835
1785711540,1.154835,1.154845,1.154865,1.154805
1785711600,1.15484,1.154895,1.15496,1.15481
1785711660,1.154885,1.15487,1.155125,1.15483
1785711720,1.154875,1.154765,1.154875,1.1547
1785711780,1.15476,1.154565,1.154805,1.154555
1785711840,1.15457,1.15474,1.154805,1.154515
1785711900,1.154735,1.15456,1.154735,1.154555
1785711960,1.154555,1.154635,1.15466,1.154545
1785712020,1.154635,1.154615,1.15466,1.154555
1785712080,1.154615,1.15451,1.154615,1.154415
1785712140,1.154505,1.15446,1.154505,1.15443
1785712200,1.154465,1.154515,1.15452,1.154445
1785712260,1.15451,1.154355,1.15453,1.154335
1785712320,1.15436,1.15442,1.15444,1.154355
1785712380,1.15442,1.154515,1.15455,1.15438
1785712440,1.15451,1.154525,1.154615,1.15447
1785712500,1.154525,1.15454,1.154575,1.15451
1785712560,1.154535,1.154455,1.154545,1.154425
1785712620,1.154455,1.15449,1.154515,1.154445
1785712680,1.154485,1.154475,1.154485,1.154435
1785712740,1.15447,1.154415,1.15451,1.15436
1785712800,1.15441,1.15437,1.154415,1.15436
1785712860,1.154365,1.154335,1.15437,1.15428
1785712920,1.154345,1.15439,1.15439,1.15432
1785712980,1.15439,1.154415,1.154445,1.15437
1785713040,1.15441,1.154365,1.154415,1.1543
1785713100,1.154365,1.154425,1.154435,1.15433
1785713160,1.154425,1.15441,1.154475,1.15434
1785713220,1.154405,1.154425,1.154465,1.1544
1785713280,1.154425,1.15438,1.154425,1.15435
1785713340,1.154375,1.154465,1.154535,1.154375
1785713400,1.154465,1.154535,1.15455,1.154465
1785713460,1.15454,1.15446,1.154575,1.154435
1785713520,1.15446,1.154345,1.15446,1.154305
1785713580,1.15435,1.154315,1.154445,1.154305
1785713640,1.154315,1.154385,1.154405,1.154305
1785713700,1.154385,1.154475,1.154475,1.15435
1785713760,1.154475,1.15449,1.15452,1.15447
1785713820,1.15449,1.154585,1.1546,1.15449
1785713880,1.15459,1.154525,1.1546,1.154505
1785713940,1.154515,1.154365,1.154535,1.15436
1785714000,1.15437,1.154345,1.154375,1.154305
1785714060,1.15434,1.154385,1.154415,1.154315
1785714120,1.154385,1.15431,1.15441,1.154295
1785714180,1.15431,1.15427,1.15432,1.154245
1785714240,1.15427,1.154445,1.154465,1.154265
1785714300,1.154445,1.15441,1.154445,1.154345
1785714360,1.154405,1.15439,1.154455,1.154335
1785714420,1.154385,1.154265,1.15439,1.1542
1785714480,1.154265,1.154265,1.15428,1.15422
1785714540,1.15426,1.154365,1.154435,1.15426
1785714600,1.154365,1.154395,1.15441,1.154315
1785714660,1.154405,1.154375,1.15443,1.154365
1785714720,1.154375,1.154355,1.154385,1.154325
1785714780,1.15436,1.1543,1.154375,1.154275
1785714840,1.154295,1.15432,1.15432,1.154255
1785714900,1.15432,1.154425,1.154465,1.154315
1785714960,1.154425,1.154405,1.154465,1.15438
1785715020,1.1544,1.15435,1.15443,1.154345
1785715080,1.154345,1.154285,1.154345,1.15428
1785715140,1.154285,1.154375,1.15439,1.15427
1785715200,1.1544,1.153945,1.15442,1.15394
1785715260,1.15395,1.153785,1.15397,1.153715
1785715320,1.15379,1.153755,1.15382,1.15373
1785715380,1.153755,1.15356,1.153785,1.153505
1785715440,1.153565,1.153865,1.153865,1.15351
1785715500,1.15386,1.153955,1.153965,1.153755
1785715560,1.153955,1.15378,1.154005,1.153745
1785715620,1.153785,1.15387,1.15387,1.153755
1785715680,1.153865,1.153865,1.15392,1.15383
1785715740,1.153865,1.15375,1.153875,1.15372
1785715800,1.153755,1.153755,1.15378,1.153665
1785715860,1.153755,1.15369,1.153835,1.15367
1785715920,1.15369,1.153625,1.153735,1.153565
1785715980,1.153625,1.153665,1.153705,1.153565
1785716040,1.153665,1.153665,1.153685,1.15364
1785716100,1.15366,1.153765,1.15378,1.153605
1785716160,1.153765,1.15376,1.15381,1.15371
1785716220,1.153755,1.153705,1.153775,1.153705
1785716280,1.153705,1.15386,1.15398,1.1537
1785716340,1.153865,1.153825,1.15389,1.153805
1785716400,1.153835,1.153755,1.153835,1.153725
1785716460,1.153755,1.153695,1.153765,1.153575
1785716520,1.15368,1.153775,1.15379,1.153675
1785716580,1.15378,1.153875,1.153915,1.15378
1785716640,1.153865,1.153955,1.15397,1.15382
1785716700,1.153955,1.153915,1.15402,1.153905
1785716760,1.153925,1.153855,1.153925,1.153855
1785716820,1.153855,1.15417,1.1542,1.153805
1785716880,1.154165,1.15431,1.15455,1.15414
1785716940,1.154315,1.154725,1.154835,1.154285
1785717000,1.15472,1.15486,1.1551,1.154605
1785717060,1.154865,1.154915,1.15506,1.15477
1785717120,1.15491,1.154955,1.155005,1.15481
1785717180,1.15496,1.155095,1.155115,1.15487
1785717240,1.1551,1.155135,1.155165,1.154875
1785717300,1.15514,1.155245,1.155315,1.155125
1785717360,1.15524,1.155285,1.155295,1.15508
1785717420,1.15529,1.15491,1.15531,1.15478
1785717480,1.15491,1.15502,1.155065,1.15478
1785717540,1.155015,1.155085,1.155105,1.154805
1785717600,1.155075,1.155295,1.1553,1.154925
1785717660,1.15529,1.15536,1.155365,1.15515
1785717720,1.155355,1.155155,1.15547,1.155155
1785717780,1.15514,1.155355,1.15542,1.155115
1785717840,1.155345,1.1554,1.155535,1.155285
1785717900,1.15543,1.15551,1.15561,1.155405
1785717960,1.155505,1.155105,1.155515,1.155095
1785718020,1.155095,1.154965,1.155185,1.154895
1785718080,1.15496,1.154795,1.15502,1.15465
1785718140,1.154805,1.154705,1.154845,1.15464
1785718200,1.1547,1.15491,1.15496,1.15461
1785718260,1.154915,1.154695,1.15496,1.154695
1785718320,1.15468,1.15479,1.15487,1.154615
1785718380,1.154785,1.15482,1.15483,1.15461
1785718440,1.154815,1.154475,1.15486,1.154455
1785718500,1.15447,1.1542,1.154505,1.154165
1785718560,1.154205,1.1542,1.154245,1.1541
1785718620,1.154205,1.154235,1.15431,1.154125
1785718680,1.15423,1.154235,1.154235,1.15414
1785718740,1.154225,1.154255,1.154255,1.154155
1785718800,1.15425,1.154065,1.154275,1.15399
1785718860,1.15406,1.15441,1.154415,1.153865
1785718920,1.154405,1.154225,1.154595,1.15412
1785718980,1.15423,1.154315,1.15441,1.15421
1785719040,1.15433,1.154195,1.154365,1.15415
1785719100,1.1542,1.15413,1.15427,1.15411
1785719160,1.154135,1.15401,1.154155,1.153935
1785719220,1.154015,1.153885,1.15413,1.153855
1785719280,1.153885,1.15394,1.153975,1.153855
1785719340,1.153945,1.15387,1.153945,1.153795
1785719400,1.153875,1.15382,1.15394,1.15377
1785719460,1.15382,1.153895,1.153895,1.15374
1785719520,1.153895,1.153695,1.153915,1.15368
1785719580,1.15369,1.153795,1.15384,1.15366
1785719640,1.153805,1.153625,1.15381,1.15362
1785719700,1.15363,1.15362,1.153805,1.15362
1785719760,1.153615,1.153415,1.15362,1.153415
1785719820,1.153425,1.153435,1.153495,1.1534
1785719880,1.15344,1.153515,1.153525,1.15339
1785719940,1.153515,1.153415,1.15356,1.153415
1785720000,1.15342,1.15342,1.153495,1.15335
1785720060,1.153425,1.15336,1.153455,1.15334
1785720120,1.153355,1.153385,1.15344,1.153345
1785720180,1.153375,1.153455,1.153515,1.153345
1785720240,1.15342,1.153395,1.15342,1.15329
1785720300,1.1534,1.15344,1.153465,1.15329
1785720360,1.153445,1.1535,1.15352,1.153435
1785720420,1.1535,1.15346,1.15354,1.153445
1785720480,1.153445,1.153365,1.15346,1.153345
1785720540,1.153365,1.15321,1.153465,1.153205
1785720600,1.153205,1.153225,1.15332,1.153175
1785720660,1.153225,1.15329,1.153295,1.153205
1785720720,1.153295,1.153325,1.15339,1.153245
1785720780,1.153325,1.153045,1.153325,1.153035
1785720840,1.15305,1.15318,1.153195,1.15304
1785720900,1.153195,1.153225,1.15324,1.15315
1785720960,1.15322,1.15318,1.15323,1.15311
1785721020,1.15317,1.153165,1.153245,1.15314
1785721080,1.15316,1.153165,1.153205,1.153135
1785721140,1.15317,1.15311,1.153175,1.153085
1785721200,1.153105,1.153295,1.1533,1.15309
1785721260,1.15329,1.153345,1.153345,1.153235
1785721320,1.15335,1.153295,1.15335,1.15324
1785721380,1.153295,1.153215,1.153295,1.153165
1785721440,1.15322,1.153215,1.153235,1.153145
1785721500,1.15322,1.15325,1.153325,1.15322
1785721560,1.153255,1.15317,1.153265,1.153105
1785721620,1.153175,1.15314,1.153265,1.15314
1785721680,1.153125,1.153145,1.153165,1.1531
1785721740,1.15315,1.153185,1.153235,1.15315
1785721800,1.153185,1.153195,1.153195,1.153155
1785721860,1.153195,1.153145,1.15321,1.153135
1785721920,1.15315,1.153195,1.153205,1.153075
1785721980,1.153195,1.153075,1.153235,1.153075
1785722040,1.153075,1.15306,1.153145,1.153015
1785722100,1.153055,1.153105,1.15312,1.153005
1785722160,1.153105,1.153125,1.153155,1.15307
1785722220,1.153125,1.153105,1.15322,1.153105
1785722280,1.153105,1.15317,1.15318,1.153095
1785722340,1.153165,1.153225,1.15324,1.153155
1785722400,1.153215,1.153215,1.15326,1.153205
1785722460,1.15321,1.15323,1.153245,1.153155
1785722520,1.153225,1.153315,1.15333,1.15319
1785722580,1.153305,1.153355,1.153355,1.15324
1785722640,1.153345,1.15329,1.15337,1.153255
1785722700,1.153285,1.153355,1.153415,1.15327
1785722760,1.153345,1.15336,1.153395,1.15332
1785722820,1.153365,1.153245,1.153365,1.153225
1785722880,1.15325,1.153205,1.153275,1.153185
1785722940,1.153195,1.153175,1.153215,1.15312
1785723000,1.153165,1.15312,1.15322,1.1531
1785723060,1.153125,1.153085,1.153175,1.153075
1785723120,1.15309,1.153035,1.153105,1.15301
1785723180,1.153035,1.153085,1.15313,1.152955
1785723240,1.153085,1.153005,1.153085,1.15298
1785723300,1.153005,1.15294,1.15302,1.152915
1785723360,1.152945,1.152915,1.152955,1.152845
1785723420,1.15292,1.153025,1.153025,1.152915
1785723480,1.153025,1.152985,1.153025,1.152895
1785723540,1.15298,1.153245,1.15326,1.152975
1785723600,1.15324,1.153155,1.15324,1.153135
1785723660,1.15316,1.153195,1.15321,1.15313
1785723720,1.153195,1.153105,1.153205,1.15308
1785723780,1.153105,1.15303,1.153115,1.15303
1785723840,1.153035,1.153125,1.153145,1.153035
1785723900,1.153135,1.1532,1.153215,1.153135
1785723960,1.153205,1.15319,1.153245,1.153175
1785724020,1.15319,1.153265,1.153265,1.153115
1785724080,1.153265,1.15328,1.15331,1.153235
1785724140,1.15328,1.15329,1.153335,1.153255
1785724200,1.153285,1.15329,1.153365,1.153265
1785724260,1.15329,1.153285,1.15335,1.153255
1785724320,1.153285,1.15321,1.153325,1.153205
1785724380,1.15321,1.15324,1.153275,1.153205
1785724440,1.15324,1.15326,1.15327,1.153195
1785724500,1.153265,1.15341,1.15345,1.15323
1785724560,1.15341,1.153435,1.153525,1.153365
1785724620,1.153435,1.153485,1.153505,1.153395
1785724680,1.15349,1.153545,1.153545,1.15349
1785724740,1.153545,1.153495,1.153545,1.153495
1785724800,1.153505,1.153465,1.153525,1.153445
1785724860,1.153465,1.15331,1.153475,1.153305
1785724920,1.153315,1.15337,1.153375,1.1533
1785724980,1.15337,1.153295,1.153375,1.153285
1785725040,1.153295,1.15319,1.153335,1.15318
1785725100,1.15319,1.153145,1.15321,1.15314
1785725160,1.15315,1.153225,1.153235,1.15315
1785725220,1.153225,1.153155,1.153245,1.153145
1785725280,1.153155,1.153205,1.153205,1.153145
1785725340,1.153205,1.15328,1.153295,1.153205
1785725400,1.153275,1.153295,1.153295,1.153275
1785725460,1.1533,1.153235,1.153315,1.153235
1785725520,1.15324,1.153245,1.15328,1.153235
1785725580,1.153245,1.15322,1.153285,1.153195
1785725640,1.153215,1.153155,1.153255,1.153145
1785725700,1.153155,1.153135,1.1532,1.153135
1785725760,1.153135,1.15311,1.153135,1.15308
1785725820,1.153115,1.15315,1.153195,1.153115
1785725880,1.153145,1.15313,1.153175,1.153125
1785725940,1.153135,1.153105,1.153155,1.153105
1785726000,1.153105,1.152975,1.153115,1.152955
1785726060,1.152975,1.152915,1.152985,1.152905
1785726120,1.15292,1.15303,1.153055,1.15292
1785726180,1.153025,1.15299,1.153045,1.152975
1785726240,1.153005,1.15294,1.153005,1.152935
1785726300,1.15294,1.152975,1.152975,1.152935
1785726360,1.152975,1.15299,1.153005,1.152945
1785726420,1.15299,1.152995,1.15302,1.152965
1785726480,1.152995,1.152975,1.15304,1.152965
1785726540,1.152975,1.152915,1.15298,1.152905
1785726600,1.152905,1.152845,1.152905,1.15284
1785726660,1.152845,1.152805,1.152855,1.152755
1785726720,1.15281,1.152755,1.15281,1.15272
1785726780,1.152755,1.15278,1.152795,1.152755
1785726840,1.152785,1.152815,1.152835,1.15278
1785726900,1.1528,1.152735,1.152825,1.15271
1785726960,1.152735,1.152755,1.152785,1.15273
1785727020,1.152755,1.152785,1.15281,1.152755
1785727080,1.152785,1.152765,1.15282,1.152755
1785727140,1.15276,1.152855,1.152855,1.15276
1785727200,1.152855,1.152805,1.15289,1.15279
1785727260,1.152805,1.152805,1.152815,1.15279
1785727320,1.15281,1.152765,1.152815,1.15276
1785727380,1.15277,1.152865,1.15287,1.15277
1785727440,1.15287,1.152915,1.152925,1.152865
1785727500,1.152905,1.152945,1.15295,1.152885
1785727560,1.152945,1.152865,1.15296,1.152855
1785727620,1.15288,1.15293,1.152965,1.15288
1785727680,1.15293,1.152885,1.15293,1.152865
1785727740,1.152885,1.15292,1.152925,1.152885
1785727800,1.152915,1.152865,1.15293,1.152865
1785727860,1.152865,1.152785,1.152865,1.152785
1785727920,1.1528,1.152795,1.152845,1.152785
1785727980,1.152795,1.15277,1.15281,1.152765
1785728040,1.152775,1.152765,1.1528,1.15274
1785728100,1.152765,1.152765,1.152945,1.152735
1785728160,1.152765,1.15279,1.152815,1.152715
1785728220,1.152785,1.152785,1.152805,1.15276
1785728280,1.15277,1.152755,1.152795,1.15274
1785728340,1.15276,1.152745,1.152775,1.152725
1785728400,1.152745,1.152805,1.152805,1.152745
1785728460,1.152805,1.15273,1.152805,1.15273
1785728520,1.152735,1.15274,1.152745,1.152695
1785728580,1.15274,1.152725,1.152745,1.152695
1785728640,1.152725,1.152755,1.152775,1.152715
1785728700,1.152755,1.152775,1.152775,1.152705
1785728760,1.152775,1.152795,1.15282,1.152765
1785728820,1.152795,1.152845,1.152845,1.15279
1785728880,1.152845,1.152835,1.15285,1.152815
1785728940,1.152835,1.152795,1.15284,1.152795
1785729000,1.152795,1.15278,1.152795,1.15277
1785729060,1.152785,1.152845,1.152845,1.15275
1785729120,1.152835,1.152875,1.15289,1.152795
1785729180,1.152875,1.152785,1.15288,1.152785
1785729240,1.152785,1.152785,1.152835,1.15278
1785729300,1.15278,1.152785,1.152805,1.15278
1785729360,1.152785,1.15279,1.1528,1.15278
1785729420,1.15279,1.152835,1.15288,1.152785
1785729480,1.152835,1.15299,1.152995,1.152835
1785729540,1.152985,1.152995,1.153045,1.152985
1785729600,1.152995,1.153015,1.153085,1.152995
1785729660,1.153015,1.153065,1.153065,1.152995
1785729720,1.153065,1.153035,1.153085,1.153025
1785729780,1.153035,1.15304,1.15318,1.153035
1785729840,1.153035,1.15304,1.15306,1.153035
1785729900,1.15304,1.153005,1.15307,1.15299
1785729960,1.153005,1.152975,1.15303,1.152945
1785730020,1.152975,1.15304,1.15306,1.152975
1785730080,1.15304,1.152985,1.15309,1.152985
1785730140,1.152985,1.152945,1.152995,1.152935
1785730200,1.152945,1.152945,1.152995,1.152935
1785730260,1.152945,1.152945,1.15295,1.152935
1785730320,1.152945,1.15299,1.15299,1.152905
1785730380,1.153005,1.15312,1.153145,1.153005
1785730440,1.153125,1.153155,1.153155,1.15305
1785730500,1.153155,1.153215,1.153245,1.153145
1785730560,1.153215,1.153135,1.15323,1.153105
1785730620,1.153125,1.153195,1.15321,1.153115
1785730680,1.153195,1.153245,1.15325,1.153195
1785730740,1.153245,1.153245,1.153245,1.153195
1785730800,1.153245,1.153285,1.153305,1.153245
1785730860,1.15329,1.15326,1.153295,1.153255
1785730920,1.15326,1.153255,1.153285,1.153235
1785730980,1.153255,1.153185,1.153255,1.15318
1785731040,1.153185,1.15314,1.15319,1.15313
1785731100,1.153135,1.153205,1.15324,1.153135
1785731160,1.153205,1.15323,1.15324,1.15318
1785731220,1.15323,1.153235,1.153255,1.153175
1785731280,1.153235,1.15322,1.153245,1.153215
1785731340,1.153225,1.153275,1.153305,1.153225
1785731400,1.153285,1.153295,1.153315,1.153275
1785731460,1.153295,1.153215,1.153295,1.15321
1785731520,1.153215,1.153195,1.153215,1.153175
1785731580,1.15319,1.15329,1.15329,1.153185
1785731640,1.153295,1.153305,1.15331,1.153285
1785731700,1.15331,1.15336,1.153385,1.15331
1785731760,1.15336,1.153365,1.153375,1.15335
1785731820,1.15337,1.153315,1.153385,1.153285
1785731880,1.153315,1.153395,1.15341,1.153315
1785731940,1.15339,1.153445,1.153495,1.153355
1785732000,1.15345,1.15342,1.153465,1.153375
1785732060,1.15342,1.15339,1.15349,1.15339
1785732120,1.153395,1.153405,1.153445,1.153395
1785732180,1.153405,1.153415,1.153415,1.153385
1785732240,1.15341,1.153605,1.153605,1.153395
1785732300,1.1536,1.153455,1.15361,1.15345
1785732360,1.153455,1.15348,1.153485,1.153435
1785732420,1.153485,1.153395,1.15349,1.153395
1785732480,1.153405,1.1535,1.153505,1.153405
1785732540,1.1535,1.15346,1.153505,1.153455
1785732600,1.15346,1.153395,1.15346,1.153385
1785732660,1.15339,1.153335,1.15339,1.153325
1785732720,1.15334,1.15329,1.15334,1.15328
1785732780,1.153295,1.15336,1.15336,1.15329
1785732840,1.15336,1.15333,1.15336,1.15331
1785732900,1.153335,1.15336,1.153395,1.153295
1785732960,1.153365,1.15338,1.1534,1.15336
1785733020,1.15338,1.15342,1.153425,1.153315
1785733080,1.153425,1.153415,1.153425,1.153395
1785733140,1.153415,1.153425,1.153445,1.153395
1785733200,1.153435,1.153495,1.153495,1.15341
1785733260,1.153495,1.15349,1.15351,1.15348
1785733320,1.153495,1.153555,1.153565,1.15347
1785733380,1.153555,1.153445,1.153555,1.153445
1785733440,1.153445,1.15341,1.15345,1.153385
1785733500,1.153405,1.153365,1.153405,1.153345
1785733560,1.153365,1.15337,1.153485,1.153355
1785733620,1.15337,1.153285,1.153395,1.153285
1785733680,1.15328,1.153255,1.1533,1.153235
1785733740,1.153255,1.153205,1.15328,1.15317
1785733800,1.153205,1.153185,1.153215,1.15318
1785733860,1.153185,1.153225,1.153255,1.153175
1785733920,1.15322,1.15325,1.153255,1.153205
1785733980,1.153245,1.15326,1.153275,1.153235
1785734040,1.153255,1.15333,1.153355,1.153245
1785734100,1.153325,1.153335,1.153355,1.153305
1785734160,1.153335,1.153295,1.153355,1.153295
1785734220,1.153295,1.153335,1.153335,1.153265
1785734280,1.153335,1.153345,1.153405,1.15332
1785734340,1.153345,1.153345,1.153355,1.153315
1785734400,1.153345,1.153355,1.153365,1.153345
1785734460,1.153365,1.153385,1.15341,1.153355
1785734520,1.153385,1.153345,1.153435,1.153345
1785734580,1.153345,1.153255,1.15335,1.153245
1785734640,1.153255,1.153305,1.153315,1.153255
1785734700,1.153305,1.15328,1.153305,1.15322
1785734760,1.15328,1.153345,1.153355,1.15326
1785734820,1.153335,1.153305,1.153335,1.15329
1785734880,1.153305,1.153275,1.153305,1.15326
1785734940,1.153275,1.153365,1.153375,1.153275
1785735000,1.153355,1.15346,1.15346,1.15333
1785735060,1.15346,1.153405,1.15346,1.153385
1785735120,1.153405,1.153445,1.153465,1.153365
1785735180,1.15345,1.153545,1.15355,1.153445
1785735240,1.15355,1.15357,1.15357,1.153495
1785735300,1.153565,1.15354,1.15357,1.153495
1785735360,1.153545,1.153555,1.153555,1.153485
1785735420,1.153555,1.153545,1.153555,1.15351
1785735480,1.153545,1.153535,1.15357,1.153525
1785735540,1.153535,1.153445,1.153545,1.15344
1785735600,1.153445,1.153395,1.153455,1.15339
1785735660,1.153395,1.15339,1.153405,1.15333
1785735720,1.153385,1.153495,1.15354,1.15338
1785735780,1.153495,1.153535,1.153545,1.153495
1785735840,1.153535,1.15359,1.15361,1.153535
1785735900,1.15359,1.15359,1.153645,1.15359
1785735960,1.153585,1.153645,1.153645,1.153585
1785736020,1.153645,1.153695,1.153705,1.153595
1785736080,1.153695,1.153535,1.153695,1.153535
1785736140,1.153535,1.153545,1.15357,1.153525
1785736200,1.153535,1.153535,1.15354,1.153495
1785736260,1.153535,1.153505,1.153545,1.153495
1785736320,1.15351,1.153555,1.15357,1.15349
1785736380,1.15355,1.153515,1.15356,1.153515
1785736440,1.15354,1.15361,1.15362,1.153515
1785736500,1.153625,1.153705,1.15371,1.153625
1785736560,1.15371,1.153745,1.15376,1.153675
1785736620,1.15375,1.15365,1.153755,1.15365
1785736680,1.153655,1.153735,1.153735,1.153625
1785736740,1.153735,1.15372,1.153745,1.153675
1785736800,1.153715,1.15378,1.15379,1.153645
1785736860,1.15378,1.153815,1.153815,1.153755
1785736920,1.15381,1.153695,1.15385,1.15369
1785736980,1.15368,1.153685,1.153705,1.153625
1785737040,1.153685,1.153705,1.153815,1.153685
1785737100,1.153705,1.15383,1.15388,1.153705
1785737160,1.153825,1.15374,1.153825,1.1537
1785737220,1.15374,1.15363,1.15374,1.153585
1785737280,1.15363,1.153495,1.15363,1.153475
1785737340,1.153495,1.153505,1.153535,1.15348
1785737400,1.153505,1.153485,1.153515,1.15348
1785737460,1.15349,1.153635,1.15364,1.153475
1785737520,1.153635,1.15354,1.15366,1.15354
1785737580,1.15354,1.153495,1.153545,1.15349
1785737640,1.153495,1.153285,1.15351,1.15328
1785737700,1.15329,1.15331,1.153325,1.15321
1785737760,1.15331,1.153385,1.15341,1.1533
1785737820,1.153395,1.153305,1.153415,1.153295
1785737880,1.1533,1.15341,1.15341,1.153265
1785737940,1.15342,1.153465,1.153595,1.15342
1785738000,1.153455,1.153505,1.153555,1.15344
1785738060,1.153515,1.15322,1.153585,1.153205
1785738120,1.153225,1.153285,1.153305,1.15314
1785738180,1.15329,1.15329,1.153305,1.15328
1785738240,1.15329,1.153335,1.153355,1.15328
1785738300,1.153325,1.1533,1.153335,1.153245
1785738360,1.153295,1.153215,1.1533,1.153205
1785738420,1.153215,1.15315,1.153255,1.15313
1785738480,1.153155,1.15323,1.153245,1.15313
1785738540,1.153235,1.153395,1.153395,1.15321
1785738600,1.153395,1.1533,1.15346,1.15323
1785738660,1.153295,1.15324,1.153305,1.153235
1785738720,1.153245,1.1532,1.153255,1.153145
1785738780,1.153205,1.15319,1.153245,1.153185
1785738840,1.15319,1.153035,1.153235,1.15297
1785738900,1.15304,1.152955,1.15305,1.15292
1785738960,1.152955,1.152885,1.153005,1.152875
1785739020,1.152885,1.152735,1.152895,1.152685
1785739080,1.152725,1.1527,1.152785,1.15269
1785739140,1.152695,1.152585,1.1527,1.15254
1785739200,1.15257,1.15256,1.152645,1.152525
1785739260,1.15256,1.152535,1.15263,1.152515
1785739320,1.15254,1.152525,1.15262,1.152505
1785739380,1.15252,1.1525,1.152615,1.15246
1785739440,1.152505,1.152545,1.15258,1.152415
1785739500,1.152545,1.15243,1.152585,1.15242
1785739560,1.152425,1.152575,1.152595,1.152375
1785739620,1.15257,1.15247,1.152595,1.152445
1785739680,1.152475,1.15251,1.15259,1.152425
1785739740,1.152505,1.152495,1.152535,1.152455
1785739800,1.152495,1.152485,1.152575,1.152475
1785739860,1.152485,1.152585,1.152645,1.152485
1785739920,1.15259,1.15256,1.15263,1.152505
1785739980,1.152575,1.15249,1.152575,1.152465
1785740040,1.15249,1.152705,1.152795,1.15249
1785740100,1.15269,1.15273,1.15284,1.152675
1785740160,1.152735,1.152745,1.15285,1.152655
1785740220,1.152745,1.152645,1.1528,1.152645
1785740280,1.15265,1.15265,1.152685,1.152575
1785740340,1.152655,1.152695,1.152735,1.152605
1785740400,1.15269,1.152865,1.152945,1.15265
1785740460,1.152865,1.152795,1.15303,1.152735
1785740520,1.15279,1.15259,1.15279,1.152555
1785740580,1.152595,1.152595,1.152675,1.15256
1785740640,1.15257,1.152595,1.15261,1.152505
1785740700,1.152595,1.152395,1.152665,1.152395
1785740760,1.152395,1.15224,1.15244,1.15224
1785740820,1.152245,1.152455,1.15247,1.15223
1785740880,1.152465,1.152485,1.152505,1.152435
1785740940,1.152495,1.152585,1.152705,1.15248
1785741000,1.152585,1.15265,1.1527,1.152585
1785741060,1.152655,1.15265,1.152695,1.152625
1785741120,1.152665,1.152955,1.15297,1.152665
1785741180,1.15296,1.152855,1.15299,1.15285
1785741240,1.15285,1.152955,1.152955,1.15283
1785741300,1.15295,1.152955,1.153065,1.152905
1785741360,1.15296,1.152605,1.15296,1.152595
1785741420,1.152605,1.152195,1.152665,1.152135
1785741480,1.1522,1.15224,1.15227,1.15206
1785741540,1.152235,1.15245,1.15247,1.152205
1785741600,1.15246,1.15252,1.15255,1.15241
1785741660,1.152525,1.152625,1.152625,1.15245
1785741720,1.152625,1.15262,1.152655,1.152575
1785741780,1.152615,1.15248,1.15269,1.15244
1785741840,1.152485,1.152545,1.152545,1.15243
1785741900,1.152545,1.15265,1.152765,1.152535
1785741960,1.152645,1.15285,1.15288,1.152615
1785742020,1.152845,1.152825,1.15289,1.1528
1785742080,1.152825,1.152845,1.152945,1.152825
1785742140,1.15284,1.152885,1.152945,1.15284
1785742200,1.152895,1.153,1.153055,1.152895
1785742260,1.153005,1.1531,1.15312,1.153005
1785742320,1.153095,1.153115,1.153165,1.153065
1785742380,1.15312,1.153155,1.15321,1.153085
1785742440,1.153165,1.153185,1.15322,1.153135
1785742500,1.15318,1.153105,1.153225,1.153085
1785742560,1.15311,1.15279,1.153145,1.15278
1785742620,1.15279,1.152735,1.1529,1.15267
1785742680,1.152725,1.152635,1.15279,1.152625
1785742740,1.152635,1.152695,1.15275,1.152635
1785742800,1.152695,1.15268,1.152725,1.152615
1785742860,1.15268,1.15244,1.15268,1.15244
1785742920,1.152435,1.152425,1.152465,1.152385
1785742980,1.15243,1.152535,1.15256,1.152355
1785743040,1.152535,1.15264,1.15265,1.152535
1785743100,1.152635,1.152645,1.152715,1.152625
1785743160,1.15264,1.152535,1.152665,1.15252
1785743220,1.15253,1.152615,1.15264,1.152505
1785743280,1.15262,1.15259,1.152655,1.15253
1785743340,1.152585,1.152525,1.15263,1.15251
1785743400,1.15253,1.1525,1.15253,1.15234
1785743460,1.152505,1.152505,1.152535,1.152435
1785743520,1.152495,1.15249,1.152495,1.152375
1785743580,1.152485,1.152545,1.1526,1.152485
1785743640,1.152545,1.152645,1.15269,1.152525
1785743700,1.15265,1.152495,1.152695,1.152495
1785743760,1.152495,1.152445,1.152505,1.15241
1785743820,1.152445,1.152555,1.15256,1.152425
1785743880,1.152555,1.15265,1.15271,1.15255
1785743940,1.15265,1.15261,1.152745,1.15261
1785744000,1.15262,1.15254,1.15266,1.152465
1785744060,1.152545,1.152555,1.152595,1.152485
1785744120,1.15256,1.152535,1.15261,1.152525
1785744180,1.152535,1.152395,1.152565,1.152385
1785744240,1.152395,1.15244,1.15249,1.15237
1785744300,1.152435,1.15247,1.152545,1.15241
1785744360,1.15247,1.15252,1.15253,1.152435
1785744420,1.152515,1.152545,1.15261,1.152515
1785744480,1.15256,1.152495,1.15256,1.152485
1785744540,1.152495,1.152395,1.152605,1.15235
1785744600,1.152385,1.15241,1.15241,1.152315
1785744660,1.152415,1.152655,1.152655,1.152415
1785744720,1.152645,1.152715,1.152745,1.15262
1785744780,1.152715,1.152725,1.15275,1.15267
1785744840,1.15273,1.15271,1.15274,1.15269
1785744900,1.152705,1.152605,1.152745,1.152605
1785744960,1.152605,1.1525,1.152605,1.152435
1785745020,1.152495,1.152405,1.152505,1.152395
1785745080,1.15241,1.152425,1.152465,1.152385
1785745140,1.152425,1.152335,1.152425,1.152285
1785745200,1.15232,1.152245,1.152325,1.15218
1785745260,1.15225,1.152315,1.152385,1.152235
1785745320,1.15233,1.152385,1.152405,1.152265
1785745380,1.15239,1.15261,1.15262,1.15239
1785745440,1.152615,1.152665,1.152695,1.152595
1785745500,1.15267,1.15257,1.152685,1.152495
1785745560,1.152575,1.152405,1.152575,1.152385
1785745620,1.152405,1.152465,1.15249,1.152375
1785745680,1.15246,1.152545,1.152545,1.15244
1785745740,1.15254,1.152445,1.15254,1.152435
1785745800,1.152455,1.15243,1.152545,1.152425
1785745860,1.152435,1.152355,1.15245,1.152335
1785745920,1.152355,1.152395,1.152435,1.152355
1785745980,1.152395,1.152415,1.152425,1.152335
1785746040,1.152425,1.152435,1.15251,1.15236
1785746100,1.152435,1.15267,1.15272,1.15239
1785746160,1.152675,1.15252,1.152775,1.152505
1785746220,1.15254,1.152345,1.15254,1.15233
1785746280,1.15235,1.15246,1.15249,1.152335
1785746340,1.15247,1.152485,1.152495,1.152435
1785746400,1.152495,1.152485,1.15253,1.152415
1785746460,1.152485,1.152435,1.152485,1.15243
1785746520,1.152435,1.15251,1.15253,1.152395
1785746580,1.152525,1.152535,1.15256,1.152495
1785746640,1.152525,1.152495,1.152545,1.152465
1785746700,1.1525,1.152405,1.152555,1.15239
1785746760,1.152405,1.1525,1.152525,1.152375
1785746820,1.1525,1.152545,1.15255,1.152455
1785746880,1.15255,1.152445,1.152555,1.152435
1785746940,1.15244,1.152445,1.152495,1.152395
1785747000,1.152445,1.15235,1.152475,1.15234
1785747060,1.152345,1.152255,1.152345,1.15221
1785747120,1.152255,1.15216,1.152255,1.152155
1785747180,1.152155,1.152235,1.15224,1.1521
1785747240,1.152235,1.152285,1.152295,1.15219
1785747300,1.152285,1.152375,1.152375,1.152265
1785747360,1.152375,1.152405,1.152405,1.15229
1785747420,1.152405,1.1523,1.152425,1.152285
1785747480,1.152295,1.15227,1.152315,1.152195
1785747540,1.15227,1.152275,1.152345,1.15227
1785747600,1.15227,1.15248,1.1525,1.15226
1785747660,1.152475,1.15241,1.152495,1.152405
1785747720,1.1524,1.152435,1.152435,1.152355
1785747780,1.15243,1.152275,1.152455,1.152265
1785747840,1.152275,1.152185,1.152305,1.152175
1785747900,1.15219,1.152265,1.152305,1.15218
1785747960,1.15228,1.15223,1.152435,1.15223
1785748020,1.152225,1.152095,1.15223,1.152085
1785748080,1.15209,1.152065,1.1521,1.15199
1785748140,1.152085,1.152255,1.15227,1.152085
1785748200,1.15226,1.152385,1.152395,1.152255
1785748260,1.152385,1.152455,1.15255,1.15234
1785748320,1.152455,1.152445,1.15265,1.152445
1785748380,1.152445,1.152475,1.15251,1.152445
1785748440,1.152475,1.152455,1.152505,1.152435
1785748500,1.15245,1.152355,1.152455,1.15228
1785748560,1.15235,1.152305,1.15245,1.152305
1785748620,1.152295,1.152095,1.15233,1.152095
1785748680,1.152095,1.15219,1.152235,1.152095
1785748740,1.152185,1.152165,1.15225,1.152155
1785748800,1.152165,1.152275,1.15229,1.152155
1785748860,1.15227,1.152285,1.15231,1.152215
1785748920,1.152285,1.152275,1.152365,1.15227
1785748980,1.15228,1.152345,1.152365,1.152235
1785749040,1.152345,1.15227,1.152365,1.152255
1785749100,1.15226,1.152245,1.1523,1.15222
1785749160,1.152245,1.152145,1.152245,1.152125
1785749220,1.15213,1.152245,1.152245,1.15213
1785749280,1.15225,1.152345,1.152345,1.15225
1785749340,1.152345,1.152385,1.152405,1.152345
1785749400,1.15239,1.15245,1.15248,1.152385
1785749460,1.152445,1.152495,1.152505,1.152375
1785749520,1.152495,1.152495,1.15251,1.15243
1785749580,1.152485,1.15254,1.15258,1.152475
1785749640,1.152525,1.152445,1.152525,1.1524
1785749700,1.152445,1.15239,1.152445,1.152335
1785749760,1.15239,1.15247,1.152495,1.152355
1785749820,1.152465,1.15241,1.15248,1.152405
1785749880,1.15241,1.152545,1.15256,1.1524
1785749940,1.152545,1.152595,1.15263,1.152535
1785750000,1.152595,1.152645,1.152705,1.152595
1785750060,1.15265,1.15275,1.152795,1.152645
1785750120,1.15275,1.152785,1.15282,1.152745
1785750180,1.152785,1.152795,1.152895,1.15274
1785750240,1.152795,1.15285,1.152875,1.152795
1785750300,1.152845,1.15288,1.152885,1.15277
1785750360,1.152875,1.152805,1.15288,1.152695
1785750420,1.152815,1.15285,1.1529,1.152815
1785750480,1.15285,1.15291,1.15291,1.15281
1785750540,1.15291,1.152885,1.15304,1.15285
1785750600,1.152875,1.152955,1.15298,1.152865
1785750660,1.152955,1.152855,1.152965,1.15285
1785750720,1.15286,1.152805,1.152875,1.15278
1785750780,1.152805,1.15286,1.15289,1.152805
1785750840,1.152855,1.15278,1.15288,1.152745
1785750900,1.152785,1.152805,1.152845,1.152755
1785750960,1.152795,1.152705,1.152795,1.15268
1785751020,1.1527,1.152595,1.152725,1.152545
1785751080,1.152595,1.152295,1.152635,1.152285
1785751140,1.152305,1.152225,1.152325,1.152195
1785751200,1.152215,1.152185,1.15224,1.152135
1785751260,1.152175,1.152245,1.15225,1.152165
1785751320,1.15224,1.152305,1.152365,1.15224
1785751380,1.152305,1.152415,1.152415,1.152245
1785751440,1.152415,1.152435,1.152465,1.152365
1785751500,1.15244,1.152395,1.152455,1.152395
1785751560,1.152395,1.15229,1.152405,1.15228
1785751620,1.152295,1.15225,1.152315,1.152195
1785751680,1.152255,1.15231,1.152315,1.152235
1785751740,1.1523,1.15229,1.152325,1.152245
1785751800,1.152295,1.15226,1.1523,1.152115
1785751860,1.152265,1.152185,1.15229,1.152185
1785751920,1.152185,1.152255,1.15227,1.152185
1785751980,1.152255,1.152305,1.152385,1.152255
1785752040,1.152305,1.15229,1.15231,1.152275
1785752100,1.15229,1.152255,1.15229,1.15223
1785752160,1.152265,1.152435,1.152435,1.15225
1785752220,1.152425,1.151795,1.152435,1.15178
1785752280,1.151805,1.15196,1.15197,1.15168
1785752340,1.15196,1.151905,1.152015,1.15186
1785752400,1.1519,1.151955,1.15205,1.151895
1785752460,1.15196,1.151895,1.151995,1.151845
1785752520,1.151895,1.152015,1.152025,1.15187
1785752580,1.152015,1.152075,1.152115,1.152015
1785752640,1.152075,1.15221,1.152225,1.152075
1785752700,1.152205,1.152165,1.15222,1.152095
1785752760,1.152165,1.152215,1.152265,1.152165
1785752820,1.152215,1.15231,1.152365,1.152215
1785752880,1.152305,1.152375,1.15238,1.152305
1785752940,1.152375,1.15231,1.152395,1.152295
1785753000,1.15231,1.15224,1.152345,1.15223
1785753060,1.152235,1.15221,1.15224,1.15214
1785753120,1.15221,1.152125,1.152245,1.152035
1785753180,1.152125,1.152095,1.152145,1.15204
1785753240,1.15209,1.152295,1.15231,1.152085
1785753300,1.15229,1.15226,1.152315,1.152205
1785753360,1.152265,1.152285,1.15236,1.152255
1785753420,1.15228,1.152295,1.15231,1.152275
1785753480,1.152295,1.152195,1.152305,1.152185
1785753540,1.1522,1.152255,1.152265,1.152195
1785753600,1.152255,1.152265,1.15228,1.152155
1785753660,1.152255,1.152135,1.152255,1.152105
1785753720,1.152135,1.15212,1.152155,1.152115
1785753780,1.15212,1.15211,1.152135,1.152065
1785753840,1.152105,1.152095,1.15211,1.15209
1785753900,1.152095,1.152065,1.152145,1.152045
1785753960,1.152065,1.15205,1.152085,1.152015
1785754020,1.152055,1.15201,1.15213,1.152005
1785754080,1.15201,1.152055,1.152055,1.152
1785754140,1.152055,1.152145,1.152155,1.152055
1785754200,1.15214,1.1521,1.15216,1.15209
1785754260,1.152095,1.152105,1.15218,1.152095
1785754320,1.152105,1.152195,1.152215,1.152105
1785754380,1.152195,1.15247,1.152475,1.152165
1785754440,1.152465,1.152265,1.152465,1.152235
1785754500,1.152265,1.15234,1.15242,1.15226
1785754560,1.152355,1.152315,1.15238,1.152295
1785754620,1.152315,1.15229,1.15233,1.152245
1785754680,1.152295,1.152255,1.152305,1.15224
1785754740,1.15226,1.15221,1.152275,1.152205
1785754800,1.152215,1.15242,1.15242,1.152205
1785754860,1.152415,1.152555,1.15256,1.152405
1785754920,1.15255,1.1525,1.15258,1.15249
1785754980,1.152505,1.15259,1.152615,1.152505
1785755040,1.152585,1.15253,1.15261,1.15251
1785755100,1.15253,1.152625,1.152675,1.15253
1785755160,1.152625,1.15254,1.152625,1.152505
1785755220,1.152545,1.15254,1.15257,1.152525
1785755280,1.15254,1.152555,1.152565,1.15253
1785755340,1.152555,1.152575,1.152625,1.152555
1785755400,1.152575,1.152635,1.15265,1.152565
1785755460,1.152635,1.15261,1.152665,1.152585
1785755520,1.152615,1.152585,1.152655,1.152585
1785755580,1.152585,1.152545,1.152585,1.152525
1785755640,1.152545,1.152545,1.152575,1.15254
1785755700,1.15254,1.152545,1.15255,1.152495
1785755760,1.152535,1.15248,1.152535,1.152455
1785755820,1.15247,1.152555,1.15256,1.152425
1785755880,1.15255,1.152415,1.15257,1.152395
1785755940,1.152415,1.152455,1.152495,1.152385
1785756000,1.152445,1.152385,1.15251,1.15237
1785756060,1.15239,1.15222,1.152405,1.15215
1785756120,1.152215,1.152135,1.152255,1.15213
1785756180,1.15214,1.152195,1.152205,1.152085
1785756240,1.152195,1.15208,1.152205,1.152075
1785756300,1.15208,1.152095,1.152165,1.152075
1785756360,1.152095,1.152175,1.152175,1.152085
1785756420,1.152175,1.152205,1.152245,1.152165
1785756480,1.152215,1.152185,1.152305,1.152185
1785756540,1.152185,1.1522,1.152205,1.152175
1785756600,1.152205,1.152275,1.152275,1.15213
1785756660,1.152275,1.152285,1.152295,1.152225
1785756720,1.152285,1.152415,1.152435,1.15228
1785756780,1.152415,1.152465,1.152465,1.152405
1785756840,1.15246,1.15254,1.152605,1.15245
1785756900,1.152535,1.152415,1.15254,1.15239
1785756960,1.152415,1.152415,1.152415,1.152325
1785757020,1.1524,1.152485,1.152485,1.152385
1785757080,1.152485,1.152475,1.152545,1.15244
1785757140,1.152475,1.152415,1.152485,1.152365
1785757200,1.152425,1.15249,1.15249,1.152395
1785757260,1.152485,1.152445,1.152515,1.152425
1785757320,1.15245,1.152465,1.15247,1.152425
1785757380,1.15246,1.15258,1.152605,1.152445
1785757440,1.152575,1.15257,1.15259,1.152525
1785757500,1.152575,1.15263,1.15268,1.15257
1785757560,1.152625,1.15266,1.152695,1.15261
1785757620,1.15266,1.152635,1.15266,1.152625
1785757680,1.15264,1.1527,1.152735,1.15263
1785757740,1.1527,1.152825,1.152825,1.152695
1785757800,1.15283,1.152895,1.15294,1.15271
1785757860,1.1529,1.152895,1.15297,1.15277
1785757920,1.152895,1.152905,1.152935,1.152875
1785757980,1.1529,1.15286,1.1529,1.1528
1785758040,1.15285,1.15286,1.152865,1.15281
1785758100,1.152855,1.15292,1.152925,1.152815
1785758160,1.15292,1.15294,1.152985,1.15292
1785758220,1.152945,1.15308,1.15308,1.152945
1785758280,1.15309,1.1532,1.153225,1.15308
1785758340,1.1532,1.15325,1.15326,1.15318
1785758400,1.153245,1.15329,1.15332,1.1532
1785758460,1.153285,1.15323,1.153325,1.15318
1785758520,1.153225,1.15331,1.15343,1.15321
1785758580,1.15332,1.153195,1.153325,1.15315
1785758640,1.153195,1.153335,1.153375,1.153165
1785758700,1.15332,1.153305,1.153385,1.153275
1785758760,1.1533,1.153335,1.15334,1.153215
1785758820,1.153335,1.153405,1.153425,1.15327
1785758880,1.15341,1.153425,1.15351,1.15337
1785758940,1.153425,1.153445,1.15352,1.15338
1785759000,1.153445,1.15322,1.153515,1.153195
1785759060,1.153225,1.15318,1.153255,1.153175
1785759120,1.153185,1.153245,1.15329,1.15311
1785759180,1.153245,1.153175,1.153245,1.153065
1785759240,1.15318,1.15315,1.15324,1.15307
1785759300,1.153145,1.15319,1.153245,1.153085
1785759360,1.153195,1.153305,1.15331,1.15314
1785759420,1.1533,1.15304,1.153305,1.15303
1785759480,1.153035,1.15313,1.15313,1.15303
1785759540,1.153125,1.15305,1.153165,1.152975
1785759600,1.153045,1.15316,1.15316,1.153035
1785759660,1.153165,1.153105,1.153165,1.15306
1785759720,1.15311,1.15299,1.15312,1.152985
1785759780,1.152995,1.153005,1.15303,1.152965
1785759840,1.153005,1.15305,1.15305,1.1529
1785759900,1.153055,1.1531,1.15315,1.153055
1785759960,1.1531,1.153005,1.1531,1.153
1785760020,1.15301,1.153005,1.153085,1.15298
1785760080,1.153,1.152955,1.153025,1.15294
1785760140,1.15295,1.15297,1.15303,1.15294
1785760200,1.152975,1.153,1.15307,1.152955
1785760260,1.153005,1.15304,1.153075,1.15299
1785760320,1.15303,1.152985,1.153055,1.15293
1785760380,1.15299,1.15315,1.153195,1.15299
1785760440,1.153145,1.153295,1.153325,1.15307
1785760500,1.15329,1.1532,1.1533,1.15316
1785760560,1.153195,1.1531,1.153205,1.153095
1785760620,1.153095,1.15292,1.1531,1.15291
1785760680,1.15292,1.15264,1.15292,1.15262
1785760740,1.152645,1.15279,1.15281,1.152635
1785760800,1.1528,1.15274,1.15284,1.152705
1785760860,1.15274,1.152675,1.152745,1.15266
1785760920,1.152675,1.152635,1.15272,1.15261
1785760980,1.15264,1.15249,1.15265,1.152395
1785761040,1.152495,1.152455,1.15251,1.15245
1785761100,1.15246,1.152465,1.152505,1.15245
1785761160,1.15246,1.15241,1.15249,1.15241
1785761220,1.152415,1.152435,1.15245,1.152335
1785761280,1.15244,1.152505,1.152505,1.152395
1785761340,1.152505,1.1524,1.15253,1.1524
1785761400,1.1524,1.15253,1.15257,1.152365
1785761460,1.152525,1.152595,1.152615,1.15252
1785761520,1.15259,1.1523,1.1526,1.15229
1785761580,1.152295,1.15263,1.152635,1.15227
1785761640,1.152625,1.15266,1.152725,1.152515
1785761700,1.152665,1.15265,1.152695,1.152555
1785761760,1.152645,1.152645,1.152685,1.15261
1785761820,1.15264,1.152735,1.152735,1.15262
1785761880,1.15273,1.152855,1.152885,1.15271
1785761940,1.15286,1.15281,1.152905,1.15274
1785762000,1.152815,1.152905,1.15302,1.15281
1785762060,1.15291,1.153005,1.15305,1.152905
1785762120,1.15301,1.15294,1.153025,1.15289
1785762180,1.152935,1.153,1.153015,1.1529
1785762240,1.153005,1.153115,1.153125,1.152965
1785762300,1.15311,1.15307,1.153215,1.15306
1785762360,1.15307,1.15301,1.15316,1.15301
1785762420,1.153015,1.152905,1.153015,1.15284
1785762480,1.152905,1.153015,1.15308,1.15286
1785762540,1.15301,1.15311,1.15312,1.15299
1785762600,1.15311,1.153145,1.153165,1.15308
1785762660,1.15313,1.15336,1.15336,1.153115
1785762720,1.15336,1.153005,1.15336,1.153005
1785762780,1.15301,1.152945,1.153095,1.152905
1785762840,1.15295,1.15295,1.153005,1.152905
1785762900,1.15296,1.15295,1.153,1.152865
1785762960,1.152955,1.152905,1.15296,1.152795
1785763020,1.15291,1.152735,1.15291,1.15264
1785763080,1.15273,1.152805,1.15283,1.15272
1785763140,1.15281,1.15276,1.15286,1.152745
1785763200,1.152775,1.15294,1.15306,1.152775
1785763260,1.152935,1.152755,1.15297,1.152715
1785763320,1.15276,1.152655,1.152765,1.152535
1785763380,1.15265,1.152585,1.15266,1.152485
1785763440,1.15259,1.15261,1.152615,1.15253
1785763500,1.1526,1.152535,1.15267,1.1525
1785763560,1.15253,1.15264,1.15264,1.152485
1785763620,1.15265,1.152725,1.152765,1.15265
1785763680,1.15273,1.152845,1.15286,1.152715
1785763740,1.15285,1.153155,1.153155,1.152845
1785763800,1.15315,1.15319,1.15322,1.153035
1785763860,1.15319,1.153495,1.15351,1.153135
1785763920,1.15349,1.15332,1.15351,1.153245
1785763980,1.153315,1.15318,1.153395,1.15307
1785764040,1.153175,1.153025,1.15321,1.152975
1785764100,1.15302,1.15297,1.15315,1.152945
1785764160,1.152965,1.152745,1.15297,1.152735
1785764220,1.15275,1.15276,1.15286,1.152725
1785764280,1.152765,1.152605,1.15279,1.152585
1785764340,1.1526,1.15266,1.152725,1.152545
1785764400,1.152655,1.152685,1.152705,1.152545
1785764460,1.15269,1.152775,1.152785,1.152675
1785764520,1.15276,1.15278,1.15288,1.15273
1785764580,1.152775,1.152915,1.15292,1.152775
1785764640,1.152915,1.15274,1.152935,1.152725
1785764700,1.152735,1.152955,1.152955,1.15271
1785764760,1.15295,1.152955,1.153065,1.1529
1785764820,1.15296,1.152805,1.15303,1.152795
1785764880,1.15281,1.152605,1.152915,1.152605
1785764940,1.15261,1.15268,1.15277,1.15257
1785765000,1.152675,1.15263,1.15272,1.15254
1785765060,1.152635,1.15274,1.1528,1.15257
1785765120,1.152745,1.1528,1.152855,1.152725
1785765180,1.152795,1.15251,1.15282,1.1525
1785765240,1.1525,1.152545,1.15259,1.15245
1785765300,1.15255,1.152395,1.152585,1.15239
1785765360,1.15239,1.15224,1.152405,1.15217
1785765420,1.15224,1.152395,1.152415,1.15222
1785765480,1.1524,1.152595,1.152655,1.1524
1785765540,1.1526,1.15276,1.15277,1.15259
1785765600,1.152745,1.152215,1.152745,1.15216
1785765660,1.15222,1.15239,1.15243,1.15219
1785765720,1.152395,1.15266,1.15274,1.152395
1785765780,1.152655,1.152275,1.152735,1.15226
1785765840,1.15227,1.15216,1.15227,1.15202
1785765900,1.152165,1.15229,1.152295,1.15211
1785765960,1.152285,1.152355,1.15236,1.152165
1785766020,1.15235,1.152445,1.152485,1.152285
1785766080,1.15244,1.152315,1.152455,1.152285
1785766140,1.15232,1.15187,1.15236,1.15187
1785766200,1.151885,1.151985,1.152095,1.15184
1785766260,1.15199,1.151845,1.15199,1.151765
1785766320,1.15185,1.151795,1.15188,1.15175
1785766380,1.1518,1.151835,1.151915,1.15169
1785766440,1.15183,1.151635,1.15183,1.15163
1785766500,1.15163,1.15191,1.15191,1.15163
1785766560,1.15192,1.15195,1.15233,1.151905
1785766620,1.15195,1.151755,1.15204,1.151735
1785766680,1.15176,1.151805,1.151885,1.15176
1785766740,1.151805,1.15164,1.151805,1.151615
1785766800,1.15164,1.15191,1.15192,1.15163
1785766860,1.15191,1.1519,1.152005,1.15173
1785766920,1.151905,1.15176,1.15192,1.15171
1785766980,1.151765,1.15176,1.151805,1.15172
1785767040,1.151765,1.1519,1.15209,1.151765
1785767100,1.151895,1.151845,1.15193,1.15179
1785767160,1.15184,1.15188,1.151955,1.15181
1785767220,1.15187,1.151895,1.151945,1.151775
1785767280,1.15189,1.15183,1.151905,1.151755
1785767340,1.151835,1.15153,1.15188,1.151465
1785767400,1.151525,1.15149,1.151605,1.15145
1785767460,1.151485,1.1515,1.151585,1.15147
1785767520,1.151505,1.151555,1.15157,1.15147
1785767580,1.15155,1.15157,1.15176,1.15155
1785767640,1.151575,1.151715,1.151715,1.15155
1785767700,1.15171,1.1517,1.15179,1.15163
1785767760,1.151695,1.15164,1.151705,1.151555
1785767820,1.15164,1.1517,1.151795,1.15161
1785767880,1.151695,1.15164,1.151705,1.151635
1785767940,1.151635,1.15151,1.15167,1.151455
1785768000,1.151515,1.15144,1.15153,1.151395
1785768060,1.151435,1.151345,1.151495,1.15129
1785768120,1.15134,1.15125,1.15138,1.151205
1785768180,1.151245,1.151115,1.15125,1.15102
1785768240,1.15112,1.151375,1.151375,1.151025
1785768300,1.15137,1.151335,1.151385,1.151135
1785768360,1.15134,1.15135,1.15138,1.15127
1785768420,1.15136,1.151205,1.151375,1.151185
1785768480,1.15121,1.151405,1.151445,1.15121
1785768540,1.1514,1.151345,1.151435,1.1513
1785768600,1.15135,1.151455,1.151625,1.15135
1785768660,1.15146,1.15123,1.151485,1.151205
1785768720,1.151235,1.15121,1.1513,1.1512
1785768780,1.15122,1.151285,1.1513,1.15113
1785768840,1.151285,1.15134,1.15135,1.1512
1785768900,1.15135,1.151345,1.151395,1.151295
1785768960,1.15134,1.151285,1.15139,1.151205
1785769020,1.15128,1.15141,1.151475,1.151265
1785769080,1.151415,1.15155,1.1516,1.15141
1785769140,1.151545,1.1514,1.15156,1.151345
1785769200,1.151405,1.151245,1.15143,1.151205
1785769260,1.15125,1.15115,1.15125,1.151115
1785769320,1.151145,1.1512,1.15125,1.15106
1785769380,1.151195,1.15086,1.15121,1.150775
1785769440,1.15087,1.15079,1.15093,1.150775
1785769500,1.150795,1.150965,1.15105,1.15079
1785769560,1.15097,1.1509,1.150985,1.150875
1785769620,1.150905,1.151095,1.15112,1.150895
1785769680,1.151095,1.15096,1.151095,1.15095
1785769740,1.150955,1.150595,1.15097,1.15051
1785769800,1.15059,1.150395,1.15068,1.15035
1785769860,1.15039,1.15039,1.15051,1.15024
1785769920,1.150395,1.150395,1.15042,1.15024
1785769980,1.150395,1.15033,1.150415,1.15029
1785770040,1.150335,1.150325,1.15043,1.150295
1785770100,1.150335,1.15034,1.150445,1.150305
1785770160,1.150335,1.15051,1.150525,1.15033
1785770220,1.150505,1.15034,1.150505,1.15033
1785770280,1.150345,1.15044,1.15046,1.150285
1785770340,1.15044,1.150505,1.15052,1.15041
1785770400,1.15051,1.150505,1.15059,1.15041
1785770460,1.1505,1.15044,1.150515,1.15043
1785770520,1.15045,1.15047,1.1505,1.15044
1785770580,1.15046,1.15059,1.150645,1.15045
1785770640,1.150585,1.150645,1.150725,1.15058
1785770700,1.15065,1.15045,1.150665,1.15044
1785770760,1.15044,1.150515,1.150615,1.1504
1785770820,1.15052,1.15052,1.15057,1.1505
1785770880,1.150515,1.15043,1.150515,1.15038
1785770940,1.150435,1.150405,1.150485,1.15029
1785771000,1.15041,1.150325,1.15046,1.150305
1785771060,1.15033,1.150235,1.15042,1.150215
1785771120,1.15024,1.150285,1.15039,1.150035
1785771180,1.15029,1.15034,1.150365,1.15026
1785771240,1.150345,1.150485,1.150565,1.15029
1785771300,1.15049,1.150425,1.15059,1.15038
1785771360,1.15042,1.15032,1.15042,1.15009
1785771420,1.150325,1.15023,1.15041,1.15021
1785771480,1.150235,1.15053,1.15053,1.15023
1785771540,1.150525,1.15039,1.15053,1.15033
1785771600,1.150385,1.15043,1.15043,1.15035
1785771660,1.150425,1.15036,1.150445,1.150285
1785771720,1.15036,1.15048,1.150525,1.150355
1785771780,1.150475,1.150435,1.150475,1.150315
1785771840,1.15044,1.150345,1.15046,1.150325
1785771900,1.15034,1.150455,1.150535,1.150335
1785771960,1.15045,1.15045,1.150555,1.15033
1785772020,1.150455,1.150485,1.15052,1.150415
1785772080,1.15049,1.15054,1.150565,1.1504
1785772140,1.150545,1.15048,1.15058,1.15036
1785772200,1.15048,1.15053,1.15053,1.15043
1785772260,1.150515,1.15059,1.150655,1.150495
1785772320,1.150585,1.15056,1.150615,1.15053
1785772380,1.150565,1.15065,1.15072,1.150565
1785772440,1.15064,1.150785,1.150785,1.15064
1785772500,1.15078,1.150785,1.150795,1.150695
1785772560,1.150785,1.150865,1.15089,1.150735
1785772620,1.150855,1.150945,1.150945,1.15085
1785772680,1.15093,1.15095,1.15097,1.15089
1785772740,1.15095,1.150955,1.150965,1.150885
1785772800,1.15096,1.150925,1.151005,1.150905
1785772860,1.15092,1.150945,1.15096,1.150885
1785772920,1.150945,1.151045,1.15105,1.15089
1785772980,1.15104,1.15095,1.15105,1.150915
1785773040,1.15095,1.150905,1.150955,1.15084
1785773100,1.15091,1.15094,1.150955,1.15089
1785773160,1.150935,1.15092,1.15099,1.150905
1785773220,1.15092,1.15063,1.15092,1.150625
1785773280,1.150625,1.15065,1.15065,1.15059
1785773340,1.15065,1.150895,1.150905,1.1506
1785773400,1.1509,1.150995,1.151015,1.150895
1785773460,1.150995,1.15103,1.151035,1.150845
1785773520,1.151035,1.15094,1.15105,1.15083
1785773580,1.150945,1.1508,1.15099,1.150765
1785773640,1.150805,1.150825,1.15084,1.150735
1785773700,1.150825,1.15069,1.15083,1.150615
1785773760,1.15069,1.15061,1.150705,1.15059
1785773820,1.150615,1.150635,1.150885,1.15057
1785773880,1.15063,1.150555,1.150645,1.15053
1785773940,1.15055,1.15055,1.15059,1.150465
1785774000,1.15056,1.150765,1.15077,1.150555
1785774060,1.15077,1.150635,1.15077,1.15059
1785774120,1.150635,1.15064,1.150665,1.15062
1785774180,1.15064,1.15062,1.15065,1.15058
1785774240,1.150615,1.150705,1.150705,1.150615
1785774300,1.15071,1.15082,1.15082,1.150695
1785774360,1.15083,1.15071,1.15089,1.150605
1785774420,1.15072,1.150665,1.150745,1.150645
1785774480,1.150665,1.15065,1.150665,1.15059
1785774540,1.15065,1.15056,1.15066,1.15056
1785774600,1.150555,1.15059,1.150615,1.150535
1785774660,1.150585,1.15063,1.150685,1.15058
1785774720,1.15063,1.150515,1.150705,1.150435
1785774780,1.150515,1.150645,1.150665,1.1505
1785774840,1.150645,1.15065,1.15071,1.150585
1785774900,1.15064,1.150645,1.150645,1.150585
1785774960,1.15065,1.15059,1.150715,1.150585
1785775020,1.150585,1.15058,1.15061,1.15058
1785775080,1.15058,1.150655,1.150655,1.15058
1785775140,1.150655,1.15073,1.15073,1.150625
1785775200,1.15074,1.150795,1.1508,1.15074
1785775260,1.15079,1.150795,1.15082,1.15077
1785775320,1.1508,1.15075,1.150805,1.150715
1785775380,1.150755,1.150745,1.15078,1.150655
1785775440,1.15074,1.150715,1.150755,1.150695
1785775500,1.15072,1.15069,1.15076,1.15062
1785775560,1.150685,1.15063,1.15069,1.150605
1785775620,1.150625,1.150585,1.150645,1.150575
1785775680,1.150585,1.15055,1.150585,1.150535
1785775740,1.150545,1.15058,1.15059,1.15051
1785775800,1.15059,1.15066,1.150695,1.150535
1785775860,1.15066,1.15074,1.150795,1.15061
1785775920,1.15074,1.15066,1.15074,1.150655
1785775980,1.15067,1.15068,1.15071,1.150625
1785776040,1.15068,1.150745,1.150745,1.15068
1785776100,1.15074,1.150795,1.15084,1.15066
1785776160,1.1508,1.1508,1.150855,1.15077
1785776220,1.150805,1.1508,1.15084,1.15078
1785776280,1.150795,1.15078,1.1508,1.15073
1785776340,1.150785,1.15069,1.150785,1.150615
1785776400,1.150685,1.15051,1.15069,1.150495
1785776460,1.150505,1.150435,1.15051,1.15041
1785776520,1.150435,1.15044,1.150465,1.1504
1785776580,1.15044,1.150455,1.15047,1.1504
1785776640,1.150455,1.150455,1.15048,1.15041
1785776700,1.150455,1.15045,1.15054,1.150435
1785776760,1.15045,1.15052,1.15056,1.150415
1785776820,1.15052,1.150435,1.15052,1.150405
1785776880,1.15043,1.150405,1.15044,1.15038
1785776940,1.1504,1.15037,1.15042,1.15035
1785777000,1.150375,1.15038,1.15041,1.150315
1785777060,1.150385,1.150355,1.150415,1.15035
1785777120,1.150355,1.15039,1.15041,1.150335
1785777180,1.15039,1.15038,1.150405,1.15035
1785777240,1.150385,1.150385,1.150395,1.150335
1785777300,1.15038,1.1503,1.15038,1.150295
1785777360,1.15031,1.150355,1.150375,1.150305
1785777420,1.15035,1.15028,1.150355,1.150255
1785777480,1.15028,1.15031,1.15031,1.150195
1785777540,1.150305,1.150275,1.15033,1.15027
1785777600,1.15028,1.15032,1.150335,1.15028
1785777660,1.150325,1.150325,1.150325,1.150295
1785777720,1.150325,1.150345,1.150355,1.150325
1785777780,1.150345,1.150295,1.150375,1.15028
1785777840,1.150295,1.15029,1.15033,1.15027
1785777900,1.150295,1.1503,1.150325,1.15029
1785777960,1.1503,1.15029,1.150335,1.150285
1785778020,1.150295,1.15028,1.150335,1.15028
1785778080,1.150285,1.15033,1.150345,1.15028
1785778140,1.15033,1.15035,1.15038,1.15033
1785778200,1.150355,1.15038,1.150445,1.15034
1785778260,1.15038,1.150435,1.150435,1.15032
1785778320,1.15043,1.150375,1.150435,1.150365
1785778380,1.150375,1.150475,1.15048,1.150375
1785778440,1.150475,1.15043,1.150475,1.15043
1785778500,1.150435,1.150435,1.150445,1.15037
1785778560,1.150435,1.15035,1.150465,1.150345
1785778620,1.150345,1.150295,1.15035,1.15029
1785778680,1.150295,1.15032,1.15034,1.150275
1785778740,1.150315,1.15033,1.150335,1.150295
1785778800,1.150335,1.15039,1.1504,1.150335
1785778860,1.15039,1.15034,1.15041,1.15034
1785778920,1.150335,1.15035,1.150385,1.150315
1785778980,1.15035,1.150365,1.150385,1.150345
1785779040,1.150365,1.15038,1.15043,1.150365
1785779100,1.150375,1.150495,1.15054,1.150375
1785779160,1.15049,1.150485,1.150495,1.150425
1785779220,1.15048,1.15059,1.1506,1.15048
1785779280,1.15059,1.15058,1.15059,1.150525
1785779340,1.15058,1.150485,1.15058,1.150485
1785779400,1.15049,1.1504,1.150495,1.150395
1785779460,1.1504,1.15043,1.15043,1.150365
1785779520,1.15043,1.150305,1.150435,1.1503
1785779580,1.1503,1.150295,1.150345,1.15028
1785779640,1.150295,1.150305,1.15033,1.15028
1785779700,1.150305,1.15029,1.150365,1.15028
1785779760,1.15029,1.15026,1.150295,1.15025
1785779820,1.150255,1.150205,1.15026,1.150135
1785779880,1.15021,1.150185,1.150225,1.15016
1785779940,1.15019,1.150205,1.15021,1.15015
1785780000,1.15021,1.15023,1.150235,1.150165
1785780060,1.150225,1.150245,1.15026,1.150155
1785780120,1.150245,1.15029,1.150295,1.15019
1785780180,1.15029,1.15025,1.150295,1.150245
1785780240,1.15025,1.15026,1.150295,1.15023
1785780300,1.15026,1.150295,1.150345,1.15025
1785780360,1.150295,1.15031,1.150355,1.150295
1785780420,1.150315,1.15034,1.150355,1.150305
1785780480,1.150335,1.15041,1.15041,1.15033
1785780540,1.150405,1.150555,1.15056,1.1504
1785780600,1.15056,1.150505,1.150645,1.150505
1785780660,1.1505,1.15046,1.150505,1.15046
1785780720,1.15046,1.150495,1.150505,1.150455
1785780780,1.150495,1.15051,1.15054,1.15049
1785780840,1.15051,1.15051,1.15054,1.15049
1785780900,1.15051,1.15064,1.150645,1.15051
1785780960,1.150645,1.15076,1.150765,1.150645
1785781020,1.15076,1.150805,1.150805,1.15076
1785781080,1.150805,1.150955,1.150965,1.150805
1785781140,1.150955,1.15095,1.150975,1.150925
1785781200,1.150955,1.150955,1.15097,1.150895
1785781260,1.15095,1.151005,1.151015,1.15091
1785781320,1.151005,1.15096,1.151015,1.150935
1785781380,1.15096,1.15095,1.15096,1.150925
1785781440,1.150955,1.15089,1.15096,1.15088
1785781500,1.15089,1.15091,1.15091,1.15087
1785781560,1.150905,1.15099,1.15102,1.150865
1785781620,1.15099,1.150905,1.15101,1.150895
1785781680,1.150905,1.150935,1.150985,1.150895
1785781740,1.150935,1.15095,1.150955,1.15093
1785781800,1.150945,1.150985,1.15101,1.15093
1785781860,1.15099,1.151035,1.151055,1.15096
1785781920,1.151035,1.150985,1.151035,1.150975
1785781980,1.150985,1.15099,1.151005,1.150975
1785782040,1.150995,1.15095,1.151025,1.15094
1785782100,1.150945,1.150985,1.151005,1.150945
1785782160,1.15098,1.150885,1.150985,1.150835
1785782220,1.15088,1.15089,1.150915,1.150845
1785782280,1.150895,1.1509,1.1509,1.150845
1785782340,1.1509,1.15089,1.15094,1.15088
1785782400,1.150895,1.15091,1.15091,1.15089
1785782460,1.15091,1.15095,1.150955,1.15088
1785782520,1.15096,1.151115,1.15112,1.150955
1785782580,1.151115,1.151175,1.15119,1.15107
1785782640,1.15118,1.151185,1.151225,1.15113
1785782700,1.15118,1.1512,1.15121,1.15114
1785782760,1.151205,1.151145,1.151235,1.151115
1785782820,1.151145,1.151155,1.151205,1.15113
1785782880,1.151155,1.151195,1.1512,1.151155
1785782940,1.151195,1.1513,1.151305,1.15119
1785783000,1.151295,1.151305,1.15132,1.15125
1785783060,1.151305,1.151345,1.15137,1.1513
1785783120,1.15135,1.15142,1.15145,1.15135
1785783180,1.151415,1.151365,1.15145,1.151365
1785783240,1.151365,1.151405,1.151425,1.15136
1785783300,1.15141,1.1514,1.15145,1.151385
1785783360,1.151405,1.151365,1.15141,1.15126
1785783420,1.151365,1.151435,1.15148,1.151345
1785783480,1.15143,1.15141,1.151465,1.15138
1785783540,1.151415,1.151365,1.151465,1.151355
1785783600,1.15136,1.1514,1.15143,1.1513
1785783660,1.151405,1.1514,1.151475,1.15136
1785783720,1.1514,1.15137,1.151455,1.15134
1785783780,1.151365,1.151395,1.15141,1.151305
1785783840,1.1514,1.15146,1.151465,1.15139
1785783900,1.151455,1.15147,1.151475,1.151445
1785783960,1.15147,1.151415,1.15147,1.15141
1785784020,1.151415,1.15135,1.15143,1.15135
1785784080,1.15135,1.151395,1.151395,1.15127
1785784140,1.1514,1.151345,1.1514,1.151315
1785784200,1.15135,1.151355,1.15136,1.15129
1785784260,1.151355,1.151365,1.151385,1.151345
1785784320,1.151365,1.15136,1.15142,1.15135
1785784380,1.151355,1.151355,1.15137,1.151345
1785784440,1.151355,1.151365,1.151385,1.151305
1785784500,1.15136,1.151345,1.15137,1.151305
1785784560,1.15135,1.15134,1.1514,1.15133
1785784620,1.151345,1.15134,1.151375,1.15134
1785784680,1.15134,1.151295,1.15134,1.151295
1785784740,1.151295,1.15126,1.1513,1.151235
1785784800,1.15126,1.15128,1.151335,1.15124
1785784860,1.151285,1.1513,1.1513,1.151255
1785784920,1.1513,1.151225,1.151325,1.151225
1785784980,1.151225,1.151295,1.1513,1.151225
1785785040,1.151295,1.15131,1.15132,1.15128
1785785100,1.15131,1.15131,1.15135,1.15128
1785785160,1.15131,1.15128,1.151315,1.15128
1785785220,1.151285,1.151305,1.15133,1.151245
1785785280,1.151315,1.151305,1.151345,1.151295
1785785340,1.1513,1.151235,1.151305,1.15123
1785785400,1.15124,1.151185,1.15125,1.151185
1785785460,1.151185,1.151195,1.151205,1.151175
1785785520,1.151195,1.15117,1.151195,1.151095
1785785580,1.15117,1.15122,1.15124,1.15117
1785785640,1.151225,1.15124,1.151245,1.15119
1785785700,1.15125,1.151285,1.15129,1.15125
1785785760,1.15129,1.15123,1.151295,1.15121
1785785820,1.15123,1.15125,1.15127,1.15122
1785785880,1.15125,1.151195,1.151255,1.151195
1785785940,1.1512,1.15121,1.15125,1.151195
1785786000,1.15121,1.151265,1.15129,1.1512
1785786060,1.15127,1.151185,1.151305,1.151185
1785786120,1.151195,1.151235,1.151235,1.151185
1785786180,1.15123,1.15122,1.15124,1.1512
1785786240,1.15122,1.15126,1.151305,1.15122
1785786300,1.151255,1.15121,1.15126,1.151205
1785786360,1.15121,1.151165,1.15121,1.151155
1785786420,1.151165,1.151225,1.15123,1.151165
1785786480,1.151225,1.15126,1.15126,1.151215
1785786540,1.151265,1.15129,1.15129,1.15125
1785786600,1.151295,1.15125,1.151295,1.15124
1785786660,1.15125,1.15124,1.151255,1.151235
1785786720,1.151245,1.151205,1.151255,1.151205
1785786780,1.151205,1.151185,1.151215,1.151185
1785786840,1.151185,1.151185,1.151195,1.151165
1785786900,1.151185,1.151115,1.1512,1.15108
1785786960,1.15111,1.151105,1.15112,1.151075
1785787020,1.15111,1.15106,1.151135,1.15099
1785787080,1.151055,1.15099,1.151055,1.150945
1785787140,1.150985,1.15103,1.15105,1.150985
1785787200,1.151025,1.151005,1.151025,1.15099
1785787260,1.151005,1.150985,1.15101,1.150925
1785787320,1.150985,1.15106,1.15108,1.150985
1785787380,1.151065,1.15104,1.15108,1.15099
1785787440,1.15104,1.151045,1.151075,1.15104
1785787500,1.15104,1.15098,1.15105,1.150975
1785787560,1.15098,1.15099,1.150995,1.15098
1785787620,1.15099,1.151035,1.151045,1.150985
1785787680,1.151035,1.15094,1.151035,1.15094
1785787740,1.15094,1.150945,1.150945,1.150935
1785787800,1.150955,1.150995,1.151005,1.150945
1785787860,1.150995,1.150795,1.150995,1.150695
1785787920,1.150795,1.150895,1.150905,1.15079
1785787980,1.150895,1.150895,1.150895,1.150895
1785788040,1.15088,1.150755,1.150925,1.150755
1785788100,1.15076,1.150685,1.150765,1.150635
1785788160,1.150685,1.150695,1.15072,1.150685
1785788220,1.15071,1.150705,1.150715,1.15069
1785788280,1.150705,1.150695,1.150705,1.150685
1785788340,1.150695,1.150745,1.15076,1.150695
1785788400,1.150745,1.150745,1.15077,1.150735
1785788460,1.150745,1.150745,1.150745,1.150745
1785788520,1.150745,1.150745,1.15076,1.150745
1785788580,1.150745,1.15074,1.150755,1.15074
1785788640,1.15074,1.150925,1.150925,1.15068
1785788700,1.150905,1.15075,1.15091,1.150745
1785788760,1.150745,1.15078,1.150785,1.150735
1785788820,1.15078,1.150725,1.150785,1.15072
1785788880,1.150725,1.150705,1.15073,1.15068
1785788940,1.15071,1.15074,1.15074,1.150625
1785789000,1.150745,1.150865,1.150875,1.150705
1785789060,1.15086,1.15089,1.150905,1.15086
1785789120,1.15089,1.150885,1.150895,1.150885
1785789180,1.150885,1.150915,1.150915,1.150855
1785789240,1.150915,1.15093,1.15093,1.150915
1785789300,1.150925,1.150945,1.150955,1.150915
1785789360,1.15094,1.150955,1.150975,1.150915
1785789420,1.150945,1.150945,1.15096,1.150935
1785789480,1.15096,1.15091,1.15098,1.1509
1785789540,1.15091,1.15087,1.15091,1.15086
1785789600,1.150865,1.150895,1.1509,1.150855
1785789660,1.150895,1.150945,1.15096,1.15089
1785789720,1.150945,1.15094,1.15095,1.150935
1785789780,1.150935,1.150935,1.15094,1.150915
1785789840,1.150935,1.15094,1.15094,1.15093
1785789900,1.150945,1.150895,1.15097,1.150885
1785789960,1.150895,1.150945,1.150945,1.15089
1785790020,1.150945,1.150945,1.15095,1.150935
1785790080,1.150945,1.150945,1.150945,1.150935
1785790140,1.15094,1.15094,1.15095,1.150935
1785790200,1.150945,1.150865,1.15095,1.150865
1785790260,1.150865,1.150845,1.150875,1.15083
1785790320,1.15085,1.15081,1.150865,1.15081
1785790380,1.150815,1.150845,1.15087,1.150815
1785790440,1.150845,1.150845,1.15085,1.15084
1785790500,1.15085,1.150885,1.15089,1.150835
1785790560,1.15089,1.150905,1.150905,1.15087
1785790620,1.1509,1.150885,1.15092,1.150875
1785790680,1.15088,1.15084,1.150885,1.150825
1785790740,1.150835,1.15084,1.15086,1.150835
1785790800,1.15084,1.15114,1.15114,1.15084
1785790860,1.15114,1.151265,1.151335,1.15106
1785790920,1.151265,1.151245,1.151285,1.15107
1785790980,1.151245,1.15118,1.151245,1.151125
1785791040,1.15112,1.151185,1.15119,1.151085
1785791100,1.151185,1.151055,1.151185,1.150945
1785791160,1.151055,1.15113,1.151135,1.151
1785791220,1.15113,1.15113,1.15113,1.15111
1785791280,1.15112,1.151105,1.15114,1.151085
1785791340,1.15111,1.151175,1.151175,1.151085
1785791400,1.151115,1.151115,1.151115,1.151045
1785791460,1.151115,1.15116,1.15117,1.15109
1785791520,1.15116,1.15108,1.15116,1.151065
1785791580,1.151115,1.151115,1.151155,1.151055
1785791640,1.151145,1.151045,1.15116,1.151015
1785791700,1.15069,1.15075,1.15078,1.150685
1785791760,1.15076,1.15094,1.15096,1.15075
1785791820,1.150955,1.15093,1.150955,1.150845
1785791880,1.150945,1.15097,1.15097,1.150855
1785791940,1.150955,1.150945,1.15097,1.150925
1785792000,1.15094,1.150925,1.150965,1.150925
1785792060,1.150925,1.150935,1.15098,1.15091
1785792120,1.15097,1.15098,1.151005,1.150935
1785792180,1.15098,1.15111,1.151165,1.150935
1785792240,1.15111,1.15101,1.15111,1.15094
1785792300,1.15101,1.15099,1.151025,1.150975
1785792360,1.15099,1.150985,1.15101,1.15095
1785792420,1.150985,1.151045,1.151045,1.150965
1785792480,1.15105,1.15101,1.15105,1.151005
1785792540,1.15101,1.151035,1.151055,1.151005
1785792600,1.15103,1.150965,1.151065,1.150945
1785792660,1.150955,1.15096,1.151,1.150935
1785792720,1.15096,1.150975,1.15099,1.15092
1785792780,1.150975,1.15097,1.151,1.150945
1785792840,1.150955,1.15097,1.150975,1.150925
1785792900,1.15097,1.15095,1.15099,1.15094
1785792960,1.150945,1.15096,1.150985,1.150935
1785793020,1.15095,1.150965,1.15102,1.150935
1785793080,1.15096,1.150955,1.15101,1.15094
1785793140,1.150955,1.150995,1.151075,1.15092
1785793200,1.150985,1.150955,1.151055,1.15094
1785793260,1.15096,1.15099,1.151,1.150945
1785793320,1.15099,1.150985,1.151,1.150945
1785793380,1.15098,1.150975,1.150985,1.15096
1785793440,1.150975,1.150965,1.150995,1.150955
1785793500,1.150965,1.150985,1.151,1.150945
1785793560,1.15099,1.151005,1.15101,1.150985
1785793620,1.151005,1.15102,1.15103,1.151005
1785793680,1.15102,1.15099,1.15102,1.15099
1785793740,1.15099,1.150995,1.151025,1.15099
1785793800,1.150995,1.150975,1.151225,1.150955
1785793860,1.150975,1.150975,1.15104,1.150975
1785793920,1.150975,1.150985,1.151085,1.150975
1785793980,1.150985,1.15096,1.15104,1.15096
1785794040,1.15096,1.15097,1.15101,1.15096
1785794100,1.15097,1.151065,1.15113,1.15096
1785794160,1.151065,1.15107,1.151095,1.151025
1785794220,1.15107,1.151075,1.151105,1.15104
1785794280,1.151075,1.151065,1.1511,1.15104
1785794340,1.15107,1.151165,1.15122,1.15107
1785794400,1.15119,1.151025,1.15119,1.150945
1785794460,1.151025,1.150955,1.151085,1.150955
1785794520,1.150955,1.150795,1.15096,1.150795
1785794580,1.150795,1.15072,1.150795,1.150705
1785794640,1.15072,1.150775,1.150775,1.15072
1785794700,1.150775,1.15077,1.150775,1.15076
1785794760,1.15077,1.15077,1.15077,1.15077
1785794820,1.15077,1.15077,1.150775,1.15073
1785794880,1.15077,1.15077,1.15077,1.15077
1785794940,1.15078,1.15077,1.1508,1.15076
1785795000,1.15077,1.15079,1.15079,1.15071
1785795060,1.150805,1.15083,1.15084,1.150795
1785795120,1.150825,1.150755,1.150835,1.150755
1785795180,1.150775,1.15071,1.15078,1.15071
1785795240,1.15071,1.150735,1.150735,1.15069
1785795300,1.150735,1.15073,1.15074,1.15069
1785795360,1.15073,1.15076,1.15076,1.15073
1785795420,1.150765,1.15083,1.15083,1.15076
1785795480,1.150835,1.150815,1.150835,1.150805
1785795540,1.15083,1.150795,1.15083,1.150785
1785795600,1.1508,1.150785,1.15081,1.150785
1785795660,1.15079,1.15077,1.15079,1.150765
1785795720,1.15077,1.15079,1.1508,1.15077
1785795780,1.15079,1.150785,1.15079,1.150785
1785795840,1.150785,1.150785,1.15079,1.15078
1785795900,1.150785,1.15076,1.15079,1.15076
1785795960,1.15076,1.15074,1.15077,1.15073
1785796020,1.15074,1.150735,1.150755,1.15073
1785796080,1.150735,1.150695,1.150735,1.150695
1785796140,1.150695,1.150705,1.15071,1.150695
1785796200,1.150705,1.15074,1.15074,1.150685
1785796260,1.15074,1.150805,1.15081,1.15074
1785796320,1.150805,1.1508,1.150815,1.15079
1785796380,1.1508,1.150795,1.150805,1.150795
1785796440,1.150795,1.150745,1.1508,1.150745
1785796500,1.15075,1.15079,1.15079,1.15075
1785796560,1.15079,1.15074,1.150795,1.150735
1785796620,1.15074,1.15074,1.15074,1.15074
1785796680,1.15074,1.15074,1.150745,1.150735
1785796740,1.15074,1.150735,1.15074,1.150735
1785796800,1.150735,1.150745,1.150745,1.150735
1785796860,1.150745,1.150835,1.15084,1.150745
1785796920,1.150835,1.15083,1.15084,1.150825
1785796980,1.15084,1.15084,1.150865,1.15083
1785797040,1.15084,1.150805,1.15084,1.150805
1785797100,1.150805,1.150815,1.15083,1.15078
1785797160,1.15082,1.150815,1.150835,1.15081
1785797220,1.150815,1.150815,1.15083,1.150815
1785797280,1.150815,1.15082,1.150825,1.150795
1785797340,1.15082,1.15086,1.15087,1.15082
1785797400,1.15086,1.15086,1.15087,1.15084
1785797460,1.150865,1.150885,1.150885,1.150845
1785797520,1.150885,1.15094,1.15094,1.150885
1785797580,1.150935,1.15094,1.15096,1.150935
1785797640,1.150945,1.150935,1.15095,1.150935
1785797700,1.150935,1.150865,1.150935,1.150865
1785797760,1.150865,1.150875,1.150875,1.150865
1785797820,1.150875,1.150865,1.150875,1.150865
1785797880,1.150865,1.150885,1.15089,1.150855
1785797940,1.150885,1.15089,1.15089,1.150885
1785798000,1.15089,1.150895,1.150905,1.15089
1785798060,1.150895,1.150845,1.150945,1.150835
1785798120,1.150845,1.15083,1.150845,1.15083
1785798180,1.15083,1.15083,1.150835,1.15083
1785798240,1.15083,1.150835,1.150835,1.150825
1785798300,1.150835,1.150875,1.150885,1.150835
1785798360,1.150885,1.150915,1.150935,1.150885
1785798420,1.150915,1.15091,1.15092,1.15091
1785798480,1.15091,1.15088,1.150915,1.150875
1785798540,1.15088,1.150895,1.150895,1.15088
1785798600,1.150895,1.150915,1.150925,1.15088
1785798660,1.150915,1.1509,1.150925,1.150895
1785798720,1.1509,1.150935,1.15095,1.1509
1785798780,1.150935,1.15099,1.15099,1.15092
1785798840,1.15099,1.15099,1.150995,1.150985
1785798900,1.150985,1.151,1.15101,1.150985
1785798960,1.150995,1.15103,1.15103,1.150995
1785799020,1.15103,1.15101,1.15103,1.151005
1785799080,1.15101,1.151,1.15104,1.15099
1785799140,1.151,1.15098,1.151,1.15096
1785799200,1.15098,1.15096,1.150985,1.15095
1785799260,1.150965,1.15097,1.15097,1.15096
1785799320,1.150975,1.150965,1.15099,1.15096
1785799380,1.15096,1.15096,1.15097,1.15096
1785799440,1.15096,1.15093,1.15096,1.15093
1785799500,1.15093,1.15094,1.15094,1.15091
1785799560,1.15094,1.151,1.151,1.15093
1785799620,1.151,1.150995,1.151,1.150995
1785799680,1.150995,1.15095,1.150995,1.15094
1785799740,1.15095,1.15094,1.15095,1.15094
1785799800,1.15094,1.150945,1.150945,1.150935
1785799860,1.15094,1.150925,1.15094,1.150915
1785799920,1.150925,1.15093,1.15094,1.150895
1785799980,1.15093,1.150935,1.15094,1.15093
1785800040,1.150935,1.150935,1.15095,1.15093
1785800100,1.150935,1.15084,1.150935,1.15084
1785800160,1.15084,1.15083,1.150845,1.15077
1785800220,1.15083,1.15084,1.15084,1.150815
1785800280,1.15084,1.150845,1.150845,1.150835
1785800340,1.150845,1.150845,1.150875,1.150845
1785800400,1.150845,1.150835,1.150855,1.15083
1785800460,1.150835,1.15075,1.15084,1.150735
1785800520,1.15075,1.15076,1.150765,1.150745
1785800580,1.15076,1.150775,1.150825,1.150755
1785800640,1.150775,1.15079,1.15081,1.150765
1785800700,1.15079,1.150765,1.15079,1.150765
1785800760,1.15076,1.150715,1.15076,1.15064
1785800820,1.15074,1.150765,1.15081,1.150705
1785800880,1.15077,1.15076,1.1508,1.150715
1785800940,1.15076,1.150765,1.15078,1.150755
1785801000,1.15076,1.150735,1.15081,1.150725
1785801060,1.150735,1.15069,1.15075,1.15069
1785801120,1.15069,1.150695,1.150725,1.150685
1785801180,1.150695,1.15069,1.150695,1.15066
1785801240,1.15069,1.150665,1.150695,1.15064
1785801300,1.150665,1.15068,1.15069,1.15064
1785801360,1.150675,1.150715,1.150715,1.150675
1785801420,1.150715,1.150735,1.150745,1.15071
1785801480,1.15073,1.1507,1.150735,1.15068
1785801540,1.150695,1.1507,1.150705,1.150685
1785801600,1.150705,1.150775,1.150815,1.15069
1785801660,1.15075,1.151015,1.151015,1.150745
1785801720,1.15102,1.15098,1.15102,1.150915
1785801780,1.15098,1.150995,1.150995,1.150895
1785801840,1.150995,1.15103,1.151145,1.15098
1785801900,1.151035,1.150975,1.151035,1.15092
1785801960,1.150975,1.15097,1.151005,1.15095
1785802020,1.150965,1.15108,1.151095,1.15095
1785802080,1.151075,1.151145,1.15119,1.15106
1785802140,1.15114,1.151295,1.151295,1.151125
1785802200,1.151295,1.151145,1.15138,1.151125
1785802260,1.151145,1.15109,1.151145,1.15104
1785802320,1.15109,1.151065,1.151145,1.151045
1785802380,1.151065,1.150995,1.151065,1.150985
1785802440,1.150985,1.150975,1.150995,1.15092
1785802500,1.150975,1.150955,1.151015,1.150945
1785802560,1.150955,1.151025,1.151045,1.150955
1785802620,1.151025,1.150975,1.151025,1.15095
1785802680,1.150975,1.151075,1.151125,1.15097
1785802740,1.15107,1.15109,1.15111,1.15106
1785802800,1.151095,1.15113,1.15118,1.151065
1785802860,1.15113,1.1512,1.151235,1.15109
1785802920,1.1512,1.151145,1.1512,1.151135
1785802980,1.151145,1.151205,1.15124,1.15114
1785803040,1.1512,1.1512,1.15123,1.15114
1785803100,1.15119,1.151185,1.151205,1.15116
1785803160,1.151185,1.151195,1.151245,1.15118
1785803220,1.151195,1.15115,1.151215,1.151135
1785803280,1.15115,1.15124,1.15124,1.15115
1785803340,1.151225,1.151185,1.151245,1.151165
1785803400,1.15119,1.151125,1.15123,1.151095
1785803460,1.15113,1.151135,1.15115,1.151115
1785803520,1.151135,1.151195,1.151215,1.15111
1785803580,1.151195,1.151335,1.15136,1.151195
1785803640,1.151335,1.151365,1.151395,1.151305
1785803700,1.151365,1.151285,1.151365,1.15128
1785803760,1.151285,1.15131,1.15132,1.15127
1785803820,1.151305,1.15132,1.151345,1.1513
1785803880,1.15132,1.151355,1.15139,1.15131
1785803940,1.151355,1.151445,1.1515,1.151355
1785804000,1.151445,1.151285,1.15145,1.151275
1785804060,1.15128,1.151355,1.151355,1.15128
1785804120,1.151355,1.1513,1.151395,1.15129
1785804180,1.1513,1.15126,1.151315,1.151215
1785804240,1.15126,1.151255,1.151295,1.15125
1785804300,1.15126,1.151205,1.15126,1.151165
1785804360,1.151205,1.15114,1.151235,1.15114
1785804420,1.15114,1.15104,1.151155,1.15104
1785804480,1.151045,1.15101,1.15108,1.150985
1785804540,1.151005,1.150975,1.15101,1.150945
1785804600,1.15098,1.150945,1.15098,1.15093
1785804660,1.15094,1.1509,1.15095,1.150895
1785804720,1.1509,1.150885,1.1509,1.150855
1785804780,1.15088,1.150905,1.151075,1.15087
1785804840,1.150905,1.150985,1.15101,1.150835
1785804900,1.15099,1.150855,1.151,1.150855
1785804960,1.15086,1.15059,1.15086,1.150585
1785805020,1.150595,1.150595,1.15064,1.150485
1785805080,1.150605,1.150655,1.150655,1.150525
1785805140,1.15065,1.150565,1.150665,1.150515
1785805200,1.15056,1.150405,1.15056,1.150365
1785805260,1.1504,1.15024,1.150405,1.15022
1785805320,1.150245,1.15033,1.15037,1.150235
1785805380,1.150325,1.150345,1.15041,1.150275
1785805440,1.150345,1.15042,1.15043,1.150345
1785805500,1.150425,1.15043,1.1505,1.150385
1785805560,1.150425,1.15035,1.15045,1.150335
1785805620,1.150345,1.150435,1.150435,1.15033
1785805680,1.15044,1.15049,1.15051,1.15044
1785805740,1.150485,1.150395,1.15049,1.150385
1785805800,1.150395,1.150485,1.150535,1.150385
1785805860,1.15049,1.15049,1.150525,1.150455
1785805920,1.150485,1.15054,1.15054,1.15044
1785805980,1.15054,1.150585,1.150585,1.15054
1785806040,1.150585,1.150495,1.150585,1.150495
1785806100,1.15051,1.15049,1.15059,1.15049
1785806160,1.15049,1.150535,1.15056,1.15049
1785806220,1.150535,1.150705,1.150705,1.15053
1785806280,1.150705,1.15079,1.150805,1.150695
1785806340,1.15079,1.150845,1.150855,1.15079
1785806400,1.15084,1.15089,1.15091,1.15084
1785806460,1.15089,1.15084,1.150915,1.15082
1785806520,1.15084,1.15077,1.150845,1.15074
1785806580,1.15077,1.150845,1.150855,1.150765
1785806640,1.150845,1.150865,1.150885,1.150835
1785806700,1.150865,1.150905,1.150935,1.150855
1785806760,1.150895,1.150895,1.150915,1.150835
1785806820,1.150895,1.150885,1.150935,1.150845
1785806880,1.150875,1.1509,1.150915,1.15087
1785806940,1.15089,1.15083,1.15089,1.150785
1785807000,1.150835,1.151035,1.151045,1.150825
1785807060,1.15104,1.151125,1.15113,1.150985
1785807120,1.15112,1.151105,1.151205,1.15109
1785807180,1.15111,1.151165,1.151195,1.151105
1785807240,1.15116,1.151195,1.151235,1.151155
1785807300,1.1512,1.151085,1.15123,1.151075
1785807360,1.151085,1.15111,1.15115,1.151085
1785807420,1.151105,1.151125,1.15115,1.151095
1785807480,1.15113,1.151135,1.15115,1.151085
1785807540,1.151135,1.1512,1.151215,1.151125
1785807600,1.151195,1.15128,1.15129,1.151165
1785807660,1.15128,1.1513,1.151325,1.151245
1785807720,1.151305,1.151285,1.15132,1.15127
1785807780,1.151285,1.151325,1.151325,1.151265
1785807840,1.151325,1.151435,1.151445,1.151285
1785807900,1.151435,1.15139,1.15145,1.151355
1785807960,1.151385,1.151405,1.15145,1.151375
1785808020,1.1514,1.15141,1.151455,1.1514
1785808080,1.151415,1.151325,1.151415,1.15129
1785808140,1.151325,1.151295,1.15135,1.151285
1785808200,1.151295,1.151215,1.15133,1.1512
1785808260,1.15121,1.151325,1.151335,1.1512
1785808320,1.15133,1.151335,1.15138,1.15128
1785808380,1.151335,1.151315,1.15136,1.151275
1785808440,1.151315,1.15134,1.15134,1.15129
1785808500,1.151345,1.151375,1.151405,1.151325
1785808560,1.15138,1.15129,1.151385,1.15129
1785808620,1.151285,1.151315,1.151335,1.151275
1785808680,1.15131,1.151285,1.151325,1.151275
1785808740,1.151285,1.151235,1.1513,1.15122
1785808800,1.15123,1.151285,1.151335,1.151225
1785808860,1.15128,1.15131,1.151315,1.1512
1785808920,1.151305,1.151245,1.151385,1.15124
1785808980,1.15125,1.15106,1.151265,1.15106
1785809040,1.151065,1.150975,1.151135,1.150975
1785809100,1.150975,1.15096,1.150995,1.150945
1785809160,1.15096,1.15103,1.15105,1.15096
1785809220,1.151035,1.15113,1.15116,1.151035
1785809280,1.15113,1.1512,1.151265,1.151125
1785809340,1.1512,1.15117,1.151205,1.151155
1785809400,1.15117,1.15112,1.1512,1.151075
1785809460,1.151115,1.151245,1.151265,1.151105
1785809520,1.15125,1.15135,1.151355,1.151195
1785809580,1.151335,1.15134,1.151345,1.151305
1785809640,1.151335,1.151225,1.15134,1.151225
1785809700,1.151225,1.151285,1.151295,1.151205
1785809760,1.151285,1.151285,1.15129,1.15123
1785809820,1.151285,1.15125,1.15129,1.15125
1785809880,1.15125,1.151285,1.151285,1.151235
1785809940,1.15129,1.151195,1.151295,1.151195
1785810000,1.151195,1.151225,1.151235,1.151195
1785810060,1.151225,1.151135,1.151225,1.151115
1785810120,1.151135,1.151075,1.151135,1.151065
1785810180,1.151075,1.151055,1.151115,1.15105
1785810240,1.151055,1.15092,1.151055,1.15092
1785810300,1.150935,1.150985,1.151005,1.150925
1785810360,1.151,1.150885,1.151035,1.150885
1785810420,1.150885,1.150865,1.1509,1.150835
1785810480,1.150855,1.150885,1.150885,1.15078
1785810540,1.150885,1.15093,1.150965,1.150885
1785810600,1.150935,1.150975,1.15101,1.150925
1785810660,1.150985,1.15092,1.151015,1.150915
1785810720,1.150915,1.150935,1.150935,1.150915
1785810780,1.150935,1.150925,1.15096,1.15088
1785810840,1.15093,1.15099,1.15099,1.15092
1785810900,1.15099,1.150965,1.15101,1.150955
1785810960,1.15097,1.151,1.151005,1.150955
1785811020,1.151005,1.15107,1.15107,1.150995
1785811080,1.151075,1.15116,1.15118,1.151065
1785811140,1.15116,1.151125,1.15119,1.151125
1785811200,1.151125,1.15113,1.15115,1.151115
1785811260,1.15113,1.151085,1.151135,1.15104
1785811320,1.15109,1.151065,1.151095,1.15103
1785811380,1.15107,1.151055,1.15109,1.151035
1785811440,1.15106,1.151135,1.151155,1.151055
1785811500,1.151135,1.151135,1.15115,1.15111
1785811560,1.151135,1.15122,1.151225,1.151135
1785811620,1.15122,1.151195,1.15123,1.15116
1785811680,1.151195,1.15119,1.15126,1.15119
1785811740,1.15118,1.15117,1.151195,1.151145
1785811800,1.151175,1.151185,1.151195,1.151155
1785811860,1.15118,1.151125,1.15119,1.15106
1785811920,1.15113,1.15113,1.151145,1.15106
1785811980,1.15112,1.151135,1.15114,1.15111
1785812040,1.15114,1.151065,1.15116,1.15106
1785812100,1.151065,1.151025,1.151065,1.151025
1785812160,1.15103,1.150955,1.151035,1.150955
1785812220,1.150955,1.15093,1.150985,1.15092
1785812280,1.150935,1.15086,1.150945,1.15084
1785812340,1.150865,1.150815,1.150865,1.150765
1785812400,1.150805,1.15111,1.151125,1.150805
1785812460,1.151105,1.15103,1.15111,1.150995
1785812520,1.15103,1.15101,1.151045,1.151
1785812580,1.151005,1.15094,1.151005,1.150925
1785812640,1.15094,1.15089,1.15095,1.150855
1785812700,1.150885,1.15082,1.150895,1.150805
1785812760,1.15082,1.150805,1.150835,1.150765
1785812820,1.150805,1.150895,1.150895,1.150805
1785812880,1.150895,1.150845,1.15091,1.150835
1785812940,1.150845,1.150885,1.150895,1.150845
1785813000,1.150885,1.150955,1.150965,1.150885
1785813060,1.150955,1.150985,1.151,1.15094
1785813120,1.15097,1.15098,1.150985,1.150935
1785813180,1.150975,1.150935,1.150995,1.150935
1785813240,1.150935,1.150935,1.15095,1.15092
1785813300,1.150935,1.151065,1.15108,1.150925
1785813360,1.151065,1.151095,1.151105,1.151045
1785813420,1.151085,1.151095,1.151095,1.151055
1785813480,1.151095,1.15107,1.151115,1.151065
1785813540,1.15107,1.151065,1.15107,1.151065
1785813600,1.151065,1.15112,1.151175,1.151065
1785813660,1.151125,1.15115,1.151185,1.151095
1785813720,1.151155,1.151175,1.151175,1.151115
1785813780,1.151175,1.151175,1.1512,1.151135
1785813840,1.15117,1.15118,1.15119,1.15114
1785813900,1.151185,1.15119,1.15121,1.151175
1785813960,1.15119,1.151185,1.15122,1.15118
1785814020,1.15118,1.151215,1.151255,1.151175
1785814080,1.151215,1.151235,1.15125,1.15116
1785814140,1.151245,1.151215,1.151255,1.151195
1785814200,1.151205,1.151235,1.151235,1.151185
1785814260,1.151225,1.151235,1.151275,1.151175
1785814320,1.151235,1.151175,1.151255,1.151175
1785814380,1.15118,1.151155,1.15118,1.151125
1785814440,1.15116,1.151225,1.151235,1.15116
1785814500,1.15122,1.151205,1.151415,1.151185
1785814560,1.15121,1.15122,1.151245,1.15118
1785814620,1.151215,1.15121,1.15123,1.151155
1785814680,1.151205,1.151095,1.151205,1.151075
1785814740,1.151105,1.15092,1.151105,1.15092
1785814800,1.15092,1.15083,1.150925,1.150825
1785814860,1.150835,1.150815,1.15087,1.15081
1785814920,1.15081,1.15082,1.15082,1.15075
1785814980,1.150815,1.150775,1.15084,1.150775
1785815040,1.15078,1.15085,1.15085,1.15077
1785815100,1.150845,1.15081,1.15087,1.1508
1785815160,1.15081,1.15084,1.150865,1.15081
1785815220,1.150835,1.15088,1.15088,1.150835
1785815280,1.150875,1.15088,1.150885,1.15087
1785815340,1.15088,1.15087,1.15091,1.15085
1785815400,1.15087,1.150915,1.15093,1.15087
1785815460,1.150915,1.150945,1.150975,1.150905
1785815520,1.15095,1.150925,1.15098,1.15092
1785815580,1.150925,1.15098,1.151005,1.15092
1785815640,1.150985,1.150985,1.15099,1.15097
1785815700,1.150975,1.15082,1.150975,1.15082
1785815760,1.150825,1.15083,1.15086,1.15082
1785815820,1.15083,1.150805,1.15085,1.1508
1785815880,1.15081,1.150775,1.15083,1.15077
1785815940,1.15077,1.150805,1.150835,1.15077
1785816000,1.1508,1.15084,1.150865,1.150765
1785816060,1.15084,1.150785,1.15084,1.15076
1785816120,1.150785,1.150765,1.15079,1.150715
1785816180,1.150765,1.15073,1.15077,1.150715
1785816240,1.15073,1.150765,1.1508,1.15073
1785816300,1.150765,1.15075,1.15077,1.150735
1785816360,1.15075,1.150745,1.15077,1.150715
1785816420,1.150745,1.150685,1.150745,1.150665
1785816480,1.150685,1.15065,1.15071,1.150645
1785816540,1.15065,1.150695,1.150705,1.150625
1785816600,1.1507,1.150675,1.150735,1.150675
1785816660,1.150665,1.150665,1.150685,1.150665
1785816720,1.150665,1.150665,1.15069,1.150665
1785816780,1.150665,1.150615,1.15067,1.150615
1785816840,1.150605,1.150685,1.150685,1.15058
1785816900,1.150685,1.15068,1.150715,1.15068
1785816960,1.15068,1.150675,1.150685,1.15066
1785817020,1.150665,1.15068,1.150695,1.150665
1785817080,1.15068,1.150735,1.15074,1.150675
1785817140,1.150735,1.15077,1.150805,1.150735
1785817200,1.150775,1.150745,1.150775,1.150745
1785817260,1.150745,1.150785,1.150795,1.150725
1785817320,1.15078,1.15076,1.150795,1.150745
1785817380,1.150755,1.150775,1.150775,1.150735
1785817440,1.150765,1.150805,1.15083,1.150765
1785817500,1.15081,1.150815,1.150855,1.15077
1785817560,1.15082,1.150845,1.15087,1.150795
1785817620,1.150845,1.150855,1.150855,1.150835
1785817680,1.150855,1.15081,1.150855,1.15081
1785817740,1.15081,1.150815,1.150835,1.150795
1785817800,1.150815,1.15086,1.150905,1.150815
1785817860,1.15086,1.15087,1.15088,1.15084
1785817920,1.15087,1.15091,1.15091,1.150865
1785817980,1.15091,1.15093,1.15093,1.150905
1785818040,1.15093,1.15088,1.150935,1.15088
1785818100,1.15088,1.150835,1.15088,1.150835
1785818160,1.15084,1.15084,1.15086,1.150835
1785818220,1.15084,1.15084,1.15086,1.150835
1785818280,1.15084,1.150915,1.15092,1.15084
1785818340,1.150915,1.15091,1.15095,1.150875
1785818400,1.150915,1.15091,1.150935,1.150865
1785818460,1.15091,1.15094,1.15096,1.150875
1785818520,1.15094,1.150975,1.151,1.15093
1785818580,1.150975,1.15096,1.15098,1.15096
1785818640,1.15096,1.150905,1.150965,1.150895
1785818700,1.150905,1.150955,1.150955,1.150905
1785818760,1.150955,1.15097,1.150985,1.15095
1785818820,1.15097,1.150945,1.150975,1.15092
1785818880,1.150935,1.151,1.15103,1.150935
1785818940,1.151,1.15095,1.151015,1.150945
1785819000,1.150955,1.150955,1.150985,1.150955
1785819060,1.150955,1.15091,1.15096,1.150905
1785819120,1.15091,1.15087,1.150915,1.15087
1785819180,1.15087,1.150935,1.150935,1.15086
1785819240,1.150935,1.15102,1.151035,1.150925
1785819300,1.15102,1.151015,1.15104,1.15101
1785819360,1.15102,1.15104,1.15105,1.151015
1785819420,1.15104,1.151045,1.151105,1.151035
1785819480,1.151045,1.15105,1.151075,1.151025
1785819540,1.15105,1.151035,1.15105,1.151015
1785819600,1.151045,1.150955,1.151045,1.150925
1785819660,1.15096,1.150975,1.150995,1.15094
1785819720,1.150975,1.15094,1.150985,1.1509
1785819780,1.15094,1.15096,1.150975,1.15093
1785819840,1.15096,1.15097,1.15098,1.150905
1785819900,1.15097,1.15104,1.15104,1.150965
1785819960,1.151035,1.151035,1.151035,1.150975
1785820020,1.151035,1.150965,1.151035,1.150945
1785820080,1.150965,1.150915,1.150965,1.150915
1785820140,1.150905,1.150885,1.150925,1.150865
1785820200,1.150885,1.150885,1.1509,1.150875
1785820260,1.150885,1.150845,1.150915,1.150845
1785820320,1.150845,1.150795,1.150855,1.150795
1785820380,1.150795,1.150735,1.150805,1.1507
1785820440,1.15074,1.15073,1.150785,1.150705
1785820500,1.150755,1.150715,1.150785,1.150715
1785820560,1.150715,1.150745,1.15075,1.150715
1785820620,1.150745,1.150735,1.15076,1.15072
1785820680,1.15074,1.150735,1.150765,1.15071
1785820740,1.150735,1.150775,1.150785,1.150735
1785820800,1.150775,1.150725,1.150785,1.150725
1785820860,1.150725,1.15075,1.15075,1.15069
1785820920,1.15075,1.150795,1.15082,1.15075
1785820980,1.1508,1.150785,1.150815,1.150775
1785821040,1.150775,1.150855,1.150865,1.150775
1785821100,1.150855,1.150875,1.15092,1.15084
1785821160,1.150875,1.15091,1.15093,1.15087
1785821220,1.15091,1.15094,1.150945,1.15088
1785821280,1.15094,1.150935,1.150985,1.150935
1785821340,1.150935,1.15093,1.150945,1.150915
1785821400,1.150935,1.15104,1.15104,1.15093
1785821460,1.151035,1.150885,1.15104,1.15085
1785821520,1.150875,1.150945,1.150955,1.150865
1785821580,1.15094,1.150875,1.15096,1.150875
1785821640,1.150875,1.15081,1.15088,1.15079
1785821700,1.150815,1.15079,1.15084,1.15075
1785821760,1.150785,1.150775,1.150805,1.15071
1785821820,1.150775,1.150735,1.150775,1.150735
1785821880,1.15073,1.150685,1.15073,1.15068
1785821940,1.150695,1.15066,1.150695,1.150625
1785822000,1.150655,1.15061,1.15067,1.15061
1785822060,1.15061,1.150565,1.150615,1.150535
1785822120,1.15057,1.150585,1.150585,1.150535
1785822180,1.150585,1.150635,1.15065,1.150555
1785822240,1.15064,1.15055,1.15069,1.15055
1785822300,1.15055,1.1505,1.15055,1.15045
1785822360,1.150505,1.150465,1.15055,1.150465
1785822420,1.15047,1.150475,1.15056,1.150465
1785822480,1.150475,1.15039,1.15048,1.15038
1785822540,1.15039,1.150525,1.15054,1.150385
1785822600,1.150525,1.1505,1.15055,1.1505
1785822660,1.1505,1.150545,1.150545,1.15049
1785822720,1.15054,1.150525,1.150565,1.150495
1785822780,1.150525,1.15051,1.15054,1.1505
1785822840,1.15051,1.15045,1.15053,1.15044
1785822900,1.150455,1.15061,1.15063,1.150455
1785822960,1.15061,1.150665,1.150685,1.150605
1785823020,1.150675,1.150695,1.150765,1.150675
1785823080,1.150685,1.15065,1.150695,1.150625
1785823140,1.150645,1.15073,1.150755,1.150635
1785823200,1.150735,1.150685,1.15078,1.150685
1785823260,1.150685,1.15053,1.150685,1.15052
1785823320,1.150535,1.150655,1.150675,1.150535
1785823380,1.150655,1.150515,1.150655,1.1505
1785823440,1.150525,1.150515,1.150585,1.15049
1785823500,1.150515,1.15062,1.150665,1.150515
1785823560,1.150615,1.150615,1.150645,1.15057
1785823620,1.150615,1.150605,1.150615,1.150475
1785823680,1.150605,1.150585,1.15065,1.15054
1785823740,1.150585,1.150665,1.150665,1.15054
1785823800,1.150665,1.150605,1.150695,1.150605
1785823860,1.150605,1.150485,1.150645,1.15043
1785823920,1.150485,1.15061,1.150615,1.150425
1785823980,1.150615,1.150505,1.15071,1.150485
1785824040,1.150505,1.150765,1.150765,1.150485
1785824100,1.150775,1.15082,1.15083,1.150745
1785824160,1.150815,1.15068,1.15085,1.15067
1785824220,1.150685,1.150655,1.150685,1.15058
1785824280,1.150655,1.150695,1.15084,1.150655
1785824340,1.150695,1.15068,1.150715,1.15063
1785824400,1.150675,1.15085,1.150875,1.15067
1785824460,1.15085,1.15082,1.150875,1.150815
1785824520,1.150825,1.150895,1.150945,1.150825
1785824580,1.1509,1.150975,1.15099,1.15088
1785824640,1.150965,1.150955,1.150985,1.150915
1785824700,1.150955,1.150995,1.15106,1.150955
1785824760,1.15099,1.150825,1.151,1.150825
1785824820,1.150825,1.150885,1.150905,1.15079
1785824880,1.15089,1.150775,1.1509,1.150735
1785824940,1.15078,1.15061,1.150795,1.1506
1785825000,1.150605,1.15064,1.150655,1.15055
1785825060,1.150635,1.15073,1.150765,1.150625
1785825120,1.150725,1.150745,1.15075,1.150685
1785825180,1.15074,1.1508,1.1508,1.15073
1785825240,1.150795,1.150745,1.1508,1.150745
1785825300,1.150745,1.15064,1.15078,1.15063
1785825360,1.15064,1.150665,1.15069,1.150605
1785825420,1.15066,1.15079,1.15079,1.15065
1785825480,1.150785,1.150725,1.15082,1.150725
1785825540,1.150725,1.150545,1.150725,1.150545
1785825600,1.150535,1.150505,1.150555,1.150495
1785825660,1.150505,1.15049,1.15058,1.150485
1785825720,1.1505,1.150585,1.150595,1.150485
1785825780,1.150585,1.1504,1.150585,1.15038
1785825840,1.150405,1.150465,1.15051,1.150405
1785825900,1.15046,1.15045,1.15046,1.15039
1785825960,1.150445,1.150625,1.150645,1.15044
1785826020,1.15063,1.150605,1.150655,1.150555
1785826080,1.150595,1.15061,1.15067,1.150545
1785826140,1.15061,1.150645,1.15071,1.1506
1785826200,1.150645,1.15061,1.15066,1.15058
1785826260,1.15061,1.150545,1.150655,1.150545
1785826320,1.15055,1.15052,1.15056,1.150475
1785826380,1.150505,1.150515,1.15057,1.150485
1785826440,1.150515,1.150415,1.15053,1.150405
1785826500,1.15041,1.150655,1.150655,1.15039
1785826560,1.15066,1.150615,1.150695,1.15052
1785826620,1.15061,1.150695,1.15074,1.150605
1785826680,1.150695,1.150655,1.15072,1.150565
1785826740,1.150655,1.150745,1.150765,1.150655
1785826800,1.15075,1.15074,1.150835,1.15065
1785826860,1.150745,1.150915,1.150995,1.15064
1785826920,1.15092,1.150905,1.15096,1.150855
1785826980,1.1509,1.15091,1.150955,1.150865
1785827040,1.15091,1.150985,1.151005,1.150835
1785827100,1.150985,1.15085,1.151015,1.150845
1785827160,1.15085,1.150795,1.15086,1.150635
1785827220,1.150795,1.15076,1.150795,1.15065
1785827280,1.150765,1.15087,1.150905,1.150765
1785827340,1.15088,1.15091,1.15106,1.15088
1785827400,1.150905,1.150905,1.150915,1.15086
1785827460,1.15091,1.15092,1.150995,1.15091
1785827520,1.15092,1.150915,1.150945,1.1509
1785827580,1.15091,1.15091,1.15097,1.150895
1785827640,1.150905,1.150915,1.15096,1.150865
1785827700,1.150915,1.151155,1.151155,1.15087
1785827760,1.15115,1.151205,1.15124,1.151085
1785827820,1.151205,1.151185,1.15122,1.15111
1785827880,1.151195,1.15123,1.15124,1.151125
1785827940,1.151235,1.15127,1.151305,1.15122
1785828000,1.151265,1.15136,1.15137,1.151245
1785828060,1.15136,1.151345,1.15136,1.15129
1785828120,1.151345,1.151405,1.15141,1.151315
1785828180,1.151405,1.15149,1.1515,1.151395
1785828240,1.151505,1.15168,1.151715,1.151505
1785828300,1.151685,1.151565,1.151715,1.151545
1785828360,1.151575,1.151485,1.15159,1.15147
1785828420,1.151475,1.151365,1.151495,1.151365
1785828480,1.151365,1.151455,1.151515,1.151365
1785828540,1.15146,1.15126,1.15146,1.15126
1785828600,1.15126,1.151145,1.151275,1.151145
1785828660,1.151145,1.15112,1.15115,1.15106
1785828720,1.151115,1.151185,1.151215,1.15111
1785828780,1.15119,1.151345,1.151345,1.15118
1785828840,1.151345,1.151405,1.15141,1.151345
1785828900,1.15141,1.151405,1.151495,1.151365
1785828960,1.15141,1.151405,1.15144,1.151315
1785829020,1.151405,1.1512,1.151415,1.151185
1785829080,1.1512,1.15119,1.15122,1.151165
1785829140,1.151195,1.15118,1.151195,1.151005
1785829200,1.151185,1.151165,1.15127,1.15115
1785829260,1.151155,1.15132,1.15132,1.151145
1785829320,1.151315,1.15115,1.151315,1.151145
1785829380,1.151145,1.151005,1.15116,1.151005
1785829440,1.15101,1.150995,1.151025,1.150985
1785829500,1.150995,1.151025,1.151035,1.15094
1785829560,1.151015,1.150885,1.151015,1.150885
1785829620,1.150885,1.150925,1.150955,1.150875
1785829680,1.150925,1.150995,1.151025,1.150885
1785829740,1.151,1.15094,1.151065,1.15094
1785829800,1.150935,1.150985,1.151005,1.15089
1785829860,1.15099,1.151125,1.1512,1.15098
1785829920,1.151125,1.15116,1.151205,1.151115
1785829980,1.151165,1.151235,1.151245,1.15116
1785830040,1.15124,1.15125,1.15132,1.15123
1785830100,1.151245,1.151155,1.151285,1.151145
1785830160,1.151155,1.151165,1.151165,1.151045
1785830220,1.151155,1.15116,1.151255,1.151145
1785830280,1.151155,1.151135,1.151185,1.151095
1785830340,1.151135,1.151085,1.15117,1.151035
1785830400,1.15109,1.151145,1.15117,1.15105
1785830460,1.15115,1.151245,1.15125,1.151145
1785830520,1.151245,1.151185,1.151255,1.151185
1785830580,1.151205,1.151245,1.15128,1.151205
1785830640,1.151245,1.15125,1.151365,1.151235
1785830700,1.151255,1.15122,1.151255,1.151105
1785830760,1.151215,1.151345,1.151355,1.15118
1785830820,1.151345,1.15135,1.15136,1.151265
1785830880,1.15135,1.15131,1.151445,1.151245
1785830940,1.15131,1.15123,1.151355,1.15123
1785831000,1.151235,1.151085,1.151235,1.151045
1785831060,1.151085,1.15103,1.151105,1.15103
1785831120,1.15103,1.150955,1.15105,1.150955
1785831180,1.150955,1.150945,1.151025,1.15094
1785831240,1.150945,1.150955,1.150995,1.150885
1785831300,1.150955,1.150895,1.150955,1.15089
1785831360,1.150895,1.151035,1.151035,1.150885
1785831420,1.151035,1.15103,1.15105,1.150995
1785831480,1.15103,1.150985,1.151035,1.150955
1785831540,1.150985,1.150965,1.151005,1.150955
1785831600,1.15097,1.150985,1.151005,1.150915
1785831660,1.150985,1.151105,1.151105,1.150985
1785831720,1.151105,1.15106,1.151125,1.150985
1785831780,1.151055,1.150935,1.151055,1.15093
1785831840,1.150935,1.150945,1.150965,1.150885
1785831900,1.15096,1.150835,1.15096,1.15078
1785831960,1.150835,1.150895,1.150945,1.150795
1785832020,1.150895,1.15094,1.150955,1.150895
1785832080,1.150935,1.151145,1.151175,1.150935
1785832140,1.15114,1.151205,1.15123,1.151135
1785832200,1.151195,1.151055,1.151195,1.151045
1785832260,1.15105,1.15109,1.15114,1.151045
1785832320,1.151085,1.150735,1.151085,1.150725
1785832380,1.15073,1.150845,1.150845,1.15063
1785832440,1.150845,1.15076,1.150915,1.15076
1785832500,1.15076,1.150785,1.15083,1.150735
1785832560,1.15078,1.1507,1.15078,1.15063
1785832620,1.1507,1.150845,1.150855,1.15069
1785832680,1.15084,1.150805,1.150845,1.15079
1785832740,1.15081,1.150885,1.1509,1.15079
1785832800,1.150875,1.150855,1.15091,1.150845
1785832860,1.15086,1.15096,1.15101,1.150855
1785832920,1.150955,1.15105,1.151085,1.150955
1785832980,1.151045,1.150955,1.15105,1.15094
1785833040,1.150945,1.150955,1.15099,1.150905
1785833100,1.15096,1.150815,1.150965,1.150805
1785833160,1.150805,1.150805,1.150805,1.15064
1785833220,1.150795,1.150845,1.15085,1.15071
1785833280,1.150845,1.150955,1.150975,1.150815
1785833340,1.150955,1.150895,1.150965,1.150895
1785833400,1.150895,1.150945,1.15095,1.150855
1785833460,1.15095,1.15084,1.150955,1.150835
1785833520,1.150835,1.150805,1.150845,1.150775
1785833580,1.150785,1.150795,1.150835,1.15078
1785833640,1.150795,1.1508,1.1508,1.150745
1785833700,1.150795,1.15079,1.150855,1.150705
1785833760,1.150795,1.15073,1.150805,1.15071
1785833820,1.150735,1.150665,1.150815,1.15064
1785833880,1.15067,1.150735,1.150775,1.15067
1785833940,1.15073,1.150795,1.150865,1.150725
1785834000,1.1508,1.15077,1.15082,1.150715
1785834060,1.150775,1.150695,1.150775,1.15067
1785834120,1.15069,1.150655,1.15076,1.150635
1785834180,1.150655,1.150665,1.15074,1.150635
1785834240,1.15067,1.150625,1.150705,1.150575
1785834300,1.15063,1.15055,1.150655,1.15053
1785834360,1.150555,1.150445,1.15061,1.15044
1785834420,1.15045,1.150435,1.15046,1.15033
1785834480,1.15044,1.150395,1.15044,1.150375
1785834540,1.150395,1.1505,1.15051,1.150385
1785834600,1.150505,1.15042,1.150505,1.150415
1785834660,1.15042,1.150505,1.150505,1.150405
1785834720,1.15051,1.15071,1.15071,1.15051
1785834780,1.15071,1.150695,1.150715,1.150595
1785834840,1.1507,1.150695,1.15076,1.150695
1785834900,1.1507,1.150745,1.15081,1.15069
1785834960,1.15074,1.15076,1.150765,1.15069
1785835020,1.15076,1.150725,1.15079,1.1507
1785835080,1.15073,1.15073,1.15076,1.1507
1785835140,1.150725,1.15073,1.15076,1.150685
1785835200,1.150725,1.15083,1.150845,1.150715
1785835260,1.15083,1.150835,1.15088,1.15082
1785835320,1.150835,1.150765,1.150855,1.150705
1785835380,1.150765,1.150855,1.15089,1.150765
1785835440,1.150855,1.150855,1.15093,1.15084
1785835500,1.15085,1.15096,1.15097,1.15081
1785835560,1.150965,1.150935,1.151015,1.15092
1785835620,1.15094,1.15098,1.15099,1.15094
1785835680,1.15098,1.1511,1.15112,1.150955
1785835740,1.151105,1.15104,1.151105,1.151015
1785835800,1.151045,1.151015,1.15111,1.15098
1785835860,1.15102,1.15091,1.151025,1.150855
1785835920,1.150915,1.15091,1.15093,1.15084
1785835980,1.15091,1.151025,1.151045,1.15091
1785836040,1.15103,1.151075,1.15109,1.151015
1785836100,1.15108,1.151055,1.151125,1.15103
1785836160,1.151055,1.150935,1.151055,1.150925
1785836220,1.15094,1.150885,1.15095,1.150845
1785836280,1.150885,1.15087,1.150915,1.15084
1785836340,1.150875,1.15081,1.150875,1.150795
1785836400,1.15081,1.1509,1.15091,1.15081
1785836460,1.150895,1.150895,1.1509,1.15086
1785836520,1.150895,1.15075,1.15091,1.15075
1785836580,1.15075,1.15083,1.150845,1.15075
1785836640,1.15083,1.150815,1.150855,1.15081
1785836700,1.15081,1.150735,1.15083,1.15068
1785836760,1.15073,1.150755,1.150765,1.150675
1785836820,1.15076,1.150785,1.15082,1.15069
1785836880,1.15079,1.150835,1.15084,1.15079
1785836940,1.15083,1.15084,1.15091,1.150815
1785837000,1.15084,1.15073,1.15086,1.15073
1785837060,1.15073,1.15071,1.15075,1.1507
1785837120,1.150715,1.15075,1.15083,1.150715
1785837180,1.15075,1.15058,1.15076,1.15056
1785837240,1.150585,1.150655,1.150655,1.150555
1785837300,1.15066,1.150655,1.1507,1.150625
1785837360,1.15065,1.150705,1.150755,1.15064
1785837420,1.1507,1.150705,1.15071,1.15067
1785837480,1.1507,1.150715,1.15074,1.150635
1785837540,1.15072,1.150805,1.150815,1.1507
1785837600,1.15081,1.15083,1.15083,1.150755
1785837660,1.150825,1.15084,1.150875,1.15079
1785837720,1.15084,1.15098,1.15099,1.15084
1785837780,1.15098,1.150945,1.15098,1.15085
1785837840,1.15095,1.15088,1.15095,1.15084
1785837900,1.15088,1.15094,1.15096,1.1508
1785837960,1.15095,1.15092,1.150965,1.15089
1785838020,1.150915,1.150945,1.15101,1.150915
1785838080,1.15095,1.150945,1.15095,1.15088
1785838140,1.150945,1.15092,1.15099,1.150915
1785838200,1.150915,1.15102,1.15104,1.150895
1785838260,1.15102,1.151065,1.151085,1.15102
1785838320,1.151065,1.15107,1.15111,1.15104
1785838380,1.15107,1.151005,1.151085,1.150985
1785838440,1.151005,1.15101,1.151035,1.15095
1785838500,1.151015,1.15093,1.15102,1.150925
1785838560,1.15093,1.150825,1.15093,1.150795
1785838620,1.15082,1.150815,1.15085,1.1508
1785838680,1.15082,1.150835,1.1509,1.150795
1785838740,1.15083,1.15083,1.15088,1.1508
1785838800,1.150835,1.150865,1.15088,1.1508
1785838860,1.15087,1.15096,1.151,1.15086
1785838920,1.15097,1.15095,1.150995,1.15095
1785838980,1.15095,1.150865,1.15096,1.150865
1785839040,1.15087,1.150935,1.15094,1.15087
1785839100,1.150935,1.150875,1.15094,1.15086
1785839160,1.150875,1.15096,1.150975,1.150875
1785839220,1.15096,1.151005,1.15101,1.15089
1785839280,1.151005,1.15099,1.151055,1.15099
1785839340,1.150995,1.150955,1.15101,1.150915
1785839400,1.15096,1.15106,1.151075,1.15096
1785839460,1.15106,1.151065,1.15111,1.151005
1785839520,1.15106,1.151005,1.15106,1.150975
1785839580,1.151005,1.150965,1.15103,1.15091
1785839640,1.150965,1.150965,1.150965,1.150915
1785839700,1.15096,1.150985,1.15099,1.1509
1785839760,1.150985,1.151055,1.151055,1.150965
1785839820,1.15106,1.15101,1.151065,1.15101
1785839880,1.151015,1.150915,1.151015,1.150865
1785839940,1.15092,1.151015,1.151015,1.15091
1785840000,1.15101,1.151005,1.151015,1.15099
1785840060,1.151,1.150975,1.15101,1.150965
1785840120,1.150975,1.151095,1.151125,1.150965
1785840180,1.15109,1.151085,1.151095,1.151055
1785840240,1.151085,1.151435,1.15175,1.150965
1785840300,1.15144,1.15162,1.1517,1.15139
1785840360,1.151625,1.151755,1.1518,1.151575
1785840420,1.15176,1.151885,1.151885,1.15161
1785840480,1.15188,1.151785,1.151895,1.151685
1785840540,1.15177,1.15156,1.15177,1.15154
1785840600,1.151565,1.151495,1.151565,1.15138
1785840660,1.15149,1.151385,1.151505,1.151375
1785840720,1.151385,1.151505,1.15151,1.151365
1785840780,1.1515,1.151405,1.15156,1.151385
1785840840,1.151405,1.151395,1.151435,1.151375
1785840900,1.15139,1.151405,1.151435,1.151325
1785840960,1.151405,1.15128,1.151445,1.15127
1785841020,1.151275,1.151405,1.151415,1.151265
1785841080,1.15141,1.151485,1.15154,1.15137
1785841140,1.151485,1.15139,1.151495,1.151345
1785841200,1.151395,1.151265,1.151445,1.151245
1785841260,1.15127,1.151205,1.15133,1.151205
1785841320,1.15121,1.151255,1.151285,1.1512
1785841380,1.15126,1.151225,1.15126,1.151155
1785841440,1.15123,1.151245,1.15126,1.15119
1785841500,1.151245,1.15129,1.1513,1.1512
1785841560,1.151295,1.151435,1.15146,1.15127
1785841620,1.151425,1.151445,1.151485,1.1514
1785841680,1.15144,1.151375,1.15147,1.151335
1785841740,1.15138,1.151455,1.15147,1.15135
1785841800,1.151455,1.15154,1.151555,1.151385
1785841860,1.15154,1.151575,1.151585,1.151505
1785841920,1.15157,1.151545,1.15165,1.151505
1785841980,1.151545,1.15161,1.15162,1.151545
1785842040,1.151615,1.151635,1.151655,1.15161
1785842100,1.151635,1.151665,1.15167,1.151595
1785842160,1.151665,1.151725,1.15175,1.151665
1785842220,1.151725,1.15171,1.15173,1.151585
1785842280,1.15171,1.15178,1.151795,1.15169
1785842340,1.151785,1.151725,1.15179,1.151715
1785842400,1.15173,1.151855,1.151865,1.15173
1785842460,1.15186,1.151925,1.151975,1.151845
1785842520,1.151925,1.15191,1.15193,1.151835
1785842580,1.151905,1.15183,1.151915,1.15176
1785842640,1.151825,1.151835,1.151835,1.15176
1785842700,1.15182,1.151895,1.15196,1.151795
1785842760,1.151895,1.151875,1.15195,1.15184
1785842820,1.151875,1.1518,1.151905,1.15178
1785842880,1.151805,1.151855,1.15187,1.151805
1785842940,1.15186,1.15199,1.152,1.15184
1785843000,1.151985,1.151865,1.15204,1.15186
1785843060,1.151855,1.151985,1.152,1.151845
1785843120,1.15199,1.15202,1.1521,1.15194
1785843180,1.152015,1.15199,1.15203,1.151905
1785843240,1.151985,1.151855,1.152005,1.15184
1785843300,1.15186,1.15198,1.151995,1.15183
1785843360,1.151985,1.151875,1.15199,1.15186
1785843420,1.15187,1.151985,1.15201,1.15187
1785843480,1.151985,1.15206,1.15206,1.151925
1785843540,1.152055,1.1522,1.15223,1.152055
1785843600,1.152195,1.152,1.1522,1.151995
1785843660,1.152,1.15197,1.152,1.15192
1785843720,1.151975,1.15189,1.151985,1.151865
1785843780,1.15189,1.152195,1.152265,1.151745
1785843840,1.1522,1.15228,1.15235,1.152085
1785843900,1.152285,1.152145,1.152295,1.15208
1785843960,1.15214,1.15203,1.1522,1.15202
1785844020,1.152025,1.15192,1.15209,1.151895
1785844080,1.151925,1.151905,1.15203,1.151905
1785844140,1.15191,1.151835,1.15194,1.151785
1785844200,1.15183,1.15168,1.15184,1.15168
1785844260,1.15168,1.151945,1.151945,1.151675
1785844320,1.15194,1.1516,1.151945,1.1516
1785844380,1.1516,1.151645,1.15169,1.151525
1785844440,1.15165,1.15159,1.15165,1.15153
1785844500,1.151585,1.151585,1.151705,1.15153
1785844560,1.151585,1.1519,1.1519,1.151495
1785844620,1.151875,1.151855,1.151905,1.151635
1785844680,1.15186,1.151845,1.15197,1.15179
1785844740,1.151845,1.15162,1.15185,1.15161
1785844800,1.151625,1.15174,1.151745,1.15156
1785844860,1.151745,1.151645,1.15177,1.15158
1785844920,1.15165,1.151795,1.151815,1.15164
1785844980,1.15179,1.15169,1.15184,1.151675
1785845040,1.151695,1.151685,1.151765,1.15164
1785845100,1.15169,1.15174,1.15178,1.15168
1785845160,1.151735,1.15178,1.151805,1.15168
1785845220,1.151785,1.151735,1.15187,1.15173
1785845280,1.15173,1.151535,1.151735,1.151515
1785845340,1.15154,1.151445,1.15158,1.15143
1785845400,1.15145,1.15146,1.15157,1.151425
1785845460,1.151455,1.151435,1.1515,1.151415
1785845520,1.15143,1.15148,1.15154,1.15143
1785845580,1.151475,1.151455,1.15153,1.15137
1785845640,1.15146,1.151425,1.15148,1.15141
1785845700,1.15142,1.15137,1.151465,1.15136
1785845760,1.15137,1.1515,1.15152,1.15137
1785845820,1.151495,1.15137,1.1515,1.151365
1785845880,1.15137,1.15147,1.151485,1.151335
1785845940,1.151465,1.151435,1.151465,1.151385
1785846000,1.151445,1.15147,1.151495,1.151425
1785846060,1.151475,1.15139,1.151485,1.15138
1785846120,1.15139,1.151415,1.15143,1.151375
1785846180,1.15142,1.151585,1.151635,1.151415
1785846240,1.151585,1.151695,1.151705,1.151585
1785846300,1.151695,1.151695,1.151795,1.15164
1785846360,1.15169,1.15168,1.1517,1.15164
1785846420,1.15167,1.15153,1.15167,1.15153
1785846480,1.15153,1.151475,1.151535,1.151445
1785846540,1.15148,1.15144,1.15148,1.151415
1785846600,1.151445,1.151545,1.151545,1.151445
1785846660,1.151555,1.15164,1.15165,1.151535
1785846720,1.151645,1.15164,1.151695,1.151625
1785846780,1.151645,1.15173,1.15173,1.15162
1785846840,1.151725,1.151965,1.15201,1.15171
1785846900,1.15196,1.15209,1.15209,1.151955
1785846960,1.1521,1.152,1.15213,1.15198
1785847020,1.152005,1.152035,1.152085,1.151985
1785847080,1.15204,1.15214,1.152185,1.15203
1785847140,1.152145,1.15213,1.15221,1.1521
1785847200,1.15213,1.15213,1.152185,1.15209
1785847260,1.15213,1.152325,1.15233,1.152115
1785847320,1.15232,1.15223,1.152325,1.152185
1785847380,1.15223,1.15219,1.15228,1.152175
1785847440,1.152195,1.15217,1.152205,1.15216
1785847500,1.152175,1.152,1.152185,1.151975
1785847560,1.151995,1.151935,1.15201,1.151905
1785847620,1.15193,1.152025,1.152035,1.15192
1785847680,1.152025,1.15195,1.152075,1.151945
1785847740,1.151945,1.151935,1.15197,1.15187
1785847800,1.15193,1.15183,1.151935,1.151755
1785847860,1.151835,1.15174,1.15184,1.15172
1785847920,1.151735,1.15177,1.151825,1.151725
1785847980,1.15177,1.15164,1.15178,1.151635
1785848040,1.15164,1.15158,1.15166,1.15157
1785848100,1.151585,1.15154,1.151615,1.15146
1785848160,1.151535,1.15169,1.15169,1.15152
1785848220,1.151685,1.15156,1.151685,1.15153
1785848280,1.15156,1.15152,1.15156,1.151495
1785848340,1.15152,1.15148,1.151525,1.15145
1785848400,1.15148,1.15143,1.151515,1.151395
1785848460,1.151435,1.15132,1.151455,1.151315
1785848520,1.15132,1.15127,1.15134,1.15126
1785848580,1.151275,1.15127,1.15128,1.15118
1785848640,1.151275,1.15113,1.151275,1.15108
1785848700,1.151135,1.15124,1.15125,1.15109
1785848760,1.15124,1.15125,1.151255,1.151155
1785848820,1.15125,1.151275,1.15132,1.15125
1785848880,1.151275,1.15124,1.151305,1.15124
1785848940,1.151235,1.15125,1.15126,1.15121
1785849000,1.15125,1.151425,1.151435,1.15125
1785849060,1.151425,1.151335,1.15144,1.151335
1785849120,1.151315,1.151315,1.151335,1.151225
1785849180,1.15132,1.151295,1.15135,1.151255
1785849240,1.15129,1.15129,1.1513,1.15126
1785849300,1.1513,1.15128,1.151345,1.151225
1785849360,1.15128,1.15114,1.151285,1.15114
1785849420,1.151145,1.15104,1.151155,1.151035
1785849480,1.151035,1.15107,1.15113,1.15097
1785849540,1.15107,1.15098,1.151085,1.150975
1785849600,1.150985,1.15151,1.15159,1.15093
1785849660,1.1515,1.15153,1.15157,1.15128
1785849720,1.151525,1.151785,1.151845,1.151455
1785849780,1.15179,1.151895,1.15195,1.15169
1785849840,1.15189,1.15164,1.15194,1.15163
1785849900,1.15165,1.151815,1.151855,1.151645
1785849960,1.15181,1.15178,1.151905,1.15174
1785850020,1.151775,1.15177,1.15184,1.15175
1785850080,1.151775,1.15159,1.151795,1.151545
1785850140,1.151595,1.151545,1.151615,1.151515
1785850200,1.15155,1.151695,1.15173,1.151545
1785850260,1.1517,1.1516,1.151705,1.151495
1785850320,1.151595,1.15173,1.15181,1.15153
1785850380,1.151735,1.15169,1.15175,1.15149
1785850440,1.151695,1.151935,1.15194,1.151685
1785850500,1.15194,1.15211,1.152115,1.15189
1785850560,1.152115,1.152145,1.152195,1.15207
1785850620,1.15215,1.15229,1.152305,1.15208
1785850680,1.1523,1.1522,1.15232,1.152035
1785850740,1.152195,1.152495,1.1525,1.15212
1785850800,1.1525,1.152355,1.15252,1.15234
1785850860,1.15236,1.15249,1.1525,1.15228
1785850920,1.15249,1.152345,1.15249,1.15229
1785850980,1.15235,1.15218,1.152385,1.15214
1785851040,1.152185,1.15234,1.1524,1.152175
1785851100,1.152335,1.15224,1.152365,1.152185
1785851160,1.152245,1.152185,1.1523,1.152135
1785851220,1.152185,1.15236,1.152395,1.152185
1785851280,1.152355,1.15256,1.15256,1.15235
1785851340,1.152565,1.15238,1.15261,1.15237
1785851400,1.152385,1.152435,1.152465,1.15234
1785851460,1.15243,1.15234,1.15243,1.152295
1785851520,1.152345,1.152355,1.15245,1.15234
1785851580,1.15236,1.152445,1.152485,1.152325
1785851640,1.15244,1.15239,1.15244,1.152315
1785851700,1.152395,1.15229,1.15248,1.152285
1785851760,1.152285,1.15221,1.15232,1.15216
1785851820,1.152215,1.152395,1.152405,1.152175
1785851880,1.152395,1.152275,1.152445,1.15226
1785851940,1.15227,1.152365,1.152405,1.152255
1785852000,1.15238,1.15237,1.15257,1.15233
1785852060,1.152365,1.1523,1.15239,1.152205
1785852120,1.152295,1.152555,1.152555,1.152285
1785852180,1.15256,1.15256,1.1526,1.152465
1785852240,1.15256,1.152535,1.152605,1.152505
1785852300,1.152535,1.152445,1.152595,1.152435
1785852360,1.15245,1.152545,1.15256,1.152385
1785852420,1.15254,1.15259,1.152605,1.152485
1785852480,1.152595,1.15284,1.152855,1.15258
1785852540,1.152835,1.15281,1.152875,1.152735
1785852600,1.152815,1.152835,1.152895,1.152785
1785852660,1.15283,1.152835,1.15288,1.15278
1785852720,1.15284,1.152965,1.152995,1.15282
1785852780,1.15297,1.15303,1.15303,1.15293
1785852840,1.15303,1.15296,1.15304,1.15291
1785852900,1.152955,1.15294,1.15309,1.15293
1785852960,1.152945,1.15293,1.152995,1.152815
1785853020,1.152925,1.153,1.15308,1.152905
1785853080,1.152995,1.15299,1.15301,1.15286
1785853140,1.152985,1.152745,1.15299,1.15274
1785853200,1.15274,1.15271,1.152785,1.152615
1785853260,1.152705,1.15279,1.152845,1.152695
1785853320,1.152785,1.152695,1.152825,1.152665
1785853380,1.15269,1.15283,1.15285,1.15268
1785853440,1.152835,1.15282,1.152935,1.152785
1785853500,1.15282,1.15268,1.15286,1.15267
1785853560,1.15268,1.152745,1.15278,1.152645
1785853620,1.15275,1.152875,1.15288,1.15275
1785853680,1.15287,1.15281,1.15287,1.152805
1785853740,1.152815,1.15269,1.15284,1.15268
1785853800,1.152685,1.152595,1.15274,1.15257
1785853860,1.1526,1.152805,1.15283,1.152585
1785853920,1.152795,1.152745,1.152855,1.15274
1785853980,1.15274,1.15275,1.15278,1.152665
1785854040,1.152755,1.15269,1.1528,1.152675
1785854100,1.152685,1.152485,1.15271,1.15243
1785854160,1.15248,1.152395,1.152525,1.152395
1785854220,1.1524,1.15238,1.152435,1.15237
1785854280,1.152385,1.15255,1.15286,1.15233
1785854340,1.152545,1.15264,1.15268,1.15245
1785854400,1.15263,1.15275,1.15275,1.152605
1785854460,1.152745,1.152765,1.152845,1.15269
1785854520,1.15276,1.15251,1.15276,1.152505
1785854580,1.1525,1.15238,1.152515,1.152365
1785854640,1.15238,1.152345,1.15244,1.152325
1785854700,1.15234,1.15224,1.15234,1.15218
1785854760,1.15224,1.15214,1.152285,1.15214
1785854820,1.152135,1.15197,1.152135,1.151945
1785854880,1.151975,1.15204,1.15204,1.151885
1785854940,1.15204,1.15213,1.152165,1.152025
1785855000,1.152125,1.15208,1.15214,1.152025
1785855060,1.152075,1.152345,1.152345,1.15207
1785855120,1.15235,1.15239,1.152455,1.15227
1785855180,1.152385,1.15228,1.15243,1.152235
1785855240,1.152275,1.152225,1.15229,1.15221
1785855300,1.15223,1.152145,1.15224,1.152135
1785855360,1.15214,1.15201,1.15215,1.152
1785855420,1.15202,1.152145,1.1522,1.15197
1785855480,1.15214,1.152295,1.152345,1.152125
1785855540,1.15229,1.15231,1.15232,1.152205
1785855600,1.152305,1.1524,1.15241,1.1523
1785855660,1.15241,1.152405,1.152455,1.15231
1785855720,1.1524,1.152265,1.152465,1.152255
1785855780,1.15226,1.15234,1.152345,1.15217
1785855840,1.152345,1.15249,1.152545,1.15234
1785855900,1.152485,1.15239,1.152495,1.15238
1785855960,1.152395,1.152445,1.152445,1.15239
1785856020,1.15245,1.1524,1.152535,1.15239
1785856080,1.1524,1.15236,1.152425,1.152325
1785856140,1.152365,1.15218,1.15237,1.15212
1785856200,1.152185,1.15207,1.15223,1.152045
1785856260,1.15207,1.15209,1.15211,1.15201
1785856320,1.152085,1.15203,1.15209,1.152005
1785856380,1.152035,1.15204,1.15208,1.151975
1785856440,1.15203,1.15185,1.152045,1.15185
1785856500,1.151845,1.15168,1.151865,1.151675
1785856560,1.151685,1.15163,1.151775,1.15156
1785856620,1.15163,1.15158,1.15167,1.15152
1785856680,1.151585,1.15155,1.15161,1.15152
1785856740,1.15154,1.15142,1.15154,1.1514
1785856800,1.151425,1.15148,1.15154,1.151425
1785856860,1.151485,1.151565,1.15163,1.15147
1785856920,1.151565,1.151485,1.15157,1.15143
1785856980,1.151485,1.15157,1.151585,1.151485
1785857040,1.151565,1.15172,1.15173,1.151565
1785857100,1.15172,1.15169,1.15174,1.151645
1785857160,1.151695,1.151725,1.15178,1.151695
1785857220,1.15173,1.15169,1.15174,1.15168
1785857280,1.15169,1.15173,1.15178,1.15168
1785857340,1.151735,1.151785,1.151805,1.15171
1785857400,1.15178,1.151795,1.15189,1.151755
1785857460,1.151795,1.151695,1.15185,1.151695
1785857520,1.151695,1.151685,1.15172,1.15159
1785857580,1.15168,1.151645,1.15174,1.151635
1785857640,1.15164,1.15172,1.151785,1.151635
1785857700,1.151715,1.151595,1.15172,1.15134
1785857760,1.15159,1.151665,1.15171,1.15159
1785857820,1.151665,1.15169,1.15172,1.151615
