y_true,y_prob
0,0.94509643
0,0.9549767
0,0.6499852
1,0.3321599
0,0.5684584
0,0.58046246
0,0.6539618
1,0.404378
0,0.66198754
1,0.35693252
0,0.38164952
0,0.6804537
1,0.5763912
1,0.37007362
0,0.45658696
0,0.5140292
0,0.45874307
1,0.38154975
0,0.44980857
1,0.5471282
1,0.32771036
0,0.5924575
1,0.39213702
1,0.3634381
0,0.608224
1,0.6374449
0,0.6287544
0,0.46005186
0,0.61021173
1,0.9258507
0,0.56748414
0,0.6576049
1,0.48525178
0,0.5653968
1,0.42931512
0,0.32187492
1,0.42237145
0,0.3534215
0,0.62985444
1,0.6471001
0,0.60968363
1,0.6211325
1,0.6355368
1,0.52981853
0,0.5543425
0,0.6064945
1,0.5356729
0,0.62404114
1,0.48724008
1,0.5867629
0,0.61430025
1,0.47515517
1,0.8100663
0,0.5625302
0,0.7184547
1,0.67886794
0,0.5629459
1,0.62180406
0,0.4700178
0,0.8170674
0,0.35808614
1,0.27327695
1,0.3385833
1,0.41848254
1,0.5808519
0,0.533893
0,0.6710042
0,0.43816078
0,0.67854404
0,0.43371153
1,0.6618553
0,0.584984
0,0.5585353
1,0.16818127
1,0.50438327
1,0.89886034
0,0.5992744
0,0.560004
0,0.26176095
1,0.78657246
1,0.40175357
0,0.43544728
1,0.7043224
1,0.5505939
0,0.6770666
0,0.41357264
0,0.603946
1,0.52414185
1,0.4610557
0,0.34281048
0,0.28452724
1,0.12910303
1,0.48891518
1,0.56996995
0,0.6018957
1,0.492144
0,0.32944274
1,0.58682865
0,0.39322627
0,0.4090541
0,0.4177352
0,0.48870856
1,0.3314667
1,0.52276933
0,0.39662743
0,0.4064709
0,0.49069685
0,0.38033113
1,0.2682461
0,0.5390407
0,0.48176688
0,0.57311505
0,0.46908948
1,0.61602896
0,0.6673291
1,0.79599994
1,0.6442326
0,0.64411736
1,0.7263181
0,0.46318334
0,0.6883991
1,0.31090307
1,0.49291524
1,0.40347663
0,0.7227585
1,0.7641
1,0.71932536
1,0.6302134
1,0.8012905
1,0.6544855
1,0.42010576
0,0.68513036
0,0.55991894
0,0.5360791
0,0.5321582
1,0.525123
1,0.4669148
0,0.67414355
0,0.64465433
1,0.41681015
1,0.629076
0,0.51855403
0,0.7500875
1,0.81521803
0,0.4914832
1,0.67229503
1,0.43054244
1,0.35512355
0,0.8342371
1,0.743205
0,0.7236093
0,0.703002
0,0.7323605
0,0.45108947
0,0.518492
1,0.9394339
0,0.8196779
1,0.83439577
0,0.71350217
1,0.4492962
0,0.46320432
0,0.53005874
1,0.36380076
1,0.35655552
0,0.8659296
1,0.77683014
0,0.7117959
1,0.8249509
1,0.76479757
0,0.6058356
1,0.75687134
1,0.6869271
0,0.29389712
0,0.3278847
1,0.4652244
0,0.25428516
0,0.578462
0,0.7459927
0,0.5626921
0,0.7902564
1,0.6748985
0,0.29060858
0,0.52487034
0,0.6799587
1,0.5139276
1,0.6048934
0,0.77598125
1,0.67302793
1,0.7035407
0,0.62959766
0,0.7221004
1,0.6835237
0,0.768434
1,0.8375226
0,0.7142649
0,0.5041175
0,0.69939554
0,0.8029606
0,0.56904703
0,0.21205339
1,0.20604078
1,0.70518225
0,0.79628587
1,0.6593501
1,0.5382686
0,0.78501666
0,0.5061587
1,0.5537731
1,0.9683281
1,0.39388224
0,0.6047978
1,0.76776046
0,0.55318534
0,0.812817
1,0.8631287
0,0.77567214
0,0.5073678
0,0.84197086
0,0.6636073
0,0.86242074
0,0.28110087
1,0.64407253
0,0.63341326
0,0.64330965
0,0.602218
1,0.9042533
1,0.47430417
0,0.17832002
0,0.3565668
0,0.14020137
0,0.4629934
1,0.6369818
1,0.30725798
1,0.6086962
0,0.1999808
1,0.6405385
1,0.15826218
0,0.643063
1,0.68395597
1,0.2706098
1,0.6470612
1,0.10328017
0,0.25359094
1,0.60926616
0,0.2521739
1,0.25342834
0,0.3397001
0,0.73745954
0,0.5440476
0,0.855364
0,0.74940926
0,0.8236869
0,0.7509751
1,0.60374844
0,0.3970959
0,0.732862
0,0.85333765
1,0.13671976
1,0.4213428
0,0.5280906
0,0.47039708
1,0.768068
0,0.7637985
0,0.6541715
1,0.7121279
1,0.69384885
1,0.86240894
1,0.77038443
1,0.75385547
0,0.7920844
1,0.943213
1,0.61901593
0,0.7011464
0,0.6706144
1,0.8181799
0,0.75962037
0,0.8446394
1,0.44517204
0,0.601422
1,0.8274706
1,0.62554204
1,0.6633371
0,0.47608915
0,0.81093204
0,0.8610856
0,0.72497785
0,0.62638587
1,0.43619213
0,0.4382519
1,0.42566258
0,0.5419566
0,0.37980324
1,0.4179615
0,0.5680814
0,0.4058958
0,0.3422079
0,0.60736376
0,0.23736177
1,0.6331815
0,0.2572071
1,0.4200908
1,0.3365693
1,0.33819845
1,0.7687118
1,0.65097505
1,0.4506022
1,0.3881636
0,0.3251254
1,0.7842593
0,0.42736337
0,0.5696224
1,0.55396765
0,0.50290424
1,0.64039046
1,0.7174407
1,0.7825964
0,0.7849556
0,0.7193549
0,0.8038936
1,0.3588758
1,0.59295446
0,0.43879026
1,0.46719554
0,0.42705426
1,0.7184399
0,0.6642914
0,0.5782539
1,0.53397995
0,0.35420647
1,0.63426185
0,0.53610295
0,0.3301693
1,0.40433708
1,0.34113723
0,0.5091692
0,0.63006866
1,0.70283806
0,0.559139
1,0.6376652
1,0.4679115
0,0.6091536
0,0.5412066
0,0.907055
0,0.9155705
1,0.616952
0,0.6868687
1,0.6688331
0,0.59362686
1,0.8644164
0,0.5749956
1,0.5314803
0,0.5780851
0,0.8323575
0,0.3423442
1,0.31525114
0,0.3460579
1,0.48526135
0,0.81811976
1,0.6499919
1,0.45324782
1,0.61235845
1,0.60050285
0,0.7035954
0,0.87819636
0,0.60718447
0,0.70938194
0,0.67647
1,0.62861633
0,0.6049564
1,0.6259546
1,0.7110008
1,0.54683703
0,0.6789819
1,0.78590876
0,0.6755657
1,0.66360295
0,0.69417226
1,0.72239697
1,0.61563516
0,0.27322412
0,0.44469208
0,0.5180565
1,0.6112667
0,0.72030085
0,0.4854057
0,0.68127835
0,0.68466514
1,0.5216212
0,0.45730644
1,0.4634869
0,0.24438079
1,0.6839914
1,0.61585134
0,0.7786246
1,0.5521264
1,0.69478434
0,0.18963553
1,0.6867314
1,0.86014926
1,0.7077943
0,0.73888624
0,0.7539332
0,0.6182633
0,0.44258955
1,0.58686364
0,0.76728797
0,0.8096794
1,0.5811321
0,0.57928294
0,0.7408938
0,0.7097494
1,0.5097179
0,0.627818
0,0.45858172
1,0.47078884
0,0.719822
1,0.7448049
1,0.48434594
0,0.71818787
0,0.6215058
0,0.65628
1,0.7024657
0,0.6407469
0,0.6627502
1,0.59061414
1,0.6187103
1,0.7502763
1,0.83410937
0,0.48147693
1,0.8806405
0,0.741924
0,0.782174
0,0.77677983
1,0.64764357
0,0.7489244
1,0.70319116
1,0.83838177
0,0.65940905
1,0.8354198
1,0.7001375
1,0.6577562
0,0.07857934
0,0.6806682
0,0.68204325
1,0.28578
0,0.45701385
0,0.82293856
1,0.58982563
1,0.8719421
0,0.5332564
0,0.5060996
0,0.5847172
1,0.42927915
0,0.3014753
0,0.5056795
1,0.4616888
1,0.4644142
1,0.45226926
1,0.55582416
0,0.6615075
1,0.38085344
1,0.45933342
0,0.9261505
1,0.902244
0,0.92996377
0,0.93216544
0,0.92464286
0,0.7337211
1,0.9049944
1,0.81091404
1,0.7868016
1,0.71008384
0,0.52626395
0,0.8827916
0,0.8242053
1,0.79132795
0,0.768222
1,0.75214815
0,0.8588714
0,0.8616119
0,0.5859616
0,0.90865093
1,0.97034633
0,0.61620307
1,0.40553376
1,0.79051286
0,0.8439424
0,0.7798155
0,0.7562855
0,0.7868954
0,0.72441274
1,0.7117564
0,0.745128
0,0.42893684
0,0.713552
1,0.74250096
1,0.7226086
0,0.46866533
1,0.6268193
0,0.46042654
0,0.44480976
1,0.509779
1,0.746835
0,0.3966884
1,0.54530495
1,0.93436265
0,0.88247555
1,0.88941336
0,0.6935816
0,0.83615935
1,0.75120765
1,0.8246004
0,0.7435572
1,0.79972064
1,0.83597434
0,0.6534252
1,0.7265511
0,0.52924216
0,0.9282166
0,0.88571167
0,0.7046354
0,0.7538464
0,0.8039361
0,0.86700696
0,0.6754738
0,0.5377977
0,0.5226689
1,0.49508703
1,0.48677325
0,0.7533611
0,0.8625954
0,0.7613532
0,0.7831111
1,0.8232849
0,0.8738548
1,0.8957614
0,0.75609267
1,0.8511086
0,0.81550366
1,0.8674158
0,0.8155343
1,0.7758553
1,0.8516726
0,0.6058836
0,0.8748648
1,0.9143748
0,0.780481
1,0.8762804
0,0.77100325
0,0.87551445
1,0.768114
1,0.72534305
0,0.83581233
0,0.49314177
0,0.86017984
0,0.7027823
1,0.7343288
1,0.8658037
0,0.68256634
1,0.5657048
0,0.7890249
1,0.7098304
0,0.3740033
1,0.8230764
0,0.55099636
1,0.6368228
0,0.59983814
0,0.75230306
1,0.64104205
1,0.3405565
0,0.5618407
1,0.64265627
0,0.73267084
1,0.6934912
0,0.64466965
0,0.5613735
1,0.25626284
1,0.09319088
1,0.15719593
1,0.6751996
1,0.64592594
0,0.8349833
0,0.7303459
1,0.77247506
0,0.47040763
0,0.3826493
0,0.5435616
1,0.5396829
0,0.6254003
0,0.5592041
0,0.6562024
1,0.7184999
1,0.7156812
1,0.6570348
0,0.749715
0,0.47889125
1,0.70530194
1,0.6763731
0,0.40106213
1,0.522235
1,0.5498545
1,0.38039577
1,0.76817423
1,0.8353388
1,0.7186867
0,0.73303556
0,0.31466156
0,0.35447443
0,0.8318898
1,0.8037022
0,0.8843201
1,0.83906615
0,0.8520276
0,0.8395005
0,0.6121556
0,0.6586877
1,0.71705854
1,0.34696227
0,0.22106801
0,0.38331717
1,0.350491
1,0.33536914
1,0.41145703
1,0.4870158
1,0.44088584
1,0.58789694
0,0.64228094
1,0.5548798
0,0.5260805
0,0.5051628
0,0.84590924
1,0.44351712
0,0.4336738
0,0.7637849
1,0.6122378
1,0.4790327
1,0.5598011
0,0.75992745
0,0.78273976
1,0.75484705
1,0.8409982
0,0.4797
0,0.75274146
0,0.39886045
0,0.60676813
1,0.4168365
0,0.52053034
0,0.57222944
1,0.52517563
0,0.8122712
0,0.7355971
0,0.5953441
1,0.57855725
1,0.3475447
0,0.3537664
0,0.46308056
1,0.34605047
1,0.54572546
0,0.53568304
1,0.6802768
1,0.3896936
1,0.7445414
1,0.20326978
0,0.7362257
0,0.6217479
1,0.7991102
0,0.7137094
0,0.51621157
1,0.26172596
1,0.63174534
0,0.72151375
0,0.68579435
0,0.8225063
0,0.39321235
0,0.3735612
0,0.9049808
0,0.46165732
1,0.8897533
0,0.6773239
0,0.8448714
1,0.71651834
1,0.43202397
1,0.7061673
1,0.61736786
0,0.7106542
0,0.68558306
0,0.711717
0,0.74332666
0,0.4784692
1,0.62621844
1,0.502119
0,0.3905926
1,0.3764557
0,0.523704
0,0.77341884
1,0.55089945
0,0.4535686
0,0.4498526
1,0.60726124
1,0.44967625
1,0.3883357
0,0.7055418
1,0.83032984
0,0.83911884
1,0.5542964
1,0.7277368
0,0.60720766
0,0.6471994
1,0.72478026
1,0.7365021
1,0.71339613
1,0.8241176
1,0.8538144
1,0.83956
0,0.55300885
1,0.91915375
0,0.56168836
1,0.5564552
0,0.7087554
1,0.42531738
0,0.6640661
0,0.8010354
0,0.5963428
0,0.8488123
0,0.7546606
0,0.9167849
1,0.88288367
0,0.6934052
1,0.62840295
0,0.5829643
0,0.5989155
1,0.69493
1,0.88173294
0,0.7223035
0,0.9050302
1,0.57206553
0,0.6832559
0,0.70805824
1,0.8285659
0,0.41023764
1,0.3568359
1,0.87621707
0,0.72086096
1,0.3867861
1,0.83860075
1,0.7236253
0,0.72916037
0,0.62028474
0,0.88585854
1,0.8256007
1,0.79420185
0,0.85960066
0,0.80411756
0,0.85577714
1,0.82441014
0,0.83047235
1,0.9009992
1,0.8254192
0,0.63770473
0,0.7603944
0,0.725922
1,0.33792207
0,0.7117706
0,0.69158316
1,0.68314004
1,0.7829319
0,0.9058975
1,0.7074526
0,0.90951157
0,0.8736073
1,0.77742696
0,0.7731448
1,0.7881701
0,0.84343755
1,0.8417517
1,0.8861126
1,0.76075953
1,0.8788207
1,0.7970255
0,0.83747435
0,0.8930973
1,0.8474458
0,0.8513373
1,0.85802066
0,0.8530218
0,0.8435994
1,0.8389356
0,0.72725344
0,0.6353152
0,0.63775223
0,0.90793055
0,0.91436106
0,0.36427748
0,0.83696276
1,0.7158128
0,0.61228293
0,0.68166
0,0.47120246
1,0.37402657
1,0.39271876
1,0.76252484
1,0.7545233
0,0.5342289
1,0.41897482
0,0.51960945
1,0.33445364
0,0.14542691
1,0.21306029
1,0.27919373
0,0.2721355
0,0.29281464
1,0.84893256
1,0.52594554
1,0.7262992
0,0.58084464
1,0.67059875
0,0.70908266
1,0.89648736
1,0.5690789
1,0.5754863
1,0.5233415
1,0.799656
1,0.35952103
1,0.3034572
0,0.49248353
0,0.4415689
0,0.81806815
1,0.90647125
1,0.5325242
0,0.7898432
0,0.6857556
1,0.83456033
1,0.78337944
0,0.7989846
1,0.79383284
1,0.7377724
1,0.63119996
1,0.26309338
1,0.3152842
0,0.5677845
0,0.58439183
1,0.90444976
1,0.895394
1,0.6410302
0,0.7743962
0,0.9191419
0,0.72457117
0,0.7683166
0,0.7289021
1,0.8351928
0,0.7926511
0,0.7360595
0,0.8169358
1,0.43035197
0,0.7459161
1,0.56490916
1,0.6464059
0,0.432511
1,0.82156104
1,0.68121886
1,0.34809563
0,0.81977606
0,0.8170853
0,0.66793936
1,0.6437025
1,0.55384433
0,0.70201117
1,0.81695586
0,0.8457029
0,0.8923582
0,0.73042023
1,0.75240314
1,0.55599
0,0.48617122
1,0.6475362
1,0.711281
0,0.29619575
1,0.49230307
0,0.6412435
1,0.5531234
0,0.5287171
0,0.68346035
1,0.71067333
1,0.64411247
1,0.5368565
1,0.66048867
1,0.52099097
1,0.54247653
0,0.68436396
1,0.8096176
0,0.6039847
1,0.6475155
0,0.41251442
0,0.747293
1,0.7829881
1,0.7654283
0,0.72405237
0,0.70755315
1,0.682457
1,0.40874404
0,0.4950812
0,0.71450084
1,0.5952762
0,0.6191253
0,0.67837507
0,0.5874316
0,0.51948386
0,0.72664267
0,0.465474
1,0.5433108
1,0.2632014
1,0.79333824
0,0.45910084
0,0.5026943
1,0.49161676
0,0.4142402
1,0.16473897
1,0.48569167
1,0.36222363
0,0.6876998
0,0.7434874
1,0.5749184
1,0.78610665
0,0.56891495
0,0.7853194
0,0.82686496
1,0.58640015
1,0.42583513
0,0.6754754
0,0.7327661
0,0.65019965
0,0.34780154
0,0.4470333
0,0.67711437
0,0.37486884
1,0.45766902
1,0.47727206
1,0.45371088
0,0.73214906
1,0.72249454
1,0.6273648
1,0.7666384
1,0.65629894
0,0.4458033
0,0.39925447
0,0.658314
1,0.79808253
1,0.602624
0,0.51039046
1,0.5530544
0,0.5714122
0,0.80630666
1,0.8646106
1,0.75407845
1,0.812994
1,0.48908895
1,0.69923323
0,0.7419935
1,0.60809594
0,0.28377798
0,0.6509429
1,0.6484104
0,0.28824353
1,0.47806427
0,0.62448096
1,0.88292885
1,0.3483772
0,0.35718542
0,0.710782
1,0.57437444
1,0.51511645
1,0.8047604
1,0.57822907
1,0.74587566
1,0.742472
0,0.62148213
1,0.3270562
1,0.5165958
1,0.7103394
0,0.88338846
1,0.20161477
0,0.50694066
0,0.7789643
0,0.6842894
0,0.7864816
1,0.76524276
0,0.34860966
1,0.56992954
0,0.55453163
0,0.7871039
0,0.42094386
0,0.29236597
0,0.6813171
0,0.59482306
0,0.5340289
0,0.42071906
0,0.25309482
0,0.498178
0,0.28662
1,0.42998755
1,0.27718744
1,0.5286299
0,0.731255
1,0.60742706
0,0.6798074
0,0.7929775
1,0.95491976
0,0.7046353
0,0.53984636
0,0.713287
0,0.7065535
1,0.7614869
0,0.8437466
0,0.82666975
1,0.7432546
0,0.38974187
1,0.7752789
1,0.5220274
1,0.7157841
0,0.7008325
1,0.8799885
1,0.8247437
1,0.8832063
1,0.81042457
0,0.72778404
1,0.690099
0,0.51271003
1,0.639545
1,0.39627975
1,0.36999598
1,0.31806514
0,0.175645
1,0.37156102
0,0.34502828
1,0.93601483
0,0.6683287
0,0.7120095
1,0.8160208
0,0.7752476
1,0.6700019
1,0.6061982
1,0.5963871
0,0.5553977
0,0.6862798
0,0.94770765
1,0.8466852
0,0.71556157
0,0.7018091
0,0.33220285
0,0.40011615
0,0.6369577
1,0.73081046
0,0.71969837
0,0.52378887
0,0.684304
0,0.7165053
0,0.9074128
0,0.9209906
1,0.5460378
0,0.5588981
1,0.73356575
0,0.59469074
0,0.59477866
0,0.68923724
0,0.47477052
0,0.44893384
0,0.15879501
1,0.70076007
0,0.78453356
0,0.76350445
1,0.76640993
1,0.75195074
1,0.7308202
1,0.78228056
0,0.8582377
0,0.8194434
1,0.8773399
1,0.85352623
1,0.12966771
1,0.055915955
0,0.14398365
0,0.45988417
0,0.11182931
0,0.54728585
0,0.7841964
1,0.88895756
1,0.7493345
1,0.548989
1,0.10168423
0,0.4520681
1,0.85977703
0,0.6138873
1,0.35254344
0,0.4788379
1,0.8748672
1,0.37659064
0,0.047319937
0,0.13605969
0,0.81561035
0,0.9605832
1,0.9408687
1,0.95727044
1,0.7071148
1,0.6162699
1,0.157453
0,0.18005957
0,0.88722515
1,0.8645461
0,0.6288223
0,0.9513535
1,0.7998849
1,0.8323582
1,0.49508283
0,0.459868
0,0.9250899
0,0.6256288
1,0.91078705
0,0.80271703
1,0.91404665
0,0.9350779
0,0.8620104
0,0.8278503
1,0.81303436
0,0.59486014
1,0.75265133
0,0.5471166
0,0.8477922
0,0.8260949
0,0.8826145
0,0.7080238
0,0.85872245
1,0.68277013
0,0.71189743
0,0.7048764
0,0.616274
0,0.6216276
1,0.72949904
0,0.7498931
1,0.7350832
1,0.71605116
1,0.7664423
1,0.7284114
0,0.92574483
0,0.7263087
1,0.6476679
1,0.65059084
1,0.7390431
0,0.92474174
1,0.72658014
0,0.5930551
1,0.72268605
0,0.88366175
0,0.88744646
1,0.76160544
0,0.7999603
1,0.7192819
0,0.68248117
1,0.6446188
1,0.6428849
1,0.726407
1,0.90368587
1,0.3347191
1,0.7683358
0,0.68775326
0,0.8707974
0,0.6848986
1,0.5234892
1,0.8870447
0,0.8139657
0,0.7437945
0,0.7216081
1,0.6067219
1,0.55938345
1,0.7079485
0,0.6586735
1,0.7711861
0,0.59276396
0,0.4992109
0,0.67090285
1,0.4123004
0,0.7611267
1,0.74535775
1,0.510261
1,0.7964783
0,0.5262079
0,0.6684216
0,0.6503871
1,0.55589515
1,0.6405481
1,0.6544876
1,0.65699553
0,0.63523734
1,0.5630353
0,0.5694535
0,0.7456532
1,0.63071483
0,0.5265049
1,0.66710806
0,0.51719624
0,0.6791521
0,0.20392957
0,0.68702585
1,0.16150232
0,0.6993437
0,0.6733736
1,0.45544854
0,0.45029318
0,0.3768717
1,0.35690802
0,0.38664588
1,0.65952694
1,0.2787856
0,0.3734291
1,0.6298502
0,0.4065891
1,0.48647016
1,0.3451141
1,0.43570355
0,0.71111983
1,0.4823854
1,0.5692079
1,0.74763244
0,0.8321252
1,0.8150744
1,0.53938
0,0.57531965
1,0.6439491
1,0.6651566
1,0.5669482
0,0.90119606
1,0.63822496
0,0.60318696
1,0.7179496
0,0.55963707
0,0.24827564
0,0.538014
0,0.6251987
1,0.47407246
1,0.20803823
1,0.51428807
1,0.839825
0,0.63620764
0,0.70205534
0,0.47130373
1,0.5516189
1,0.6637628
1,0.61387545
1,0.63366306
0,0.73938954
0,0.6894022
1,0.73636156
1,0.80204356
1,0.5716885
1,0.69982636
1,0.5449189
0,0.49089625
1,0.49055964
0,0.57366675
1,0.68328637
1,0.60802937
0,0.5867521
1,0.84528315
1,0.4552341
0,0.6025875
0,0.6643656
1,0.76665163
1,0.44089788
0,0.43311822
1,0.7147889
0,0.42157683
0,0.67714477
1,0.77009785
1,0.5478432
1,0.7423887
1,0.83578485
0,0.5375619
1,0.89995843
0,0.5663979
1,0.8508803
0,0.79555035
1,0.7293701
1,0.6913758
0,0.7806189
1,0.88095355
1,0.7126455
1,0.8133253
0,0.6927002
0,0.8788393
0,0.84255844
1,0.50368947
1,0.4426577
1,0.6564966
1,0.6002375
1,0.763088
0,0.43134794
0,0.5529407
0,0.882334
1,0.8483325
0,0.7597471
0,0.7648369
1,0.90344465
0,0.6731419
1,0.5992223
0,0.7122557
0,0.8130363
1,0.9037914
1,0.8530418
0,0.42754373
1,0.70716995
1,0.42104053
0,0.54578394
0,0.6719689
1,0.83964086
1,0.06861499
0,0.18734197
0,0.20320225
1,0.22781536
0,0.33509395
1,0.6879481
1,0.6346293
0,0.05955411
1,0.2717081
0,0.09928484
0,0.945951
1,0.92760813
0,0.8600222
1,0.90272576
1,0.7038008
1,0.8336232
1,0.49557325
1,0.3711598
1,0.424665
1,0.4808538
1,0.7472466
0,0.637646
0,0.8850362
1,0.85660243
0,0.89510673
0,0.9118562
0,0.94275343
1,0.8744319
1,0.7705458
1,0.6952366
0,0.72071004
1,0.96458435
1,0.68225354
0,0.42002895
0,0.66454816
1,0.7863192
0,0.7003358
1,0.75950044
0,0.8536421
1,0.8659064
0,0.75167143
0,0.86904174
0,0.7623803
0,0.7432937
0,0.49977076
1,0.70687795
1,0.7422361
1,0.7701909
0,0.6332491
1,0.7787867
0,0.5804791
1,0.73382837
0,0.7981748
1,0.82003534
1,0.7461097
1,0.52872
1,0.3853218
1,0.5291449
0,0.17967708
0,0.6751357
1,0.07186445
0,0.39857575
1,0.44360265
1,0.42911273
1,0.38475716
0,0.36018953
1,0.5362547
0,0.7903755
1,0.86147857
1,0.84229034
0,0.81841975
1,0.77795696
1,0.88687223
0,0.91416234
1,0.9495305
0,0.6253022
0,0.798036
1,0.91106886
1,0.58619267
1,0.75670296
0,0.66185725
0,0.5093342
1,0.7038417
1,0.7903654
1,0.42784464
0,0.4905826
1,0.72188956
0,0.5626093
0,0.4056633
1,0.69624954
0,0.6043396
1,0.76388514
0,0.6436432
1,0.34088132
0,0.7421206
0,0.86066675
0,0.90432936
0,0.7996204
0,0.86317444
1,0.27652463
0,0.30525815
0,0.2724392
1,0.51415837
0,0.5853368
1,0.49134877
1,0.6126234
1,0.61682767
1,0.23691215
0,0.45072
0,0.7546257
0,0.6184012
0,0.8755802
0,0.8615072
0,0.59753937
1,0.55477554
0,0.8546251
1,0.88498276
0,0.66835237
1,0.7895386
0,0.62827015
1,0.87111133
0,0.8190741
0,0.93673843
1,0.65265095
1,0.61142796
0,0.7246425
0,0.749117
0,0.622377
1,0.67491627
0,0.55243665
0,0.8407596
1,0.7055802
0,0.5674815
0,0.6521443
0,0.7720583
1,0.7556433
1,0.5244288
0,0.66368824
0,0.5396898
1,0.5796306
1,0.5395418
0,0.78763634
1,0.7717415
1,0.55278665
1,0.73716724
1,0.42726186
1,0.38481483
0,0.6435171
0,0.86888087
0,0.6872637
1,0.8222474
1,0.70679456
0,0.76278895
0,0.79123354
1,0.26921704
0,0.24895999
0,0.9175524
1,0.7438512
0,0.14331101
1,0.69019717
1,0.67288953
0,0.7380398
0,0.8636245
0,0.89543915
1,0.7553284
0,0.84402287
1,0.7577084
0,0.8848504
0,0.8661353
0,0.8712984
1,0.5412025
1,0.59316283
1,0.6931159
1,0.711145
1,0.62479836
1,0.64753175
0,0.4622896
0,0.79507387
1,0.6081854
1,0.8194063
0,0.85112077
0,0.5988743
1,0.3730701
0,0.6546491
0,0.42030612
1,0.73813343
1,0.4315287
1,0.3599829
1,0.42902437
1,0.72696453
1,0.7139893
0,0.6965281
0,0.6409077
0,0.6343735
1,0.7852095
0,0.58561105
1,0.64858884
1,0.54966474
1,0.74264884
0,0.43181837
1,0.59506446
0,0.41326877
0,0.51271147
1,0.8011064
1,0.50766355
1,0.6201457
1,0.5015038
0,0.61231405
1,0.6019443
1,0.83470696
0,0.6810508
0,0.43525848
0,0.7237237
0,0.6315044
1,0.47319388
0,0.34737432
1,0.28779498
1,0.52493155
1,0.5683654
1,0.7856396
0,0.7682413
0,0.7594365
0,0.41126397
0,0.6633483
0,0.71373653
0,0.5958344
1,0.61148775
1,0.3455552
1,0.4202169
0,0.5602584
0,0.48668376
1,0.7434738
1,0.27938995
1,0.37965053
0,0.47532377
0,0.58591694
1,0.62618935
0,0.68941325
0,0.47384197
1,0.35685676
0,0.4740911
0,0.30002585
0,0.16640508
1,0.54494745
1,0.45423242
0,0.5073862
0,0.83159095
1,0.6912932
0,0.62775654
1,0.5351793
1,0.6525312
1,0.5949952
1,0.6803086
0,0.5649568
1,0.555197
1,0.75631845
1,0.87559223
1,0.6101949
1,0.5126158
1,0.41243848
1,0.46227527
1,0.535605
0,0.43860617
1,0.7451585
1,0.40987659
1,0.6275431
0,0.81822765
1,0.9276821
1,0.5906452
1,0.6799721
0,0.46444517
1,0.70349616
1,0.35661155
1,0.46411565
0,0.42887172
0,0.9312523
1,0.776487
1,0.7061515
1,0.6913278
0,0.56812143
0,0.82789314
1,0.7149522
0,0.5106357
1,0.9164274
0,0.786117
1,0.8963755
1,0.6899328
0,0.6469094
0,0.8286078
0,0.7495052
0,0.80472004
1,0.806867
1,0.7609724
0,0.6753995
1,0.85125905
0,0.6785368
0,0.8155911
1,0.70798856
1,0.7068178
1,0.76917136
1,0.6463575
1,0.7567019
1,0.42213106
1,0.8505843
1,0.832955
0,0.727868
0,0.7959111
1,0.6775883
1,0.7342569
1,0.8895745
1,0.8877341
0,0.7801898
0,0.78502125
0,0.8271136
0,0.7023487
1,0.6170158
0,0.54419404
0,0.6676347
1,0.75635433
1,0.48112538
1,0.5669359
1,0.63146
1,0.73283476
0,0.7516929
0,0.81862074
0,0.75627774
0,0.75146216
0,0.79614025
1,0.8401451
0,0.48850217
0,0.75252926
1,0.6366432
1,0.48451692
1,0.595578
0,0.6910535
1,0.86624587
1,0.6777868
0,0.82233816
1,0.877629
0,0.71053976
1,0.68375516
0,0.6264106
1,0.80445915
0,0.76959485
1,0.7087058
1,0.37061235
1,0.48736477
0,0.42012915
1,0.4594483
0,0.58781713
1,0.49788037
1,0.40542617
1,0.33097628
0,0.57714343
1,0.5925779
1,0.4560902
0,0.41289964
1,0.5203142
0,0.4149162
1,0.5476444
0,0.5449067
1,0.5294332
1,0.36844894
0,0.5097727
1,0.61448604
1,0.56466544
0,0.8055768
0,0.5466576
1,0.6300742
1,0.13174318
0,0.28299475
0,0.44562456
1,0.40899682
1,0.28343296
1,0.6439872
1,0.549077
1,0.43196642
0,0.41466588
1,0.61090463
1,0.4121638
0,0.5789546
1,0.76102525
1,0.599346
1,0.5890277
0,0.46483493
1,0.54662806
0,0.5008055
0,0.5700248
1,0.72518325
1,0.28281292
1,0.28749096
1,0.61234486
1,0.46661684
0,0.36380106
1,0.76462966
0,0.63819814
1,0.8190176
0,0.50035685
0,0.48961294
1,0.7775794
1,0.5219912
1,0.43671829
0,0.36615953
1,0.5704196
1,0.4636885
0,0.38827527
1,0.537779
0,0.43207365
1,0.50033766
0,0.37848228
1,0.6528894
0,0.6562853
0,0.543505
1,0.19999622
1,0.48378387
1,0.66050434
0,0.610217
0,0.54509985
1,0.47717655
0,0.4318089
0,0.6863995
1,0.39817277
1,0.3558362
1,0.34957212
0,0.40502414
1,0.46163902
1,0.6529523
1,0.51658714
0,0.480731
0,0.5780526
0,0.5420652
1,0.3451448
0,0.56186527
0,0.43733042
1,0.24579863
0,0.2873432
0,0.22274493
0,0.49409434
1,0.67264706
0,0.44623855
1,0.48057413
0,0.5530645
1,0.3037984
1,0.566733
1,0.48497194
0,0.48107517
1,0.62096584
0,0.33474687
0,0.6666701
1,0.46214667
1,0.588665
0,0.58721936
0,0.5575931
0,0.29916596
0,0.34352976
0,0.3269962
1,0.6509592
1,0.3645763
0,0.31217614
0,0.29454616
0,0.683009
0,0.647628
1,0.4603313
1,0.5205876
1,0.72222495
1,0.40916738
0,0.3536994
1,0.46443343
0,0.4090627
0,0.602049
1,0.67474747
0,0.31403854
0,0.6049168
0,0.686322
1,0.39975768
0,0.50612146
0,0.38948116
0,0.2706917
1,0.573817
0,0.51438093
0,0.68193877
0,0.66189873
0,0.74990875
0,0.6521947
1,0.7971715
0,0.57209575
0,0.66904163
1,0.6886015
0,0.66372216
1,0.6568564
0,0.55060846
0,0.5043811
0,0.52832705
1,0.7007144
1,0.4544588
1,0.21598594
1,0.2928576
0,0.60163105
0,0.69286555
0,0.67757714
0,0.25211313
0,0.31634468
1,0.31791016
0,0.6412042
0,0.72334665
0,0.7225625
1,0.59011286
0,0.38252842
1,0.55695283
1,0.62567437
0,0.6753015
0,0.58898735
0,0.38364318
1,0.5538129
1,0.4846684
0,0.3971107
0,0.5829524
0,0.6486421
0,0.5467927
0,0.61631006
0,0.63218033
0,0.5532849
0,0.5953627
1,0.6607423
1,0.5777057
0,0.48779768
0,0.50235534
0,0.7291739
0,0.37477618
0,0.56883293
0,0.5474745
1,0.5400735
1,0.6634549
1,0.5294659
0,0.6763566
0,0.61851704
1,0.64517003
0,0.39033917
0,0.8744276
1,0.51324725
1,0.33096904
1,0.5251007
1,0.27847567
0,0.48932785
1,0.7023888
1,0.40592197
0,0.28901687
0,0.3533909
0,0.53010195
0,0.44881767
1,0.8336929
1,0.5268846
1,0.3946411
1,0.35193327
1,0.27323836
1,0.81516314
1,0.81801075
0,0.71788156
1,0.8251451
0,0.8455118
1,0.32482412
1,0.16047084
1,0.27159664
0,0.18638523
1,0.46473613
0,0.53403443
1,0.58587253
0,0.534556
1,0.6871406
0,0.44052985
0,0.6968007
0,0.44591683
0,0.67776746
0,0.53466463
0,0.49247348
0,0.37639776
0,0.34212518
1,0.5374925
1,0.32131886
1,0.15714669
0,0.27981752
0,0.57502615
1,0.38587135
1,0.21591571
1,0.40724736
1,0.3595665
1,0.68108624
1,0.59722346
0,0.6466722
0,0.4210111
0,0.6621636
1,0.5725458
0,0.52337104
1,0.62242174
1,0.54073745
0,0.49799386
1,0.48738685
1,0.5475729
0,0.63743687
0,0.4676334
0,0.34513807
0,0.37292507
0,0.48232517
1,0.37896746
0,0.38098934
1,0.40740532
1,0.5121134
0,0.48524287
1,0.2956027
1,0.58641535
0,0.28963915
0,0.55779666
1,0.34347665
0,0.4302244
0,0.5561092
0,0.5685482
0,0.7103074
0,0.3093116
1,0.35995078
0,0.5673352
0,0.26544032
0,0.5007332
1,0.2778917
1,0.31215343
1,0.4509639
0,0.32269317
0,0.4805085
1,0.27488208
1,0.34837887
0,0.3054972
1,0.2006463
0,0.3996969
1,0.43164837
0,0.7484518
0,0.57191074
1,0.43292922
0,0.6657487
1,0.36922753
0,0.47380447
1,0.41889045
0,0.32540116
0,0.6252923
1,0.46769503
0,0.46320003
0,0.47778973
0,0.48024958
1,0.2956227
1,0.23775336
1,0.4986325
1,0.82813805
1,0.34049323
0,0.07857457
0,0.12247113
0,0.5718663
1,0.5715748
0,0.57226336
1,0.4637347
1,0.05322879
0,0.058722816
1,0.05526795
0,0.39426154
0,0.31409895
0,0.8181321
0,0.85329497
1,0.86593413
0,0.6521715
0,0.671785
1,0.5870086
0,0.43048707
0,0.6976547
0,0.5505699
1,0.746092
0,0.661709
0,0.44399872
1,0.58365655
1,0.34648547
0,0.35936666
1,0.38097805
1,0.49415922
1,0.41309005
0,0.44992593
1,0.6366459
1,0.3559361
0,0.38593566
0,0.42608976
1,0.46407065
0,0.41414332
1,0.766255
0,0.6418728
0,0.57236713
1,0.4667534
1,0.5259617
0,0.4959081
1,0.566181
1,0.55488265
1,0.47737932
0,0.547942
0,0.3111514
1,0.51113224
1,0.27641574
0,0.64334434
0,0.698907
0,0.47920784
1,0.4854577
0,0.61950254
0,0.614607
1,0.50152373
0,0.3418721
1,0.48429325
0,0.44726256
0,0.643045
0,0.48262632
1,0.3711539
0,0.4942983
0,0.56160593
1,0.45627776
0,0.51238126
1,0.7135215
1,0.65724486
0,0.70822173
1,0.38286936
1,0.14963283
0,0.51200354
0,0.5282197
0,0.27541694
0,0.45566556
1,0.48595637
0,0.24394242
0,0.28832424
0,0.49546272
1,0.4333967
0,0.46369696
1,0.26592278
0,0.3613762
0,0.333788
1,0.2959467
0,0.3796958
1,0.46271688
0,0.5048498
1,0.33766776
1,0.49215558
0,0.32023278
0,0.3107459
1,0.28896958
0,0.49397975
1,0.43100148
0,0.18571377
0,0.46258616
1,0.40712172
1,0.4622063
0,0.5941433
0,0.6044585
0,0.43217066
1,0.62204325
0,0.3987071
1,0.60313
0,0.706181
0,0.67408806
1,0.5554606
0,0.4306879
1,0.41838065
0,0.3048222
0,0.43264547
0,0.45824525
0,0.54991907
0,0.4024659
1,0.5873977
0,0.61761886
0,0.6996501
0,0.6115127
1,0.6442754
1,0.62896657
0,0.62845635
1,0.7088493
0,0.6872895
0,0.42714676
0,0.5119632
1,0.51930314
0,0.5137233
0,0.8087657
1,0.33596113
1,0.45848188
0,0.45093498
1,0.5690331
0,0.5986068
1,0.58780175
1,0.6257214
0,0.42761293
0,0.6357288
1,0.6172653
0,0.5940715
1,0.6148135
1,0.59776145
1,0.41908127
1,0.1770295
0,0.41778558
0,0.48318034
1,0.5229491
1,0.3450865
1,0.26224583
1,0.5409812
0,0.4293539
1,0.5413541
1,0.5212816
0,0.6489617
0,0.29147518
0,0.5065668
1,0.5184893
0,0.478368
1,0.5308033
0,0.3790073
1,0.36725417
0,0.48276985
1,0.5564672
0,0.42333457
0,0.67531157
1,0.4817726
0,0.5498054
1,0.39982834
1,0.51927197
1,0.4408909
1,0.542342
0,0.58393574
1,0.38495305
1,0.66133887
0,0.32193682
0,0.41563055
1,0.42086157
0,0.35955775
1,0.16503358
1,0.6907324
1,0.63520694
0,0.7960887
0,0.3969471
1,0.29120764
0,0.5853205
0,0.35187966
1,0.5844081
1,0.4335049
0,0.29031384
0,0.3673078
1,0.3926808
1,0.38076907
0,0.544257
1,0.53926706
0,0.44022745
0,0.3765104
1,0.34323373
1,0.4368196
0,0.39691365
0,0.7219789
0,0.31830773
0,0.4668674
0,0.60087895
0,0.6796485
0,0.68344486
1,0.48214537
1,0.40414202
1,0.3672719
0,0.625523
1,0.4403714
1,0.28837192
0,0.5417435
1,0.58974254
0,0.4739965
1,0.38066638
0,0.4645036
0,0.67081803
1,0.57826537
1,0.40495035
1,0.4076451
0,0.6055469
1,0.50288856
0,0.53286046
1,0.5613302
0,0.46162608
1,0.63113725
0,0.4655307
1,0.43093276
0,0.5623446
0,0.32967475
0,0.49633944
1,0.46639997
0,0.24328706
0,0.7980207
0,0.25880545
0,0.5444908
1,0.140852
1,0.41903093
1,0.50586015
0,0.5998257
1,0.45723385
1,0.32780898
1,0.6131852
0,0.6776336
1,0.7342917
1,0.3396262
0,0.37328047
0,0.76759386
0,0.4072453
0,0.74575835
1,0.5245887
0,0.49891755
1,0.46634758
0,0.44211698
0,0.42419827
1,0.4565461
0,0.39467067
0,0.49324396
0,0.52566916
1,0.3937955
0,0.41542986
1,0.5342054
1,0.2587804
0,0.4810793
0,0.31319723
0,0.55718553
0,0.50155896
1,0.48605233
1,0.18219641
0,0.27490845
0,0.26129898
1,0.47388884
1,0.3813127
0,0.42050606
1,0.5888651
1,0.5766763
1,0.4517451
1,0.22510809
0,0.26375237
1,0.29118732
0,0.08659116
0,0.16838998
0,0.1806291
0,0.40595874
1,0.56734496
0,0.64098954
0,0.41838995
0,0.6667271
0,0.87700516
1,0.6993225
0,0.48931044
0,0.866016
0,0.8707659
0,0.7415036
1,0.8625504
0,0.60756844
0,0.66918045
1,0.58381015
0,0.5630153
1,0.5300176
1,0.3154078
0,0.63124573
1,0.6384836
0,0.7932256
1,0.71396357
1,0.45987734
0,0.67066294
1,0.60697955
0,0.64464796
0,0.19668598
0,0.3306155
1,0.62359643
0,0.4991435
0,0.42304775
0,0.41099086
1,0.40972856
1,0.4556526
0,0.48195633
1,0.39629495
1,0.56112045
1,0.53251845
0,0.4363804
1,0.27582926
1,0.43735668
1,0.49495465
0,0.3718847
0,0.4086447
0,0.44118303
1,0.54935646
0,0.5046219
1,0.6543738
1,0.5627834
0,0.57653075
1,0.3204795
0,0.657013
1,0.5964546
1,0.6111679
1,0.55402666
1,0.54102093
1,0.48051688
0,0.6181068
0,0.67502916
1,0.574146
1,0.70041627
1,0.52344966
0,0.5022471
0,0.6286079
0,0.67172986
1,0.40241763
1,0.45184124
1,0.5425232
0,0.38169795
1,0.3329047
0,0.8440781
1,0.31972483
0,0.38323683
0,0.39476427
1,0.73152757
0,0.6204157
1,0.40979794
0,0.70996714
0,0.48330218
1,0.4241195
0,0.5564755
1,0.43632793
1,0.34633183
1,0.77801144
1,0.42224517
1,0.53874916
0,0.39807886
0,0.77421886
0,0.6091924
1,0.9214744
0,0.4471898
1,0.5090592
1,0.8019767
0,0.7482215
1,0.7389097
0,0.7583127
0,0.4604523
1,0.6722445
0,0.5436514
1,0.4542824
1,0.3757096
0,0.7276095
1,0.4564612
1,0.5554795
0,0.7165021
0,0.70479476
0,0.41515622
1,0.72261554
0,0.29309118
0,0.31860277
1,0.40122744
0,0.5552844
1,0.72251505
1,0.63288593
0,0.6736179
0,0.7477311
1,0.7592335
0,0.45428634
0,0.7471896
0,0.62643516
1,0.812529
1,0.6677897
0,0.5666557
0,0.5761775
1,0.5461688
0,0.50521284
0,0.5328794
1,0.6524027
1,0.6392415
1,0.5210341
0,0.5218302
0,0.5247745
1,0.591694
1,0.35501823
1,0.5095263
0,0.41926312
1,0.40062767
0,0.61628836
0,0.4906627
1,0.29772097
0,0.3345788
1,0.38465306
0,0.58487374
0,0.4131264
1,0.5002701
1,0.45572576
1,0.4998655
1,0.5788408
0,0.5164548
0,0.40579912
1,0.37603748
0,0.44561264
0,0.52712464
0,0.3093032
0,0.6747132
0,0.5618078
0,0.47744775
0,0.47002545
0,0.5555428
0,0.37791952
1,0.3426961
1,0.32862496
0,0.5919569
0,0.62188774
1,0.5028221
0,0.5699637
0,0.3694243
1,0.54199106
1,0.45296416
1,0.38187063
0,0.6181778
0,0.5146626
0,0.4312039
0,0.48434296
1,0.20243569
1,0.74141026
0,0.5980259
0,0.17486434
1,0.13709322
0,0.71471995
1,0.45429933
1,0.6420174
0,0.38366935
0,0.46213067
1,0.4333715
0,0.43278864
0,0.5307217
0,0.7134865
1,0.5409521
0,0.47444665
1,0.4179317
1,0.5172628
1,0.46073437
0,0.51976633
1,0.41028294
0,0.44202518
1,0.56389964
0,0.38932094
1,0.4076908
1,0.37369314
1,0.3765902
1,0.50579387
0,0.23104602
1,0.30566522
0,0.46544144
1,0.5981535
1,0.53879917
0,0.5465956
1,0.625651
1,0.6990692
0,0.41806826
1,0.5339241
1,0.49511743
0,0.6471288
1,0.72870743
0,0.45710948
1,0.8676625
1,0.07167709
1,0.48534933
1,0.06807403
0,0.3266004
1,0.4867616
0,0.16529058
1,0.47054636
1,0.32039794
1,0.41529906
0,0.13073978
1,0.5731177
0,0.2195834
0,0.71506464
1,0.782999
1,0.5234238
0,0.66693956
0,0.6892172
1,0.80574423
1,0.53463906
0,0.3463266
1,0.49764213
0,0.38667038
0,0.47165665
0,0.56466347
1,0.5961328
0,0.545681
0,0.49420604
0,0.5372506
1,0.34701598
0,0.60110855
0,0.5375335
1,0.5434836
1,0.7876982
1,0.47728214
1,0.46634352
0,0.41990802
1,0.42247787
1,0.38489968
1,0.31116566
0,0.37922254
0,0.4393654
0,0.39566794
0,0.37389788
0,0.4132338
0,0.4584731
0,0.53767085
1,0.44523567
0,0.31880614
0,0.2681401
1,0.45544904
0,0.21997437
1,0.59128886
1,0.32845396
1,0.21690279
1,0.08710246
1,0.13237019
0,0.1664054
0,0.18067467
0,0.070788205
1,0.40149033
0,0.8224287
1,0.4853165
0,0.7146939
0,0.714826
0,0.57570744
1,0.6772559
0,0.20674036
1,0.38928533
1,0.858919
1,0.31723577
1,0.31756496
0,0.3651232
1,0.7596867
1,0.35651904
0,0.3315849
0,0.35011673
0,0.6769244
0,0.6496333
0,0.81311184
0,0.82085985
1,0.91186035
0,0.72894365
1,0.66690457
1,0.382107
1,0.51465803
0,0.3033374
0,0.5379719
1,0.5487491
0,0.47679365
1,0.6651479
0,0.48280504
0,0.6547713
0,0.47589394
1,0.5168286
1,0.3553455
0,0.45274815
0,0.39288843
0,0.55627954
0,0.5067895
0,0.5978272
0,0.20521785
0,0.43008706
1,0.30724722
1,0.40566015
1,0.6599272
0,0.40221685
0,0.38331333
0,0.2825977
0,0.26033577
1,0.61183393
0,0.4153163
0,0.46590507
0,0.5314593
1,0.56306225
0,0.65308034
0,0.36130482
1,0.76560825
1,0.5350222
0,0.40105987
1,0.56906766
1,0.7764049
0,0.3566235
0,0.67522347
1,0.5491457
1,0.43605468
1,0.4663818
0,0.5934445
0,0.26709315
1,0.6073986
0,0.5873836
0,0.4825261
0,0.6006155
1,0.6246254
0,0.44884992
0,0.43994027
0,0.625243
0,0.41804883
0,0.6834851
0,0.4719888
1,0.444421
0,0.51956064
1,0.4452329
1,0.6061246
1,0.34637132
1,0.5598548
0,0.4085652
1,0.35039377
1,0.3078116
0,0.22922069
0,0.410263
0,0.4833446
0,0.4164187
1,0.42505163
0,0.7606769
0,0.6244447
1,0.62002903
1,0.509755
0,0.40334827
0,0.59842104
1,0.40701783
0,0.50836045
0,0.36713162
0,0.45397174
0,0.6674708
0,0.46951923
0,0.49506178
1,0.64640635
1,0.3954864
0,0.55897
0,0.47561508
0,0.48857245
0,0.41019627
0,0.3378472
0,0.7405822
0,0.51835996
0,0.47981328
0,0.46319827
0,0.71428674
1,0.34773046
0,0.46357283
0,0.56318986
0,0.5580547
1,0.5082442
1,0.6564169
1,0.6578375
0,0.4828913
0,0.536895
1,0.4996803
0,0.5836456
0,0.62561524
0,0.659967
1,0.49855092
0,0.45128596
1,0.7471957
1,0.4547426
1,0.5986186
0,0.3900494
0,0.49121153
1,0.56508565
1,0.50001323
1,0.74474305
1,0.5356831
1,0.53391814
1,0.7979643
0,0.6167169
1,0.48874977
1,0.09750181
1,0.07155459
0,0.10259983
1,0.7207943
0,0.56642956
1,0.42958635
0,0.7640153
0,0.6878827
0,0.34102735
0,0.5180706
1,0.57829326
0,0.3007885
1,0.6031012
1,0.5024981
1,0.6032921
0,0.6218639
1,0.45457476
0,0.5506292
0,0.544845
1,0.5915167
0,0.42236117
0,0.48610163
0,0.41788805
1,0.6146467
0,0.32131457
0,0.56933224
1,0.6702296
0,0.5417093
1,0.342051
0,0.36291698
1,0.336972
0,0.5173472
1,0.37723875
0,0.3844932
1,0.41710702
1,0.5384909
1,0.30775666
0,0.43048698
1,0.35475284
0,0.42902333
1,0.65455335
1,0.6686019
0,0.64671165
0,0.46467707
1,0.48091295
1,0.24140424
1,0.72279507
1,0.69558287
1,0.40746376
0,0.71631306
1,0.46082795
1,0.30291957
0,0.6536871
1,0.7054149
0,0.74033314
1,0.88273346
0,0.65644073
1,0.5456402
1,0.5101868
1,0.53347427
1,0.6062316
0,0.61352634
1,0.86989194
1,0.6170932
1,0.5287682
0,0.50818545
0,0.8148616
0,0.7840436
0,0.6261184
0,0.58167857
1,0.33967245
1,0.39187887
0,0.51380837
1,0.505638
1,0.5317294
0,0.3361
1,0.85480386
1,0.57462305
1,0.50508946
1,0.5479923
1,0.38550723
0,0.46712956
1,0.57042944
0,0.44651663
0,0.40134722
0,0.36342272
1,0.637507
1,0.41563654
0,0.39715892
1,0.59030646
0,0.41350374
0,0.43543282
1,0.40710023
0,0.5453555
0,0.29153097
1,0.25213304
0,0.44910237
0,0.6297898
0,0.46293372
1,0.3937466
1,0.40071157
0,0.5015135
0,0.33991987
0,0.31087065
0,0.3496643
1,0.6968073
1,0.3295449
1,0.39126614
0,0.4390747
0,0.4734468
0,0.41898528
1,0.6693323
1,0.33689237
1,0.62140185
1,0.45307022
1,0.41769874
0,0.36430955
1,0.45642105
1,0.3146687
1,0.5999342
0,0.2738783
1,0.43759516
0,0.43190116
0,0.41556284
0,0.65683043
0,0.50239533
0,0.63621014
1,0.3660645
1,0.40925252
0,0.3628515
0,0.58034056
1,0.773038
0,0.4827348
0,0.46685445
1,0.438865
1,0.6280208
1,0.5158635
0,0.52122843
1,0.35841295
1,0.51058465
0,0.45103893
0,0.50998485
0,0.46695498
1,0.2983829
0,0.38557938
1,0.42270365
1,0.3499341
0,0.4119944
0,0.4498469
1,0.39743003
0,0.33887315
0,0.4369063
1,0.70703477
1,0.34528357
1,0.49432474
0,0.5981367
1,0.5175647
0,0.404951
1,0.4734141
0,0.5573199
0,0.39708146
0,0.5989792
0,0.2902139
0,0.27397695
0,0.56092095
1,0.7219881
1,0.413618
0,0.45005155
1,0.47014943
0,0.54292816
1,0.24960479
1,0.6075397
0,0.70158297
0,0.6761801
1,0.17346662
0,0.630233
0,0.34010997
1,0.4525828
1,0.37740698
0,0.38454023
1,0.6507193
0,0.49757785
0,0.59028465
0,0.38847464
0,0.45586655
0,0.54939586
1,0.38152096
1,0.51137775
1,0.39251623
1,0.44710508
1,0.36801782
0,0.5009893
1,0.26065636
0,0.55583584
0,0.5267511
0,0.40141702
0,0.35689104
1,0.39205992
0,0.39449927
0,0.2189989
1,0.27561408
1,0.25166452
0,0.2574631
0,0.30583873
1,0.26963764
1,0.4230204
0,0.35343564
1,0.41474462
1,0.29413244
0,0.3732816
1,0.14716633
0,0.37201527
1,0.61261296
1,0.53205633
0,0.44117355
0,0.42440793
0,0.34643638
0,0.72203463
0,0.7394209
0,0.79878414
0,0.864768
1,0.74968064
1,0.7841643
0,0.66799825
0,0.5755855
0,0.50189155
1,0.55842626
0,0.5827915
0,0.30972704
1,0.7466148
0,0.68909085
1,0.6037583
0,0.6769188
1,0.5919629
0,0.66756475
1,0.63876355
1,0.61394376
0,0.60648
1,0.630279
0,0.45131955
0,0.5467189
1,0.62909067
0,0.5294163
1,0.70692277
1,0.39717382
0,0.37669325
1,0.45896253
0,0.3611284
1,0.34580597
0,0.31675175
0,0.39237165
1,0.4499077
0,0.7056041
1,0.5844782
0,0.50234795
1,0.63436055
1,0.40678698
1,0.39651403
0,0.43947393
0,0.50580215
0,0.5442646
0,0.5246177
0,0.18025222
1,0.568216
0,0.5119678
1,0.6771753
1,0.5347511
1,0.25056437
1,0.36883482
1,0.55137783
0,0.31931496
0,0.399236
1,0.47105035
0,0.35793832
0,0.6084284
1,0.24413905
1,0.3988585
0,0.42472598
1,0.50332713
0,0.47352195
1,0.46370828
1,0.42389658
0,0.542036
0,0.4697355
0,0.32049897
0,0.3678073
0,0.4887967
1,0.44679633
0,0.45989972
0,0.2370957
0,0.40691745
1,0.52629197
1,0.5399779
0,0.45677087
0,0.4380971
0,0.39957827
0,0.29102662
1,0.53439647
0,0.3836285
1,0.6081171
1,0.5471771
0,0.47514516
0,0.4390523
1,0.43250477
0,0.57441807
1,0.5291324
1,0.52131003
1,0.59265816
1,0.7082329
1,0.55887747
0,0.72334754
0,0.22639963
0,0.5184627
0,0.38407785
0,0.692906
0,0.38740617
1,0.74384856
1,0.45287699
0,0.43801937
0,0.36197042
1,0.51141936
1,0.4660953
0,0.49104828
1,0.32211295
0,0.50366545
1,0.5936105
0,0.37907094
1,0.32846066
0,0.42464548
1,0.7292153
0,0.5987029
0,0.6065054
0,0.23958394
0,0.21090455
0,0.4712198
1,0.5954605
0,0.5871156
0,0.415124
1,0.59934294
1,0.46858984
0,0.3669404
0,0.5142197
1,0.44948706
0,0.42019382
0,0.57414126
1,0.82090324
1,0.45694166
0,0.5191611
0,0.3888418
1,0.47856385
0,0.33182794
0,0.3665703
0,0.25548333
0,0.2621483
0,0.4034636
0,0.44896302
1,0.49881667
0,0.39631382
0,0.4250766
1,0.72199464
1,0.8205056
0,0.44276547
0,0.60498965
1,0.62662977
1,0.34049237
1,0.47126836
1,0.26062953
0,0.33349136
1,0.5634475
0,0.43968183
0,0.47442755
0,0.6144744
0,0.43409187
0,0.46298727
1,0.35161287
0,0.3888577
1,0.42047772
0,0.44949338
0,0.38452345
1,0.30115604
1,0.47233567
0,0.56605214
1,0.50721824
0,0.52355415
0,0.66657543
1,0.3948893
0,0.48905295
1,0.5922695
0,0.43697286
0,0.46638098
0,0.39249498
0,0.4907185
1,0.55307776
0,0.5238579
1,0.4324914
1,0.6433233
1,0.55302197
1,0.32088944
0,0.59370863
1,0.41677052
1,0.42428592
0,0.56130785
0,0.36119685
1,0.21667394
0,0.4862764
0,0.5231737
0,0.47134542
1,0.41061065
0,0.35435548
1,0.5425623
1,0.4968316
1,0.42666593
0,0.38745773
0,0.52378017
0,0.34159866
0,0.40362638
1,0.6532842
1,0.6539338
0,0.42898685
1,0.44257468
0,0.3932936
0,0.26459584
1,0.29279622
0,0.44725752
1,0.367333
0,0.3215573
1,0.59768015
1,0.5534893
0,0.527456
1,0.26845407
1,0.55006987
1,0.45858142
1,0.46793535
1,0.5527241
0,0.67442214
0,0.31246042
0,0.46090594
0,0.34569362
0,0.5788219
0,0.4836478
1,0.30718708
1,0.21269554
1,0.5040035
1,0.2159978
0,0.46697906
0,0.2883551
0,0.3766704
1,0.42617097
0,0.4946885
0,0.4318471
0,0.28808397
1,0.45366392
1,0.6675112
1,0.41675052
0,0.4124143
0,0.3104806
0,0.34843254
1,0.4164471
0,0.3749643
1,0.3462605
1,0.55231464
1,0.5027774
1,0.6489289
0,0.11215083
1,0.15455659
1,0.2031373
1,0.58522725
0,0.4023809
1,0.84131485
0,0.32214192
1,0.32431808
0,0.23423782
0,0.7632612
0,0.60695654
1,0.5193959
1,0.39169723
0,0.62012863
1,0.6750901
1,0.45233858
1,0.44472918
1,0.46443397
1,0.7303981
1,0.612033
1,0.35159937
1,0.44457662
1,0.27017805
0,0.52653736
0,0.6834303
0,0.45129645
1,0.7381053
0,0.24960883
1,0.43783027
1,0.2646234
0,0.43139803
1,0.69645005
1,0.52030426
1,0.58960205
0,0.5672087
1,0.38534403
0,0.6812599
0,0.48296702
0,0.5075237
0,0.68532306
0,0.65644914
0,0.6657764
0,0.48316443
1,0.4392925
1,0.3576411
1,0.37532753
0,0.34890035
1,0.23910934
1,0.485711
0,0.47355798
1,0.3412511
0,0.4404758
0,0.5450515
1,0.4596946
1,0.40075257
1,0.4674103
0,0.6587716
0,0.69304895
0,0.2938191
0,0.473971
1,0.33499494
1,0.36630455
1,0.38661262
0,0.57604206
0,0.42420578
0,0.2953429
1,0.2958188
1,0.41085842
0,0.50863034
0,0.6230039
0,0.19036502
1,0.3238397
1,0.5459056
1,0.5432052
0,0.5836429
0,0.47188812
1,0.39464214
0,0.32365388
0,0.23682274
0,0.42575076
1,0.60573995
0,0.28242466
0,0.58395994
1,0.5348809
1,0.34371057
1,0.33523178
1,0.20895138
0,0.5654049
0,0.3188595
1,0.5806321
0,0.32675135
0,0.35308987
1,0.553278
0,0.45791265
1,0.35197952
0,0.2926897
0,0.4871285
0,0.47364637
1,0.5752721
0,0.5996967
0,0.58705926
0,0.5481758
0,0.41445094
0,0.39598066
1,0.48609045
0,0.41048753
1,0.51781493
1,0.4961095
1,0.5628377
0,0.49736673
1,0.41208458
1,0.6413259
1,0.7476061
0,0.656041
0,0.5056931
1,0.5179356
1,0.568923
0,0.6427255
0,0.53128
1,0.29689324
1,0.40824044
0,0.3656326
1,0.39010626
0,0.36828232
0,0.3427543
1,0.18349233
0,0.41361672
0,0.52701724
1,0.6027084
1,0.4003285
0,0.58078486
0,0.4922369
1,0.61038655
0,0.52736336
1,0.36460504
1,0.55745447
0,0.53473717
1,0.55512834
1,0.4038408
0,0.3636483
1,0.60156614
0,0.6806975
0,0.3385811
0,0.3511759
1,0.58217895
0,0.371211
1,0.46038252
1,0.62042266
0,0.5466196
1,0.5927557
1,0.70390373
0,0.71803975
1,0.59324235
1,0.70378006
0,0.44692424
0,0.49618772
0,0.63984543
0,0.62098557
1,0.44668332
0,0.5229965
0,0.65896654
0,0.4155696
0,0.520382
0,0.4541908
1,0.50772595
0,0.37331733
0,0.46438515
0,0.6074869
1,0.59885895
1,0.47224942
0,0.46166843
0,0.4653905
0,0.32312745
1,0.31552246
0,0.41772857
0,0.30921116
1,0.62062174
1,0.43152216
0,0.66129
1,0.46718585
0,0.47166345
1,0.5425403
0,0.3898127
0,0.74133277
1,0.41951305
1,0.45624518
0,0.5128361
0,0.5970853
1,0.5583822
0,0.52424324
0,0.52077305
0,0.44398
0,0.35552806
0,0.42916042
1,0.47165358
1,0.48381466
1,0.40187198
0,0.58230835
1,0.44554484
0,0.39673284
1,0.33544436
0,0.4896027
0,0.3011314
1,0.6123931
0,0.24044813
0,0.5457946
1,0.3707589
0,0.3492802
0,0.44723547
1,0.35176277
0,0.2905048
1,0.4826176
0,0.33719608
1,0.4459882
0,0.62219155
0,0.31324774
1,0.54263747
0,0.4466705
0,0.4457714
1,0.40763682
1,0.46025562
1,0.41070607
1,0.4588429
1,0.40565518
0,0.44774652
1,0.55412996
0,0.5741495
0,0.5170338
1,0.27527627
1,0.27409962
0,0.45860258
0,0.38006237
1,0.48887452
1,0.45860082
1,0.33819664
1,0.37463462
0,0.26044407
1,0.20492
0,0.26165533
0,0.47848645
0,0.43918213
1,0.4760516
1,0.5195776
0,0.35039565
1,0.5106274
0,0.23309435
1,0.3456296
1,0.4104386
0,0.3811608
0,0.39679393
0,0.48202735
1,0.63287425
0,0.27853784
1,0.38588348
0,0.2561602
0,0.39206886
1,0.46496713
1,0.40331396
0,0.286583
1,0.29563558
1,0.37009132
1,0.3109475
1,0.33973777
0,0.45843387
1,0.30696714
0,0.36394233
0,0.30588844
0,0.49882504
1,0.44214135
1,0.36821422
0,0.39042145
1,0.40353733
1,0.2981635
1,0.4110919
1,0.27349722
1,0.21136706
1,0.26529008
0,0.16777879
0,0.3979062
0,0.30277848
0,0.30766597
0,0.39856339
1,0.32700872
1,0.54600906
0,0.35235798
0,0.53353953
0,0.3923746
0,0.44614422
0,0.44138905
0,0.67719966
1,0.5601862
1,0.3572159
0,0.55271083
0,0.37013516
0,0.7167349
0,0.79383904
1,0.73976356
1,0.57018286
0,0.5447996
1,0.46763068
0,0.5709806
1,0.6755693
1,0.62847435
1,0.56991434
0,0.3385658
1,0.72612184
1,0.6008628
0,0.44042253
0,0.5561906
1,0.21367803
1,0.4843344
1,0.50160325
1,0.37320393
1,0.2727084
0,0.2920425
1,0.4024595
0,0.28965843
1,0.46106428
1,0.21029548
0,0.44771785
0,0.38859507
1,0.43981624
1,0.38884556
0,0.29933015
0,0.47798994
0,0.73743194
0,0.56939614
0,0.6455682
0,0.6592711
0,0.5907998
1,0.4289121
0,0.4039484
1,0.39441264
0,0.40244457
1,0.4022525
0,0.4708104
1,0.5341324
1,0.603615
0,0.5383583
0,0.5393934
0,0.66780275
0,0.5385548
1,0.5678355
0,0.22186726
0,0.51168627
0,0.5244231
1,0.49385598
0,0.5384605
0,0.6620557
1,0.4600442
1,0.6589028
1,0.5232869
0,0.50115275
0,0.42775294
0,0.55205774
1,0.47230515
0,0.42834607
1,0.76723117
1,0.64291054
0,0.37479138
1,0.69092333
1,0.59903
1,0.53081274
0,0.47132117
0,0.572437
1,0.386223
1,0.4823813
0,0.6653476
0,0.5491544
0,0.5601981
1,0.5501094
1,0.5000958
1,0.36921793
0,0.38267514
1,0.8698586
0,0.5912771
0,0.7019756
1,0.6968476
0,0.55291754
0,0.6643827
1,0.33922064
0,0.42240873
0,0.62587506
0,0.46882874
0,0.42553928
0,0.47510675
1,0.4334634
1,0.2749148
1,0.40163642
0,0.42866287
1,0.49333167
1,0.546006
1,0.4480915
1,0.4771615
0,0.3120029
0,0.5659348
0,0.36571008
0,0.4165608
0,0.31663394
0,0.28023347
1,0.54158485
0,0.42764822
0,0.43823797
0,0.4741146
0,0.52581286
0,0.43731254
0,0.7023021
1,0.71650594
0,0.39722595
1,0.5076418
0,0.4894256
1,0.42231905
0,0.33855683
1,0.43825054
1,0.6356521
1,0.37124267
0,0.35990617
1,0.5617288
1,0.4580251
0,0.24394497
1,0.40164533
0,0.53357536
1,0.49918783
0,0.5636294
1,0.5052903
0,0.70335543
1,0.5530002
0,0.44313258
0,0.6923909
0,0.45593184
1,0.39400524
1,0.41968095
0,0.5894311
1,0.5937234
0,0.5594032
1,0.6622275
0,0.561248
1,0.387758
1,0.427787
1,0.5061433
1,0.4415176
1,0.5221995
0,0.52715176
0,0.48613852
1,0.37009993
1,0.5057678
1,0.61660606
1,0.3197015
0,0.44467816
1,0.5145993
0,0.41289997
1,0.43055013
1,0.32638812
1,0.35472322
1,0.41961008
0,0.55316114
1,0.44578144
1,0.5958996
0,0.35824978
1,0.6664306
0,0.55386704
1,0.56138915
1,0.29088396
0,0.4266323
0,0.53608125
1,0.4821134
0,0.3812582
0,0.2688216
1,0.4537132
1,0.41730207
0,0.34084597
0,0.4819602
0,0.36274397
1,0.47315902
1,0.4803184
1,0.44536376
1,0.4632629
0,0.61247104
1,0.64391935
0,0.39551562
0,0.46330175
0,0.5134422
1,0.60873634
0,0.425147
0,0.4285418
0,0.46159995
0,0.3986367
1,0.6605675
0,0.659978
0,0.43823114
1,0.36032537
1,0.43413985
0,0.4561772
0,0.6448728
0,0.65109515
0,0.27219617
0,0.6943311
1,0.5432313
0,0.47428915
1,0.36406714
1,0.5522846
0,0.6100294
0,0.22281219
1,0.34920454
0,0.29846615
0,0.26099166
1,0.55219084
0,0.36134192
1,0.5278611
1,0.4738337
1,0.4817712
0,0.4152559
1,0.37595686
0,0.38831624
1,0.6421896
0,0.57257384
0,0.49290383
0,0.50074846
0,0.36727145
1,0.37707445
0,0.3748709
1,0.43294272
0,0.4990397
0,0.3521822
0,0.46338475
0,0.55256337
1,0.71610314
0,0.47197664
0,0.67457485
0,0.36424533
1,0.5432946
0,0.6443833
0,0.35047582
1,0.34972617
0,0.34104997
1,0.38639215
0,0.3633325
1,0.42351145
0,0.6094984
1,0.436864
1,0.50324833
0,0.5456998
1,0.52276856
1,0.421172
0,0.53144646
0,0.56540084
1,0.28346032
1,0.42577064
1,0.40640047
0,0.7534898
1,0.5405107
1,0.42947814
0,0.22110069
1,0.7660843
1,0.3461674
0,0.50960016
0,0.49077702
1,0.36645877
1,0.5079517
0,0.44939354
0,0.38975123
1,0.7366078
0,0.38371962
0,0.5312867
1,0.4515667
1,0.5264261
1,0.40792915
0,0.47106352
0,0.51069933
0,0.7890006
1,0.60454977
0,0.7651938
0,0.54439723
0,0.48799938
0,0.4537469
1,0.50809586
1,0.40617064
0,0.6254771
1,0.46438727
1,0.6706663
0,0.4620891
1,0.4936028
1,0.5004063
1,0.5666967
1,0.3136943
1,0.44600016
1,0.22746459
1,0.4732341
1,0.38395333
1,0.28673464
1,0.26693913
1,0.4136418
1,0.67486185
1,0.6868547
1,0.6402913
1,0.40331715
1,0.42047292
0,0.30877078
0,0.6657222
0,0.68127084
0,0.3975647
0,0.5428414
1,0.65095174
1,0.48839006
1,0.49794355
0,0.24937177
1,0.73539627
0,0.53048867
0,0.6558721
1,0.5289836
1,0.288578
0,0.41778266
0,0.48029998
0,0.4718681
1,0.52515364
1,0.3835427
0,0.53362876
0,0.6681141
1,0.33611166
1,0.3978352
0,0.6308331
1,0.48482293
0,0.3869847
0,0.5093272
1,0.6615923
1,0.40399426
0,0.37050068
1,0.5036248
0,0.53358215
0,0.7491259
0,0.5512884
0,0.48228988
0,0.28951457
0,0.7361466
1,0.6950871
0,0.21436705
1,0.54358023
0,0.4160183
1,0.5423369
1,0.4282558
1,0.5230712
0,0.40627292
1,0.63677907
0,0.4638941
0,0.53214616
0,0.50540066
1,0.5501076
0,0.5141836
0,0.43456239
1,0.55683
0,0.2505755
1,0.3241425
1,0.71643424
1,0.5508611
0,0.6038849
0,0.7608195
1,0.61456776
1,0.37558895
0,0.426572
0,0.6709923
0,0.74918205
1,0.24100871
1,0.27054513
0,0.29476407
0,0.3192303
0,0.3489872
0,0.42178488
1,0.2685057
1,0.21386623
1,0.2641475
1,0.30887386
1,0.15039371
0,0.22378293
1,0.21091357
1,0.099414505
1,0.29715163
1,0.56771076
0,0.4677101
1,0.60834104
1,0.53297687
1,0.31038934
0,0.80994743
0,0.59548503
0,0.6739774
0,0.44483784
1,0.42887464
0,0.31775093
1,0.535126
0,0.367537
1,0.7571914
0,0.53203225
0,0.3263234
1,0.44345257
1,0.25685441
0,0.24821998
0,0.46435565
0,0.31449154
1,0.48314655
1,0.29074433
1,0.51486063
1,0.5457842
1,0.45498267
0,0.4174193
0,0.51512206
0,0.35601446
0,0.39707237
0,0.3615645
1,0.50399023
0,0.33854005
0,0.4860236
1,0.54858387
1,0.3919484
0,0.3496033
0,0.5945385
1,0.43298396
1,0.44148013
1,0.2258869
1,0.229411
0,0.36507168
0,0.47281906
1,0.47435737
0,0.49888492
0,0.5313331
1,0.30922425
0,0.36461276
0,0.4263981
1,0.57048213
1,0.34523237
1,0.34899127
0,0.39386767
1,0.3844111
1,0.6420786
1,0.5055681
0,0.42202783
1,0.3548809
1,0.36331603
1,0.48337635
0,0.49585375
0,0.654129
1,0.47548294
1,0.4488821
1,0.25461483
0,0.34138727
1,0.47346228
0,0.27420223
0,0.6056673
1,0.505418
1,0.44901553
0,0.49209797
1,0.52795595
1,0.5481769
1,0.25777885
1,0.5656331
0,0.5282778
1,0.6424453
0,0.48663035
0,0.55811554
1,0.6236834
0,0.22326162
0,0.39806497
0,0.3399685
1,0.4193343
0,0.4365011
1,0.42711323
0,0.49332517
1,0.51463944
0,0.40950274
0,0.54516846
1,0.59952223
1,0.55420476
0,0.53024024
1,0.5782521
0,0.39616504
1,0.50117373
0,0.4712744
1,0.48000512
0,0.40789932
0,0.59034204
0,0.5028542
0,0.5968265
1,0.43388027
0,0.5557296
1,0.6154165
0,0.38939333
1,0.57826555
1,0.2578238
0,0.49018943
1,0.60679996
0,0.44757402
1,0.49793705
0,0.6029266
1,0.39416817
1,0.4376211
1,0.4792097
0,0.43848374
0,0.5165074
1,0.40490997
0,0.3919733
0,0.67906624
1,0.49491084
1,0.58216447
0,0.35624295
0,0.47896412
1,0.46724248
0,0.33282506
0,0.6120206
1,0.3546679
1,0.43133423
1,0.47864118
0,0.38412508
0,0.43986282
0,0.32004863
1,0.33726496
1,0.56978357
0,0.40755054
1,0.4893332
1,0.43362448
0,0.4071961
1,0.37647066
1,0.46353173
0,0.41902873
1,0.41667426
0,0.23150793
1,0.5539871
1,0.26224825
0,0.27983725
0,0.22883067
0,0.5056777
0,0.51359576
0,0.3880115
1,0.25853223
1,0.4645071
1,0.4161959
1,0.44447374
1,0.519328
1,0.3743592
0,0.61379987
0,0.6057307
1,0.32139483
1,0.42133322
0,0.31436408
1,0.52511865
1,0.313993
0,0.22444633
1,0.63915616
0,0.43897313
1,0.6753895
0,0.4660026
1,0.48839033
0,0.44480884
0,0.6633596
0,0.5572065
0,0.56329995
0,0.58323264
0,0.37429613
1,0.43181023
0,0.568274
0,0.61258894
1,0.46775365
1,0.4367347
0,0.42012227
1,0.53577924
1,0.36498705
0,0.5777985
1,0.3585888
0,0.43543553
1,0.46868163
0,0.30936894
1,0.41486144
0,0.39927354
0,0.36507532
1,0.43128425
0,0.29716426
1,0.5161633
1,0.20369622
0,0.5289572
0,0.39902157
0,0.41195694
0,0.5664829
0,0.45459062
1,0.42144558
1,0.42077887
0,0.34056753
1,0.34619337
0,0.39842454
0,0.5264039
0,0.57996535
1,0.5292929
0,0.435933
1,0.47266957
0,0.5343345
1,0.4902056
0,0.3334148
0,0.59254164
0,0.3175015
0,0.51632655
1,0.39992365
0,0.46265793
1,0.38993046
1,0.56782013
0,0.5252597
1,0.60907114
0,0.42890018
0,0.48517075
0,0.4326054
1,0.4583442
0,0.4621344
0,0.27248663
0,0.46263975
1,0.25799674
0,0.15953545
0,0.5445883
0,0.5273541
1,0.47847006
1,0.6069365
1,0.52489036
1,0.50556105
1,0.5647646
0,0.5678135
0,0.80405396
1,0.5280532
0,0.2685686
1,0.18796237
0,0.44419527
1,0.17572077
1,0.14432578
1,0.35637426
0,0.35164654
1,0.40315336
0,0.22483194
1,0.37797135
1,0.66606945
0,0.4284216
1,0.41031837
1,0.29262057
0,0.26694962
1,0.40749052
0,0.23768353
1,0.6098231
1,0.49045742
0,0.50815296
1,0.39533415
0,0.2590443
1,0.2538775
0,0.24011572
1,0.6409415
0,0.50855607
1,0.48995468
1,0.14153135
1,0.14328243
1,0.22570321
0,0.31075954
1,0.13930562
0,0.12505516
0,0.2207044
0,0.4348427
0,0.43943346
1,0.45832145
1,0.3320329
0,0.19178392
0,0.5040178
1,0.47496158
1,0.28465298
0,0.2828979
0,0.16311172
1,0.30021968
0,0.28958753
1,0.43547308
0,0.6090181
1,0.43409148
1,0.5627335
1,0.16472293
1,0.2725745
1,0.27395895
0,0.8216204
1,0.60384345
1,0.61826795
1,0.66530395
0,0.46422917
0,0.8700261
1,0.55143785
0,0.471498
0,0.38522115
1,0.51074666
1,0.4858636
1,0.46224827
1,0.45134485
1,0.59157425
1,0.35571265
1,0.43900087
0,0.6179725
0,0.78621334
0,0.76843876
0,0.47940567
1,0.42995948
0,0.22288513
1,0.4955278
0,0.25892165
0,0.6361223
1,0.5441166
0,0.6737523
0,0.53454846
0,0.4180793
1,0.7732183
1,0.46345654
0,0.69090647
0,0.5848763
0,0.6774621
0,0.7964862
0,0.60086536
0,0.5557729
0,0.56068516
1,0.64684695
0,0.2556106
0,0.31746015
1,0.62677747
0,0.30477494
0,0.60179514
0,0.51796883
0,0.46890295
0,0.41707116
1,0.49280116
1,0.38792112
0,0.5357436
0,0.47242048
0,0.5629941
0,0.39531985
0,0.6198128
0,0.6212785
0,0.5229394
1,0.4573532
1,0.64916915
0,0.38562018
1,0.4303386
1,0.4537246
1,0.52366173
1,0.6843597
1,0.5846705
0,0.5607055
0,0.6514745
1,0.8009595
1,0.4227022
0,0.20313989
0,0.57967484
1,0.36054045
1,0.46632913
0,0.44021055
0,0.3621646
0,0.41911593
1,0.42138356
0,0.49299142
0,0.51301914
0,0.4464682
0,0.5217135
1,0.3622366
0,0.47888038
0,0.40757617
0,0.53840894
1,0.5224047
1,0.46905082
0,0.42007908
0,0.6311432
0,0.52114946
1,0.3971644
1,0.47664908
0,0.28234822
1,0.4957865
0,0.56369734
0,0.6811929
0,0.57995856
1,0.47840098
0,0.637709
1,0.46390298
0,0.51015687
1,0.5258308
1,0.6534113
0,0.46023452
1,0.44281358
0,0.51693153
0,0.45083174
0,0.42074656
0,0.34859845
1,0.44323546
0,0.40001082
1,0.50634295
1,0.4798624
1,0.5636196
1,0.59365124
0,0.64412904
1,0.67131954
0,0.6382993
1,0.34048742
1,0.33984178
0,0.3692994
1,0.3935664
0,0.31078795
0,0.31816998
1,0.35984212
1,0.7325664
0,0.42755097
0,0.5972261
0,0.56836104
1,0.48624572
1,0.47972316
0,0.52905464
1,0.39657918
0,0.47106147
1,0.65879077
1,0.49383214
0,0.77230376
0,0.38293707
0,0.47010034
0,0.56946754
1,0.49374482
0,0.429987
0,0.5157728
0,0.31801125
1,0.36944026
0,0.5540665
0,0.6227569
1,0.5531704
0,0.37363097
0,0.3690303
0,0.44898847
1,0.55363196
1,0.43445623
1,0.49476096
0,0.50641924
1,0.5517835
0,0.5908643
0,0.4702067
1,0.5763171
1,0.47861743
0,0.64415354
1,0.57041293
1,0.4690101
0,0.5573963
1,0.7829305
0,0.587545
1,0.599811
1,0.52808607
1,0.3404157
1,0.3569165
1,0.36966798
0,0.45504782
1,0.44009858
1,0.59324133
1,0.3840531
1,0.3132221
1,0.37764865
0,0.34500846
1,0.69940966
1,0.5790039
1,0.3979871
0,0.368048
1,0.6992911
1,0.3485678
0,0.29259202
1,0.5044629
1,0.20795754
0,0.24362135
0,0.70303196
0,0.5114271
0,0.547163
0,0.5724731
0,0.38484764
0,0.49083284
0,0.27154994
1,0.21285273
0,0.17279601
0,0.7309903
1,0.88531965
0,0.34959066
0,0.51418895
1,0.7476852
1,0.24719265
0,0.5640813
0,0.5387094
0,0.59741634
0,0.62748414
1,0.64928687
0,0.5756787
0,0.6158612
1,0.4004067
1,0.3584834
0,0.5383195
0,0.6013927
1,0.61508083
1,0.46440044
1,0.42189002
0,0.45152703
1,0.5297071
0,0.4622828
1,0.4990509
1,0.4722739
0,0.13500464
0,0.19622743
0,0.29943523
1,0.51188654
0,0.31827313
1,0.4331024
1,0.4169226
1,0.57597154
0,0.7888625
1,0.5422811
1,0.54443383
0,0.33232456
0,0.5043785
0,0.70807415
0,0.36452958
1,0.57968384
1,0.47617283
1,0.44887877
1,0.3825228
0,0.3689363
1,0.3831615
1,0.53624296
0,0.47912923
1,0.46833423
1,0.6287177
0,0.46208093
1,0.49066392
0,0.41389227
1,0.2963562
0,0.26051113
0,0.5102131
0,0.51187134
0,0.4890472
0,0.4903161
1,0.45160753
1,0.42602825
1,0.49468786
0,0.7287541
0,0.29570282
0,0.252373
1,0.24189882
0,0.36372048
0,0.31731623
0,0.18631604
1,0.26196
1,0.47064388
1,0.38913485
1,0.4688675
1,0.20784394
0,0.35159728
1,0.45055172
1,0.23041621
1,0.3631761
1,0.37970924
1,0.39770663
0,0.29046774
0,0.61720306
0,0.41939965
0,0.41364923
1,0.35012475
0,0.48498583
0,0.42034295
0,0.5173035
1,0.6433702
0,0.5342202
0,0.62102807
0,0.53750217
0,0.5873628
0,0.58867145
0,0.41686514
1,0.5898187
0,0.31893063
1,0.73793185
1,0.43971428
1,0.40284866
1,0.6676841
1,0.45235667
0,0.69082224
1,0.57881427
0,0.71620136
1,0.72706383
0,0.23361473
1,0.4150253
1,0.33264512
1,0.2392932
0,0.3811688
1,0.39763176
1,0.4367267
0,0.5661757
0,0.52754253
0,0.44901416
0,0.4963441
0,0.60280025
1,0.50764257
1,0.43139276
1,0.57678246
1,0.5803008
1,0.5095501
1,0.521004
1,0.4683284
1,0.33410537
0,0.20959784
1,0.30631995
0,0.5081037
1,0.5746972
1,0.6037186
1,0.48042783
0,0.31140432
1,0.46040663
0,0.41489333
1,0.3401681
0,0.29393896
0,0.53233844
1,0.3868063
1,0.5976567
1,0.41539842
1,0.7133564
1,0.69261783
0,0.3518473
0,0.52765816
0,0.59258866
1,0.53772384
1,0.46512523
0,0.5440865
1,0.4505217
0,0.50609004
0,0.50109404
0,0.5514863
0,0.41770637
0,0.44426066
1,0.4483371
1,0.541974
1,0.41502145
1,0.40465647
1,0.46187037
0,0.6319226
1,0.5692768
0,0.40144587
0,0.49256682
1,0.550246
1,0.47757354
1,0.36366972
0,0.46835828
1,0.46965286
1,0.49414375
1,0.44603765
1,0.32735345
0,0.37430114
1,0.788729
1,0.23669524
0,0.60326236
1,0.6018366
1,0.342122
1,0.657741
1,0.29095927
0,0.5097953
0,0.5507436
0,0.6065713
0,0.2994202
1,0.22189572
1,0.24179746
0,0.27215996
0,0.33164212
1,0.7268473
0,0.5491132
0,0.5924748
0,0.7310077
0,0.60477084
1,0.51465625
0,0.48957247
0,0.5649579
1,0.80791754
0,0.5144543
1,0.38835573
1,0.37014085
1,0.5329012
1,0.55239975
0,0.5192112
0,0.4773884
0,0.52982354
0,0.65592235
0,0.6125352
1,0.37136835
0,0.4565176
1,0.56042147
1,0.46830222
1,0.4551952
0,0.66600686
0,0.5170932
0,0.6523862
0,0.42173865
1,0.29380652
1,0.35283569
1,0.29640543
0,0.37156832
1,0.34409985
0,0.42608318
0,0.58443004
0,0.4808774
0,0.5130638
0,0.54973674
0,0.63828593
1,0.5049203
1,0.37991577
0,0.40963048
1,0.40038672
0,0.6342677
0,0.4546741
1,0.55342084
0,0.69264996
1,0.4273166
0,0.8519469
0,0.2564216
0,0.36703372
0,0.598697
0,0.5536494
0,0.4553367
1,0.3667989
0,0.26202488
0,0.49749982
0,0.56456363
1,0.62425125
0,0.395919
0,0.6959374
1,0.3559095
0,0.32892573
0,0.47518003
1,0.43628567
1,0.47976777
0,0.40960097
0,0.45084414
1,0.5447653
1,0.6274789
0,0.47036806
1,0.630206
0,0.46928644
1,0.53968334
0,0.70171005
1,0.55844265
1,0.63777274
0,0.7056152
0,0.5165611
1,0.51250076
1,0.57963485
0,0.6825253
1,0.6431428
1,0.40279025
0,0.38835207
1,0.34240842
1,0.30272463
0,0.28761196
0,0.48525617
0,0.317402
0,0.59488916
1,0.80342984
1,0.5170996
0,0.34323594
0,0.42898256
1,0.32583976
0,0.67345273
1,0.3724132
0,0.499247
1,0.6036025
0,0.39178768
1,0.52888376
1,0.59901285
0,0.5332919
1,0.5169117
0,0.47313458
0,0.41182402
0,0.46403825
0,0.55976963
1,0.5273737
0,0.60284936
0,0.48314106
1,0.5103764
1,0.46159676
0,0.35622427
1,0.4174747
1,0.4450461
0,0.39323246
1,0.53367835
1,0.28072312
0,0.45922822
0,0.55027175
0,0.5942037
1,0.6901138
1,0.3787962
0,0.46923342
1,0.42551526
0,0.4065589
1,0.49316823
0,0.5702569
0,0.6992622
1,0.7072198
1,0.5736804
0,0.4846776
0,0.5981553
0,0.6609277
0,0.4249636
1,0.51030964
1,0.43908978
0,0.3913527
1,0.69757694
0,0.50322324
0,0.48808354
1,0.42183948
1,0.44680217
0,0.698697
0,0.7750311
0,0.6759224
1,0.28104156
0,0.7232456
1,0.6953581
1,0.57794935
0,0.37293068
0,0.41416544
1,0.26542157
0,0.3923418
0,0.5484786
0,0.518812
1,0.50288796
1,0.57267207
0,0.4563694
1,0.6219293
0,0.5022386
0,0.41940477
1,0.40432146
0,0.31972206
0,0.50869656
0,0.6513483
1,0.47308704
1,0.5668175
0,0.5397137
0,0.53236127
1,0.51073784
0,0.48846143
1,0.63003474
1,0.52315164
1,0.59926736
1,0.5789492
1,0.5514024
1,0.5164123
0,0.43909252
1,0.51864856
1,0.51958615
0,0.33694482
1,0.37571543
1,0.43962097
1,0.49021533
1,0.36685124
1,0.36853433
1,0.46264535
1,0.31712216
0,0.3007478
1,0.55984586
1,0.44319206
0,0.5000063
1,0.40721458
1,0.68871963
0,0.5351956
1,0.59482485
0,0.47668016
1,0.38042918
0,0.5017118
1,0.52984154
1,0.510578
1,0.5409338
0,0.6106058
1,0.48023936
1,0.5738943
1,0.51713777
1,0.36601534
0,0.5881749
1,0.5384903
0,0.31229967
0,0.5167702
0,0.52586883
0,0.4994576
0,0.47560287
1,0.52042156
1,0.39017963
0,0.55661863
1,0.49523982
1,0.44932547
0,0.32421932
1,0.5319584
0,0.5054193
1,0.56326497
1,0.46708754
0,0.2869641
1,0.47855273
0,0.48799855
1,0.4988556
1,0.4983323
0,0.3702332
0,0.50386405
1,0.52116615
0,0.51640147
0,0.3975568
0,0.5328184
1,0.47977313
1,0.5674048
1,0.51513356
1,0.48494223
1,0.43958575
1,0.5085829
0,0.36127996
1,0.51907915
1,0.5638916
0,0.3209303
1,0.4930227
0,0.4051741
1,0.4797721
0,0.43047944
0,0.49377772
1,0.47137758
0,0.41914338
0,0.48386887
1,0.57834
0,0.48775944
1,0.55161524
0,0.49734426
0,0.4739469
0,0.4500162
1,0.5950703
0,0.4766053
1,0.61727935
1,0.5081307
0,0.41825122
1,0.5173682
1,0.45681775
1,0.27243653
0,0.43030843
1,0.57094485
1,0.345556
1,0.3832057
0,0.3724304
0,0.7027728
0,0.3907015
1,0.48295325
0,0.41257676
1,0.5567539
1,0.6247488
1,0.4349906
0,0.4415495
1,0.3996469
1,0.7539025
0,0.62978786
0,0.5942911
0,0.36583838
1,0.63709545
0,0.47701684
1,0.5654457
0,0.48694736
0,0.5879874
0,0.33085445
0,0.5498494
1,0.5120038
0,0.3561
1,0.5228538
1,0.4334212
0,0.4993951
0,0.42176107
0,0.543244
0,0.6255626
0,0.45081544
0,0.38325757
0,0.48669598
1,0.56289876
0,0.579497
0,0.42624214
1,0.57917374
0,0.42159858
0,0.3761975
0,0.567923
1,0.48196387
1,0.5894926
0,0.4406085
1,0.47315434
0,0.32985783
1,0.42761365
1,0.38554046
1,0.467162
1,0.27413824
1,0.7337529
0,0.23694105
0,0.6310239
0,0.5803117
1,0.6019549
0,0.6100244
1,0.5139531
1,0.33809617
1,0.43721706
0,0.32526028
1,0.5054254
0,0.3842432
0,0.57043684
1,0.43607482
1,0.18850932
0,0.24098858
0,0.20848726
1,0.4831159
1,0.3085629
0,0.4012242
1,0.29844087
1,0.58449256
1,0.5112521
0,0.26330107
1,0.3303556
0,0.42178568
1,0.4435027
1,0.26639253
0,0.17519942
0,0.23064853
0,0.3752638
0,0.55519944
1,0.7349179
0,0.63081926
1,0.666694
0,0.6332649
0,0.6002658
1,0.69086754
1,0.5319547
1,0.57926065
0,0.58071816
0,0.66776955
0,0.6181786
0,0.61971503
0,0.42399624
0,0.40016684
0,0.2635283
0,0.44307894
0,0.7433134
0,0.8094687
0,0.8207741
0,0.6743678
1,0.7836823
0,0.52698547
1,0.27643663
1,0.4370785
1,0.5220732
1,0.44722837
0,0.47755298
0,0.4733181
1,0.6177929
0,0.55330944
0,0.40491357
0,0.6317651
0,0.5996457
0,0.60465026
1,0.3862252
1,0.32851025
0,0.5031615
0,0.4231778
1,0.2913337
1,0.32725418
0,0.35738683
0,0.21455005
1,0.43400696
0,0.6594509
1,0.5828648
1,0.5804601
0,0.38527977
1,0.47569525
1,0.48103777
0,0.57096785
0,0.6044235
1,0.66843146
1,0.4698039
1,0.5047269
1,0.4718678
0,0.32532865
1,0.2887969
0,0.50618297
0,0.5882201
1,0.5826352
0,0.39947504
0,0.37527418
1,0.3209256
0,0.5264994
1,0.46865973
0,0.4706862
0,0.4703588
1,0.5536566
1,0.39589724
0,0.45282653
1,0.5864934
0,0.6271953
0,0.42421925
1,0.5804321
0,0.39032248
0,0.69294137
1,0.5461847
0,0.37546656
1,0.4535749
0,0.3862703
1,0.5981409
0,0.39320505
0,0.36243448
1,0.49762866
1,0.33427408
0,0.29782507
1,0.6739331
0,0.32425964
0,0.68256503
0,0.5184904
1,0.44036564
0,0.65036935
1,0.5721625
0,0.6395228
1,0.50478613
1,0.35177374
1,0.41144976
1,0.49592787
0,0.49300602
0,0.64020014
0,0.5061536
1,0.64070225
1,0.25190175
1,0.49127978
0,0.4876921
0,0.53162044
1,0.4265617
1,0.33621225
0,0.26192838
1,0.2555223
1,0.36137936
1,0.45126566
1,0.34543464
0,0.23200966
1,0.42163512
0,0.41260317
0,0.6891856
1,0.52999514
1,0.5508717
1,0.53010404
0,0.5598874
0,0.36449674
0,0.54883367
1,0.4715067
1,0.37377417
1,0.6377772
1,0.6833032
1,0.8419407
1,0.83051616
1,0.8173931
0,0.6583288
0,0.5296231
0,0.5848699
1,0.67287916
0,0.6005083
0,0.6125564
0,0.5769505
1,0.6215387
1,0.4296177
1,0.7328777
0,0.6703377
0,0.5948274
0,0.43566576
1,0.40026557
1,0.36765334
0,0.35182792
1,0.57573575
1,0.42325902
0,0.38912836
0,0.5880256
1,0.7047812
0,0.36387736
0,0.5389116
0,0.5075004
1,0.36040816
1,0.6311327
1,0.5748059
0,0.44737157
0,0.5029099
1,0.5741649
1,0.4663934
1,0.4041563
1,0.5022935
0,0.32791573
0,0.4759698
1,0.47083896
1,0.36569196
1,0.42475548
1,0.30132046
0,0.25030506
0,0.41382653
1,0.42658937
0,0.39271358
0,0.3680108
0,0.45201573
0,0.46778762
1,0.48760396
1,0.5196006
0,0.39036217
1,0.41512194
1,0.39430434
1,0.38517433
1,0.45786977
1,0.3945094
0,0.72841364
0,0.31792375
1,0.63110477
0,0.36477792
0,0.70936304
1,0.45340848
0,0.559439
0,0.5957404
0,0.42062265
0,0.42160207
0,0.40116382
0,0.49429107
0,0.2540348
0,0.40079215
0,0.75923944
0,0.42579213
1,0.50819886
0,0.3576482
0,0.7830782
0,0.61086243
0,0.62120295
0,0.5238959
1,0.72291297
0,0.48349303
1,0.5423243
0,0.66138107
1,0.5975316
0,0.68245447
0,0.60076845
1,0.6616286
1,0.5688874
1,0.6701611
1,0.5812531
0,0.4305961
0,0.46405524
0,0.50796837
0,0.59605294
1,0.53735346
0,0.5388357
1,0.45701912
1,0.3984105
0,0.44860873
1,0.42165053
0,0.5166584
0,0.6805223
1,0.5128419
1,0.5515672
0,0.31401303
1,0.5780813
0,0.49030656
1,0.4343334
0,0.46104658
0,0.56464887
1,0.5973354
0,0.63741773
1,0.6455185
0,0.77247363
1,0.162415
0,0.443991
1,0.5735391
1,0.8124753
1,0.7183663
1,0.43189472
1,0.5491272
0,0.4921277
0,0.5285107
1,0.40499058
0,0.41200402
1,0.4416898
0,0.2461932
0,0.46670717
0,0.468063
0,0.60959536
0,0.56789494
0,0.63148636
0,0.53097856
1,0.20643261
0,0.47960007
1,0.66282463
1,0.5132794
1,0.33765677
0,0.5431115
1,0.5204242
1,0.4528111
0,0.32099453
1,0.32364622
1,0.56865317
1,0.5038179
0,0.35374016
1,0.67382264
0,0.5916131
0,0.37892452
1,0.3394916
0,0.57333076
0,0.48337445
1,0.5542639
0,0.6027333
1,0.7317397
1,0.72116506
0,0.38777623
0,0.66588175
1,0.5266748
0,0.48761654
0,0.60558033
1,0.35705808
0,0.40411866
1,0.5922621
1,0.50310385
0,0.4816567
1,0.46820542
1,0.35916692
1,0.34666845
0,0.41206896
1,0.5547972
1,0.426994
1,0.45716965
0,0.44896886
0,0.46327978
1,0.42282718
0,0.48261
0,0.3254965
1,0.42798933
0,0.34237972
1,0.5209653
1,0.4593468
1,0.3680937
1,0.58038336
1,0.3757981
0,0.41321385
0,0.4595302
0,0.4247147
1,0.36470783
1,0.5827628
1,0.43130544
1,0.42396128
1,0.61617833
1,0.19722502
1,0.16830647
1,0.30452904
1,0.5721017
1,0.5604054
1,0.3033759
1,0.2909809
1,0.24793363
0,0.3444306
1,0.3203604
1,0.353835
0,0.30127954
0,0.36467484
1,0.38541552
0,0.39811668
1,0.15393278
1,0.34562594
0,0.2591403
0,0.3537742
0,0.5051094
0,0.43354005
0,0.40128455
1,0.445633
1,0.5263582
1,0.46358636
0,0.48529088
1,0.56142366
1,0.49760917
0,0.36760888
0,0.56725645
0,0.37131003
0,0.5631824
0,0.43363857
1,0.3433381
0,0.53178513
0,0.5381844
1,0.34869024
1,0.52506405
1,0.39887986
1,0.49005243
0,0.5701653
0,0.49659288
1,0.6306751
1,0.499954
1,0.50023806
0,0.32640332
1,0.48439538
0,0.5034642
0,0.7183797
0,0.46556696
1,0.44853762
1,0.531549
1,0.62811077
0,0.57104886
0,0.5634163
0,0.4681703
1,0.383931
0,0.35776177
1,0.48444584
0,0.37266892
1,0.5777774
0,0.39252508
0,0.6279328
1,0.6173792
0,0.41349998
1,0.56158817
0,0.4733622
0,0.42935106
0,0.48598418
1,0.46730736
0,0.39982125
1,0.28733546
1,0.5193047
1,0.28938377
0,0.46608338
1,0.4693202
1,0.52378774
1,0.4372436
1,0.45110118
1,0.49344206
0,0.3699033
0,0.5543541
1,0.5635104
1,0.45393744
1,0.43639144
0,0.6625502
0,0.4759838
0,0.5044109
0,0.5988581
0,0.32342702
1,0.57769644
0,0.41888726
1,0.591143
1,0.39755267
0,0.46604547
0,0.40237793
1,0.455113
0,0.4373121
1,0.40579206
0,0.35274336
0,0.46150103
0,0.5131869
1,0.61007315
0,0.54102373
0,0.53404886
1,0.40636092
0,0.44659138
0,0.34283182
0,0.37989232
1,0.6612521
1,0.34387243
1,0.39138514
0,0.29545864
0,0.40898326
1,0.48466507
0,0.45149922
1,0.49644148
1,0.4624915
0,0.41794637
1,0.5447279
0,0.5158669
1,0.50711787
1,0.55972856
1,0.48469794
1,0.38458097
0,0.43558013
0,0.6122912
0,0.36958766
0,0.44129822
1,0.41354096
0,0.27338386
0,0.45469436
1,0.41397104
0,0.42951596
1,0.48790732
0,0.32561946
1,0.40481243
1,0.6045794
1,0.48276046
1,0.487945
1,0.49130118
0,0.57628137
1,0.6355025
1,0.41735223
1,0.33813202
1,0.50055724
0,0.56657666
0,0.4245974
1,0.5206331
0,0.4890502
1,0.4386328
0,0.51659757
0,0.25873062
0,0.38192916
1,0.42587274
1,0.42836463
1,0.5377556
0,0.48221356
1,0.58631325
0,0.38849923
0,0.5909423
1,0.42903408
1,0.38539776
1,0.46431443
1,0.40540004
0,0.5436533
1,0.52677375
0,0.48956192
1,0.50025254
1,0.5423761
0,0.5376733
0,0.5231614
0,0.65921324
1,0.47976097
1,0.37191966
1,0.6321749
0,0.5225306
0,0.5129173
0,0.67175955
0,0.6603429
0,0.5248207
0,0.3885513
0,0.38484597
1,0.46696
1,0.38774207
0,0.47403035
1,0.38283083
0,0.36278412
0,0.39899012
1,0.5579486
0,0.51471937
1,0.45184782
1,0.41637856
1,0.37206265
0,0.3747279
0,0.45491642
0,0.6051227
1,0.34892344
1,0.40352094
1,0.4062394
1,0.39390275
0,0.53182703
0,0.36561954
1,0.46470466
0,0.39398628
1,0.5442619
1,0.47282538
0,0.54666084
0,0.40328202
0,0.44022903
1,0.5469351
1,0.42529273
0,0.52833045
0,0.40858242
1,0.46425775
1,0.34000105
0,0.4260173
1,0.4318121
1,0.44431412
0,0.4354698
1,0.39780682
1,0.46769342
1,0.395197
0,0.4168941
1,0.49069592
1,0.4245982
1,0.32608277
0,0.3691117
0,0.4387963
1,0.4796767
0,0.307648
1,0.37929222
0,0.44734603
0,0.45299095
0,0.19966125
1,0.41815186
0,0.48060465
0,0.37636158
0,0.5240367
1,0.59232754
1,0.6649705
1,0.64353395
1,0.45099708
1,0.3862188
0,0.4045091
1,0.569434
0,0.48034298
0,0.7031624
1,0.53807473
0,0.44245645
1,0.5881017
0,0.7210615
0,0.41456535
1,0.32033467
0,0.40746891
0,0.42991328
1,0.52213275
0,0.4544465
1,0.51248735
0,0.45380297
0,0.46082583
1,0.47592217
0,0.4022295
1,0.56322616
1,0.18163662
0,0.35513598
0,0.4051399
1,0.5632428
1,0.3385465
1,0.50934786
1,0.5443053
1,0.43571898
1,0.3623891
0,0.5554427
0,0.7048488
0,0.5744297
1,0.47524682
0,0.5092364
0,0.5768087
0,0.45705488
1,0.51232934
0,0.5935619
1,0.33617547
1,0.37642166
0,0.34855214
0,0.56941307
0,0.51943034
0,0.46485943
1,0.6524302
1,0.5239966
1,0.5974849
1,0.5868283
0,0.7585025
0,0.6330613
1,0.47395334
1,0.4369103
1,0.58652085
0,0.55753845
0,0.40785882
1,0.48043078
1,0.5155116
1,0.5493343
0,0.4480936
0,0.64103985
0,0.39653054
1,0.39509785
1,0.50990796
0,0.35373077
1,0.5377104
1,0.35067683
1,0.49936542
0,0.42623442
0,0.5270806
0,0.5142909
0,0.51999617
0,0.3810171
1,0.4340252
1,0.43918732
1,0.40730897
1,0.42871514
1,0.37686712
0,0.6141193
1,0.57814085
0,0.48077017
0,0.3392006
0,0.30389717
0,0.39010125
1,0.30359808
1,0.27417153
1,0.5001968
0,0.3918952
1,0.47290605
1,0.49191472
0,0.4365853
0,0.753788
1,0.37094167
1,0.31708962
0,0.49483615
0,0.40076178
1,0.4690246
0,0.45378923
1,0.4131209
1,0.3561887
0,0.48980653
0,0.3950484
0,0.3680794
1,0.2768963
0,0.3731703
0,0.5382604
0,0.40092993
0,0.35372093
0,0.6801949
0,0.48129705
0,0.37588948
0,0.47679427
0,0.38031846
0,0.42458022
1,0.60789376
1,0.3769376
0,0.43283063
1,0.46471047
0,0.44320554
0,0.2989619
1,0.5375112
1,0.4332836
1,0.46744776
0,0.510577
0,0.33418176
0,0.5241823
1,0.44813907
1,0.56377566
0,0.3847867
0,0.3132353
0,0.42534515
0,0.42920005
0,0.4822182
0,0.5535095
1,0.3234361
0,0.51282245
1,0.48634297
1,0.41855496
1,0.4968927
0,0.5025663
0,0.3822227
0,0.5373288
1,0.45087245
0,0.38250446
0,0.3781448
1,0.5299071
0,0.32574278
1,0.3971062
0,0.3832576
0,0.4152177
1,0.6642992
1,0.28129846
1,0.26407382
1,0.34726825
0,0.4134022
0,0.46133128
0,0.5060042
0,0.4193982
1,0.3435901
1,0.54075754
1,0.33337265
0,0.44523016
0,0.46142226
1,0.47047666
1,0.38067377
0,0.3703441
1,0.48307016
0,0.3803579
1,0.48105007
0,0.3774169
0,0.5801269
0,0.41007423
1,0.47405282
1,0.38413802
1,0.3901277
0,0.33284065
0,0.44205952
1,0.48683336
1,0.44247624
0,0.37860984
0,0.4625268
1,0.5178119
1,0.60951364
0,0.5679736
0,0.48326752
0,0.41468114
1,0.521383
1,0.41484705
0,0.48518023
0,0.4193238
1,0.45096684
0,0.40496665
1,0.47543693
1,0.47002524
1,0.43999526
1,0.5089809
1,0.31293774
1,0.5224622
0,0.5377482
1,0.52387196
0,0.49346083
1,0.502954
1,0.5168709
1,0.45545518
0,0.5340379
1,0.7247064
1,0.42867976
0,0.38419983
0,0.7350843
1,0.42026696
1,0.48994964
1,0.48294428
0,0.59043646
1,0.53449553
0,0.4978431
0,0.2592874
1,0.53080034
0,0.38210598
1,0.49631828
1,0.54723895
1,0.44158563
0,0.46655092
0,0.51854855
1,0.4745778
0,0.41490215
0,0.51987517
0,0.516968
1,0.55830914
1,0.33871385
1,0.6450766
0,0.37305763
1,0.2951825
0,0.57849324
0,0.583377
1,0.49959072
0,0.4048803
1,0.481955
0,0.30609038
0,0.398869
1,0.48187515
1,0.36406738
0,0.4292468
0,0.5333638
1,0.34807003
1,0.4646503
1,0.3722834
1,0.48438072
0,0.4396038
1,0.49059206
1,0.3681342
0,0.3765549
0,0.6037032
0,0.50831026
1,0.5864684
0,0.51716876
1,0.528308
0,0.5334329
0,0.5646485
0,0.43944722
0,0.74337107
1,0.6525959
1,0.66555804
1,0.5912916
0,0.50324625
1,0.4366836
1,0.5188649
1,0.6962702
0,0.533392
0,0.7029336
1,0.6742589
0,0.46872398
1,0.45987463
1,0.36501122
0,0.3733664
0,0.45519596
1,0.410434
1,0.42818442
0,0.36129436
0,0.54636097
0,0.4606826
1,0.57665956
0,0.43068993
1,0.4260464
0,0.45560876
1,0.41381878
1,0.47512153
0,0.44812983
1,0.55034626
0,0.34479594
1,0.56993985
1,0.6226364
1,0.34725383
1,0.4172281
1,0.40922874
1,0.35863096
0,0.33794546
1,0.51291925
1,0.38294533
1,0.28609
0,0.3119134
0,0.4263802
1,0.5270437
1,0.25420693
1,0.4533402
0,0.36197862
0,0.68064237
0,0.43435267
1,0.6772625
0,0.38881034
0,0.5125286
1,0.51693344
1,0.28672385
0,0.3080225
0,0.4407577
1,0.4682556
0,0.45849985
1,0.3557166
0,0.3472857
1,0.39803886
0,0.3493191
1,0.43272033
1,0.4606306
0,0.4062885
1,0.50507647
1,0.47583914
0,0.43623388
0,0.52899045
1,0.44211423
0,0.37259856
1,0.43808782
0,0.2939869
0,0.65964895
0,0.45993024
0,0.52929777
0,0.29787418
1,0.42951724
1,0.3510879
1,0.42695123
0,0.449148
0,0.50424314
1,0.5861076
0,0.48138726
0,0.5839084
0,0.5189809
1,0.60145456
1,0.43254286
1,0.4421341
0,0.52091116
1,0.42159012
1,0.33284813
0,0.41483897
0,0.48429805
0,0.4356167
1,0.49682337
0,0.4133919
1,0.53839654
1,0.37737605
0,0.3341877
0,0.614089
0,0.58632106
1,0.57924336
1,0.35561913
0,0.32019547
1,0.47172844
0,0.403639
1,0.38883635
1,0.42766798
1,0.5118278
0,0.41281432
0,0.28675064
1,0.3853714
0,0.3881357
1,0.49288878
1,0.47068614
0,0.29055697
1,0.38178268
1,0.43572
1,0.5175604
1,0.5660145
0,0.47992736
1,0.514994
1,0.27304676
0,0.3493945
1,0.5350829
0,0.27173084
0,0.6876633
1,0.35849068
0,0.28310975
0,0.37660602
1,0.31663287
0,0.3654013
0,0.5065853
1,0.600871
1,0.4328749
0,0.3835736
0,0.4237905
0,0.45656294
1,0.6156493
0,0.4279861
0,0.275567
0,0.57070017
0,0.43393648
0,0.42319617
0,0.38536045
1,0.5737007
0,0.32891628
0,0.5172607
1,0.5049265
1,0.48351008
0,0.5974071
1,0.61685574
1,0.6079779
1,0.57663816
0,0.6005165
1,0.47467873
1,0.64624345
1,0.48449838
0,0.4600107
1,0.4304754
1,0.5780389
0,0.6167917
0,0.38481823
0,0.3826649
1,0.46143663
1,0.32399547
1,0.25921732
1,0.545283
1,0.41249967
0,0.6146456
0,0.73650956
1,0.38711828
1,0.31705967
1,0.4320158
1,0.42050225
0,0.3611196
0,0.42928725
1,0.54546374
1,0.67182183
1,0.40429685
1,0.51760566
1,0.49574533
0,0.3874739
0,0.43040624
1,0.3738532
1,0.50482863
0,0.5897136
1,0.5712181
1,0.5349418
1,0.53849596
1,0.7626477
0,0.49140456
0,0.5580161
0,0.5147807
1,0.57693833
1,0.3068536
1,0.33761972
0,0.32092077
1,0.5453647
1,0.30243626
1,0.39989245
0,0.49945807
1,0.41146323
0,0.5104974
1,0.40264142
0,0.29072073
1,0.27132067
1,0.47567928
1,0.47194952
1,0.42913285
0,0.5085781
0,0.39598724
1,0.3650718
0,0.5246276
1,0.46681532
0,0.5626078
0,0.36256397
0,0.46062946
0,0.3978385
0,0.57754207
0,0.40290192
0,0.4255442
0,0.5779902
0,0.5129719
0,0.59281063
0,0.3499159
1,0.37688553
0,0.4253593
1,0.5327921
0,0.50757056
0,0.41485104
1,0.5122644
0,0.46318233
0,0.2194106
0,0.45075974
1,0.48550165
0,0.52523154
1,0.539611
0,0.32445428
0,0.4185294
1,0.37589315
0,0.5231633
0,0.5589661
1,0.4056339
1,0.45529163
1,0.3985673
1,0.42454806
0,0.2055777
1,0.21356705
0,0.29171017
0,0.30415
1,0.5368507
0,0.33271626
0,0.3953169
0,0.5248788
0,0.48448238
0,0.45203945
0,0.42184025
1,0.32317582
1,0.4049333
0,0.4566806
1,0.58526164
0,0.55984044
0,0.47559115
0,0.39666313
0,0.414584
1,0.64143914
0,0.38226312
1,0.6320705
0,0.5076596
1,0.54846364
0,0.27500615
1,0.513807
0,0.41633904
0,0.41999993
1,0.5058901
0,0.4764652
1,0.50966614
1,0.4671458
0,0.42785922
1,0.4802497
0,0.70946705
1,0.47099948
1,0.6224442
0,0.47813845
0,0.73591614
0,0.4020544
0,0.6276741
0,0.42312694
0,0.47420958
1,0.5371166
1,0.4371604
0,0.45380878
1,0.42131627
1,0.44959006
0,0.4847399
0,0.5521752
0,0.569521
0,0.47215325
0,0.3954934
0,0.27294508
0,0.44000337
0,0.5880882
0,0.55278206
1,0.6431879
0,0.6172675
1,0.7191648
1,0.5414933
0,0.4403514
1,0.6030589
1,0.40454108
0,0.4342763
0,0.56329
0,0.5163953
1,0.37199646
0,0.6322679
1,0.5290229
0,0.519705
0,0.43462956
0,0.38830128
0,0.52060455
1,0.35561356
0,0.4579817
0,0.57782996
1,0.5498738
0,0.6996783
1,0.46466646
1,0.6121208
0,0.45711106
1,0.51383084
0,0.38882563
0,0.48256508
0,0.5303451
1,0.4717462
0,0.45048726
1,0.59925073
1,0.45993957
1,0.29942968
0,0.4819498
0,0.4605099
1,0.7345007
1,0.52964133
1,0.42077118
0,0.46917418
0,0.56079966
1,0.51134866
0,0.62983626
1,0.5496431
1,0.60134614
1,0.5558724
1,0.30282637
1,0.40792814
0,0.37588623
0,0.4651767
0,0.42572907
0,0.36145028
0,0.5517338
0,0.3048382
1,0.4630324
1,0.54347265
1,0.49194875
1,0.4181646
0,0.37917405
1,0.51459116
1,0.44365695
1,0.48416382
0,0.5841235
0,0.57172495
1,0.47974303
1,0.45115024
1,0.40282258
1,0.299585
1,0.28888106
1,0.5698621
1,0.54051703
1,0.53736234
0,0.54358715
1,0.5257652
0,0.3744577
1,0.5916372
0,0.3646441
1,0.5722
1,0.456487
1,0.43855613
1,0.4338308
1,0.48655662
0,0.47231194
1,0.45409068
1,0.6524891
1,0.32455483
0,0.4354887
0,0.4488355
0,0.48016125
1,0.29109296
0,0.45532584
0,0.57467717
1,0.486878
0,0.50830907
0,0.5348602
0,0.36892992
1,0.53333014
1,0.41895866
0,0.5649301
0,0.56396765
1,0.55211794
0,0.5641722
1,0.48510262
1,0.43016657
0,0.5282216
1,0.48780307
1,0.52314
0,0.43733716
0,0.5713508
1,0.2886024
0,0.5712825
0,0.32770956
1,0.40871495
0,0.3481337
1,0.4912647
1,0.36404198
0,0.54147494
1,0.32006854
1,0.60440147
1,0.4762852
1,0.58947104
0,0.5457368
0,0.53286445
1,0.6819792
1,0.36985767
1,0.35828432
1,0.38132462
0,0.41061792
0,0.427513
1,0.51474816
1,0.49765334
1,0.43813252
0,0.40284124
1,0.37941658
1,0.38096982
0,0.44888076
0,0.4990582
1,0.5237208
1,0.52784944
1,0.19134799
1,0.5360704
0,0.5122154
0,0.4793471
0,0.48174444
0,0.44063222
1,0.4730731
0,0.4462665
1,0.6319813
1,0.3425214
1,0.43371207
0,0.5110036
0,0.5148681
1,0.6150114
1,0.6062103
0,0.5176798
1,0.5238448
0,0.5619385
1,0.5857003
1,0.48117685
0,0.54610646
1,0.54056257
0,0.45876932
0,0.5218416
0,0.48243323
1,0.6973916
0,0.28216544
0,0.46851766
0,0.31030408
1,0.35328266
0,0.4903443
1,0.6048719
1,0.43893763
0,0.54152757
0,0.5267332
0,0.3247494
1,0.36687395
0,0.4068782
1,0.5624052
0,0.52840793
1,0.33421773
0,0.6137037
1,0.54558754
1,0.42006087
0,0.4506068
1,0.32007587
1,0.34558117
0,0.60852855
0,0.49840128
1,0.48367858
1,0.39560926
1,0.51304436
1,0.48585314
1,0.53964806
0,0.51750565
1,0.39013037
1,0.4979587
1,0.30030093
1,0.69022125
1,0.45409077
1,0.42550257
0,0.3351706
1,0.6523844
0,0.56263703
1,0.34624866
0,0.4473949
1,0.4930824
1,0.3243205
1,0.5193835
1,0.38870245
0,0.6055233
0,0.55858374
0,0.5433231
1,0.6024374
0,0.64540714
0,0.40917507
1,0.62325954
1,0.43575075
0,0.49986026
0,0.46441144
1,0.53005666
1,0.4671301
1,0.52904433
0,0.5837658
1,0.62161005
1,0.402627
0,0.56846994
0,0.68236315
1,0.58462244
0,0.629885
0,0.5303936
1,0.56579983
1,0.5067917
0,0.64836913
1,0.57525176
0,0.39226922
1,0.52097416
0,0.47837576
1,0.56214595
0,0.3714278
1,0.56552595
0,0.5286852
0,0.5870476
0,0.4239625
0,0.5051099
1,0.48423275
0,0.3015376
1,0.47675276
0,0.55169564
1,0.44814914
0,0.5717976
1,0.5503555
1,0.36779514
0,0.5545741
0,0.535558
1,0.5013001
1,0.5473773
0,0.68648154
1,0.4683383
1,0.33767775
0,0.44698906
1,0.5693941
1,0.43618897
1,0.44677666
1,0.5094773
1,0.50346345
1,0.45447752
1,0.42534047
0,0.53507626
0,0.45874274
0,0.4695863
0,0.5044325
0,0.7154785
1,0.5102459
0,0.5303203
1,0.5646433
1,0.5804232
1,0.37782446
1,0.49499425
0,0.3687213
1,0.65334135
0,0.5658807
0,0.58451945
0,0.5484334
1,0.4351996
0,0.4675137
1,0.57734525
0,0.47610384
1,0.6613773
0,0.5092034
0,0.3929178
1,0.39970252
0,0.47807032
0,0.52604556
1,0.42085192
0,0.5099956
1,0.54295087
0,0.54141384
0,0.40791956
1,0.5565169
0,0.44925207
0,0.53621316
0,0.5453108
1,0.57077396
0,0.57817525
0,0.45683792
1,0.72783357
0,0.50926244
1,0.36322397
1,0.47190937
1,0.35659036
1,0.45421934
0,0.53247195
0,0.5837978
0,0.6721351
0,0.44613382
0,0.49781218
1,0.5786963
0,0.4982368
0,0.4791722
1,0.5046957
0,0.48217395
0,0.423796
1,0.31555206
1,0.3045187
1,0.5278442
0,0.5587433
1,0.66705054
0,0.46291485
0,0.71840674
0,0.53055066
1,0.533403
1,0.3887699
1,0.3692507
0,0.44755703
0,0.5878253
0,0.39608505
1,0.49033648
0,0.44970143
0,0.49665204
1,0.4802201
1,0.47110787
0,0.45221445
0,0.5783491
0,0.4667636
0,0.4888718
0,0.6349697
1,0.5393394
0,0.45714065
1,0.54995054
1,0.25852713
0,0.5365699
0,0.48629746
0,0.46789443
0,0.5240321
1,0.5565258
0,0.51085794
0,0.49591884
1,0.63861036
0,0.6663255
0,0.6871436
0,0.5965928
1,0.7051243
0,0.33857965
0,0.43933004
1,0.29752508
1,0.3749128
1,0.38071433
1,0.45207432
0,0.52753156
0,0.5859217
0,0.545488
1,0.5363418
1,0.509834
0,0.56185746
0,0.67109114
0,0.5021921
0,0.67898625
1,0.5488633
1,0.57919717
0,0.4832688
1,0.5767836
0,0.50512123
0,0.5623797
0,0.63187486
1,0.541026
1,0.66283584
0,0.5420407
1,0.63983077
0,0.44057417
0,0.44843778
0,0.46937048
0,0.22672383
0,0.41460007
1,0.5639664
0,0.54847515
0,0.73316187
1,0.6153941
0,0.44637132
1,0.49061316
1,0.4767791
1,0.4329031
0,0.39996243
1,0.47751233
1,0.45967
0,0.53005946
0,0.5172611
0,0.6413253
0,0.6300969
0,0.84191394
1,0.47387612
1,0.5827128
0,0.4494648
1,0.69901127
0,0.44190103
0,0.5201268
1,0.5573716
0,0.5355593
1,0.5886119
0,0.502727
1,0.33483833
0,0.4921243
0,0.6355731
1,0.5356756
1,0.5865315
1,0.5623155
0,0.6495998
1,0.59416753
1,0.4327716
1,0.4344411
0,0.5969866
1,0.43837455
1,0.5088786
1,0.3379267
1,0.46680677
0,0.5075165
0,0.6429652
1,0.5713244
0,0.37257546
0,0.5024859
1,0.5421923
1,0.49572754
1,0.4032379
0,0.5404574
0,0.40414342
0,0.547243
1,0.5427163
0,0.44653717
1,0.5485875
1,0.69287825
1,0.6580108
1,0.47193635
1,0.47921705
0,0.57774436
1,0.65785575
1,0.544688
0,0.4263696
1,0.42754418
1,0.42987967
0,0.4521659
0,0.58058894
1,0.44498613
0,0.3885111
1,0.5913788
0,0.37601206
1,0.52139103
0,0.447735
1,0.40149927
1,0.45854682
1,0.4801353
1,0.43043524
0,0.4452809
0,0.52176946
0,0.7077409
1,0.37070677
0,0.38027322
1,0.34440914
0,0.49476978
1,0.40636975
0,0.39266032
1,0.50435615
1,0.6859999
1,0.46817762
1,0.47352302
0,0.5328452
1,0.41957492
0,0.45094165
0,0.34326544
1,0.35382083
1,0.33393893
0,0.5759105
0,0.40765968
0,0.5345116
1,0.32497108
0,0.43530628
0,0.5244437
1,0.54136086
1,0.6406937
0,0.527946
1,0.52247244
1,0.50644547
1,0.6091535
0,0.63677925
1,0.46922824
1,0.4651372
0,0.4375891
0,0.54049146
1,0.650343
0,0.44183642
1,0.52259594
1,0.52266806
0,0.52312696
1,0.48452184
0,0.4787862
1,0.5415836
1,0.4438466
1,0.6409853
0,0.58613026
1,0.6120563
1,0.54141665
0,0.53945905
0,0.5373158
0,0.51926744
1,0.46165675
0,0.66313547
0,0.5225468
0,0.5384521
0,0.3400885
1,0.4148566
1,0.40319526
0,0.49934223
1,0.48836038
1,0.43529046
1,0.46144903
0,0.40408278
0,0.5628117
1,0.53608334
1,0.41980788
1,0.48372066
0,0.5877309
1,0.28830224
0,0.43035656
1,0.48333603
1,0.61018175
0,0.5817823
0,0.45345485
0,0.47850084
0,0.511824
0,0.43551424
0,0.3844284
0,0.73688394
1,0.58026755
1,0.5483018
1,0.51861185
0,0.20749132
1,0.4520901
0,0.484907
0,0.5582757
1,0.4877785
0,0.47320327
0,0.6132911
0,0.6065169
1,0.50661796
1,0.48585021
0,0.3601971
1,0.53790367
1,0.44884473
1,0.5500258
1,0.51443344
0,0.5285253
1,0.46722797
0,0.40045744
1,0.54022807
1,0.59581006
0,0.58700234
1,0.55047566
0,0.47356775
0,0.45359764
1,0.5347095
1,0.5172342
0,0.464641
0,0.56230754
0,0.42921767
1,0.48195854
0,0.44674522
1,0.41806576
1,0.4529759
0,0.49404868
1,0.5866224
1,0.5651312
0,0.56704926
1,0.65712994
1,0.6084907
1,0.38024896
0,0.3980915
1,0.54414093
0,0.45990124
1,0.3835502
0,0.36920193
1,0.3397767
0,0.4936637
0,0.35086417
0,0.5951805
1,0.5042825
0,0.61098146
0,0.4357253
1,0.523741
1,0.49056244
0,0.4621953
1,0.42363706
1,0.38332844
0,0.39402413
0,0.49929303
1,0.5718472
1,0.51461256
0,0.45627776
0,0.51914006
1,0.52458566
1,0.50683546
0,0.60887897
1,0.4403367
0,0.43682307
0,0.5060566
0,0.46814203
1,0.35347766
1,0.5721445
1,0.45628753
0,0.44334266
0,0.41323477
1,0.52432835
1,0.50585294
0,0.48635218
1,0.59793276
1,0.6336066
1,0.4560508
1,0.45467627
0,0.6117425
1,0.56995916
0,0.6149
0,0.6562067
0,0.53426564
1,0.5454524
1,0.5060721
0,0.49668145
1,0.6902814
0,0.4848811
0,0.4961336
1,0.4346374
1,0.5202574
1,0.51746124
1,0.4951256
0,0.43039832
1,0.58301616
0,0.48034123
1,0.5022241
1,0.56230175
1,0.55812144
1,0.5235331
0,0.4971726
0,0.50213766
1,0.5250497
1,0.43216255
0,0.4924329
0,0.5026602
1,0.5495442
1,0.5237852
0,0.42699164
0,0.49929836
1,0.6325449
0,0.53417057
1,0.75987035
0,0.54346097
1,0.4329534
0,0.427582
0,0.4426108
0,0.41760513
1,0.56077975
1,0.66992795
0,0.49496993
1,0.4817696
0,0.4260896
0,0.51638913
0,0.6263472
1,0.5709136
0,0.5838494
1,0.7241617
0,0.41911137
0,0.56589925
0,0.5563606
0,0.66514087
1,0.6578867
0,0.7112136
1,0.5977175
0,0.5736945
0,0.6063948
0,0.64138323
0,0.55631644
1,0.53992975
0,0.5113614
0,0.39078137
0,0.48695046
0,0.597565
1,0.25207266
1,0.5193367
1,0.6739311
1,0.36533928
0,0.4374302
1,0.530593
1,0.34236616
0,0.42919123
1,0.62851506
1,0.58630157
0,0.62564343
1,0.5662254
0,0.5723628
0,0.4896719
1,0.4053677
1,0.6325372
0,0.48648998
0,0.40965682
0,0.32396787
1,0.4929665
0,0.46818003
1,0.59568894
1,0.38532206
1,0.4166673
0,0.5825925
1,0.52748126
1,0.50344455
1,0.4289994
1,0.64940375
0,0.6616516
0,0.5150015
1,0.6097338
0,0.481497
1,0.5728506
0,0.6002954
0,0.63260055
0,0.6180622
1,0.50196135
0,0.5935239
1,0.5524198
1,0.4364182
1,0.48555052
1,0.5634762
1,0.4744808
1,0.3966311
1,0.4259122
1,0.44617513
1,0.60040367
1,0.6451629
1,0.58048743
1,0.54003966
0,0.5426971
1,0.46121618
0,0.3228732
1,0.501419
1,0.42217696
1,0.359082
1,0.36973643
0,0.43283513
1,0.43124524
0,0.51560295
1,0.4851102
0,0.6251945
0,0.5551897
1,0.6738522
0,0.5602791
0,0.3332791
1,0.49464726
1,0.45929238
0,0.43753535
0,0.4391315
0,0.45035657
1,0.69763976
0,0.25967243
1,0.52021635
1,0.42775407
1,0.26400697
0,0.4362894
0,0.44097507
0,0.45911416
1,0.55195093
0,0.5291757
0,0.5755496
1,0.5419602
0,0.52138954
0,0.49857986
1,0.5289001
1,0.4676339
0,0.48340142
1,0.55755323
0,0.39519736
1,0.5277469
0,0.45555192
0,0.3941289
0,0.57024026
1,0.5736467
1,0.4336462
0,0.50310814
0,0.4898376
0,0.44381088
1,0.25022238
1,0.29742596
1,0.6139005
0,0.50779206
1,0.47930607
1,0.47667378
0,0.41787165
0,0.56873065
1,0.54414034
0,0.43171608
1,0.421407
0,0.27964485
1,0.45362806
0,0.48175725
0,0.40394455
0,0.5413713
0,0.57803607
0,0.58683515
0,0.6537297
0,0.7067389
0,0.5357374
1,0.5151915
0,0.42491412
1,0.43019354
0,0.537468
0,0.506737
1,0.5497064
0,0.544525
0,0.5507605
1,0.5008981
1,0.6073643
1,0.54859924
0,0.5983491
1,0.45139447
0,0.4617589
0,0.43266305
0,0.4759144
0,0.4760376
0,0.6906048
0,0.5649343
1,0.6828147
0,0.76377374
1,0.49413747
0,0.53826255
0,0.49451247
1,0.6107849
0,0.3097656
0,0.5227983
1,0.68612653
1,0.4864713
0,0.3507992
0,0.4531764
0,0.49764118
0,0.6553387
0,0.8440096
1,0.74481094
1,0.6350755
1,0.5424028
1,0.30072382
0,0.35002014
1,0.7470182
1,0.4920105
0,0.49027595
0,0.7729573
1,0.77783555
0,0.63979965
0,0.5468349
0,0.6988377
1,0.64816093
1,0.51749206
1,0.6606535
0,0.33499783
0,0.7180973
0,0.76835203
1,0.8155371
1,0.5533295
1,0.42823395
1,0.656569
0,0.56075156
0,0.31899762
1,0.6719656
0,0.5474312
0,0.51165104
0,0.680944
1,0.50957453
1,0.5296689
0,0.5379176
1,0.8546367
1,0.792091
1,0.60921746
1,0.56351286
0,0.6500358
0,0.71462154
0,0.599162
1,0.75882137
1,0.5367127
0,0.5429517
1,0.5951975
0,0.53226405
0,0.49423888
1,0.46840626
0,0.41706032
1,0.53565323
0,0.66708696
0,0.35205692
1,0.5394107
0,0.5637985
1,0.5703481
0,0.49094394
1,0.4323437
0,0.608819
1,0.35195374
1,0.44892323
0,0.5628486
0,0.6391947
1,0.5633702
1,0.6021977
0,0.39213187
1,0.7337971
0,0.39693174
0,0.57141227
0,0.44782454
1,0.5851433
0,0.51040447
0,0.53883564
0,0.42145652
1,0.5017658
0,0.6618757
0,0.5502986
1,0.4095692
0,0.398923
1,0.5146264
1,0.5556131
1,0.38845623
0,0.42313132
0,0.64363724
1,0.504854
1,0.55323434
0,0.60345036
0,0.68229216
1,0.60019666
0,0.65225285
1,0.64344156
1,0.6981882
0,0.437789
0,0.64285034
0,0.5730797
1,0.5572694
1,0.472501
1,0.46858162
0,0.41282675
0,0.4234619
1,0.4792201
1,0.474651
0,0.36397117
1,0.46247655
0,0.6583296
0,0.40571386
0,0.43657637
1,0.40881398
1,0.37451002
0,0.45913523
0,0.5637625
1,0.51080614
0,0.49276173
0,0.46906424
0,0.43550646
0,0.6531311
1,0.6006936
1,0.5874711
0,0.46135005
1,0.5633511
1,0.3766478
0,0.38148838
0,0.535769
1,0.44342464
1,0.53299564
0,0.4826033
0,0.43222228
1,0.5652922
1,0.45666197
0,0.48245016
0,0.48770982
1,0.5394545
0,0.40828717
1,0.4197779
0,0.53848225
1,0.47037217
1,0.39519402
1,0.30840796
1,0.54415333
0,0.5167988
0,0.4660352
0,0.60151935
1,0.37329
1,0.33536935
0,0.32735986
1,0.45150316
0,0.39937806
0,0.5417843
1,0.44035178
0,0.48590907
1,0.5445382
1,0.57013786
1,0.4559302
0,0.39410105
0,0.46358523
1,0.48016307
0,0.53445154
0,0.50742453
0,0.5285774
0,0.46843392
1,0.48614466
1,0.49351847
1,0.45223904
1,0.29833415
0,0.46595168
1,0.44679847
1,0.38422397
1,0.44095156
0,0.54966336
1,0.6440758
1,0.4734963
1,0.53757477
1,0.51798654
0,0.60698205
0,0.47665432
1,0.5417489
0,0.33404446
1,0.33323005
0,0.28889152
0,0.34445965
1,0.39341718
1,0.3760305
0,0.3653501
0,0.52360725
0,0.53069353
0,0.6470285
0,0.5482146
0,0.61924314
0,0.74956274
0,0.6001433
0,0.48763633
0,0.68626606
1,0.48518583
1,0.33278242
0,0.4799591
1,0.49479163
0,0.5889216
1,0.5925314
1,0.46809536
1,0.4553832
1,0.5868178
1,0.4724853
0,0.44491118
0,0.5003725
0,0.37351742
0,0.62119883
0,0.5682244
0,0.6056136
0,0.5957293
0,0.42269763
1,0.5842712
1,0.52162915
1,0.5725734
0,0.5342381
1,0.48788154
1,0.39138645
1,0.5829562
1,0.48726586
0,0.6115373
0,0.5221994
0,0.46036637
0,0.59236205
0,0.5769572
1,0.5341177
1,0.5280896
1,0.5069729
1,0.56381005
1,0.42363927
1,0.43959627
1,0.31617627
0,0.4890184
0,0.3288702
1,0.457628
0,0.4361074
1,0.24932715
1,0.33493602
1,0.4626397
1,0.4882034
0,0.4313954
1,0.5280419
1,0.33593163
0,0.39568138
0,0.58343023
1,0.59684986
0,0.7278573
1,0.55565965
0,0.59209144
0,0.6174794
1,0.5631555
1,0.6095678
0,0.50897175
0,0.60128313
1,0.53854793
0,0.6249395
1,0.57061726
0,0.57721114
0,0.58849984
1,0.8657552
0,0.6488895
0,0.7654089
1,0.60699385
0,0.52970946
1,0.6146232
0,0.55275977
1,0.55405426
0,0.45262402
0,0.475457
1,0.61112595
0,0.44792363
1,0.5052681
1,0.70476514
1,0.6174605
0,0.41117877
0,0.3543677
1,0.5833172
1,0.47260514
0,0.50757194
1,0.6711393
0,0.42608222
0,0.5588837
0,0.5207871
0,0.6987928
1,0.44325888
1,0.6272394
1,0.5869834
1,0.5636283
0,0.4275196
0,0.46563756
0,0.53034914
0,0.6047938
0,0.56378835
1,0.54246247
1,0.71194935
0,0.56657827
0,0.59644717
0,0.3872352
1,0.46982238
1,0.42775825
0,0.64839906
0,0.64617157
0,0.6991818
0,0.5983281
1,0.703439
0,0.4489892
1,0.64527166
1,0.46423575
1,0.5630501
0,0.6527284
0,0.70540696
1,0.7571331
1,0.60114783
0,0.51525
0,0.46214488
0,0.4660397
1,0.42662552
0,0.72989863
0,0.59822655
1,0.482301
1,0.5744321
0,0.55866927
0,0.5811682
0,0.41297188
1,0.6370852
1,0.42502743
1,0.4869768
1,0.3676206
0,0.47315338
0,0.21131745
1,0.54579926
0,0.5855282
1,0.4777382
1,0.46902144
1,0.38238823
1,0.36254272
0,0.57946676
0,0.6915396
0,0.47124353
1,0.29938036
1,0.6189982
0,0.5891077
1,0.6758209
0,0.5629429
0,0.7017873
0,0.35566348
1,0.5709787
1,0.22581524
1,0.28583875
0,0.33997124
0,0.44362354
1,0.4172496
0,0.478561
0,0.5548839
0,0.49629074
0,0.38190967
0,0.6881393
0,0.34353462
0,0.41820472
0,0.50112957
0,0.6413956
0,0.6705514
1,0.51468074
0,0.22951168
0,0.4134247
0,0.6044942
0,0.6422973
1,0.7581872
1,0.7961564
0,0.45726198
1,0.64281094
0,0.6043486
0,0.46594855
0,0.53993887
0,0.57353014
0,0.41584885
1,0.5052984
1,0.59134007
1,0.43015397
0,0.64817244
1,0.41117144
1,0.36048776
0,0.4221502
1,0.32287464
0,0.43938446
0,0.3917687
0,0.49544752
1,0.3903331
1,0.35305458
0,0.6830776
0,0.5584451
0,0.6854242
0,0.53135014
1,0.455467
0,0.4159216
0,0.40645486
0,0.44990596
1,0.46709272
0,0.48065376
0,0.48912933
1,0.45440367
1,0.5620886
1,0.5911943
0,0.52048665
0,0.52187115
1,0.3078554
0,0.637232
1,0.51681304
1,0.36084107
1,0.64623374
0,0.43698022
0,0.73482764
1,0.75818366
0,0.5562277
1,0.7193473
0,0.6973276
0,0.81209195
1,0.42926145
0,0.4907104
0,0.75267065
1,0.35213497
0,0.6640687
1,0.6957217
0,0.7387656
0,0.55963504
1,0.71105725
0,0.7198724
1,0.6098133
0,0.48694357
1,0.6105775
1,0.38376844
0,0.69419694
0,0.54353064
0,0.6315881
1,0.7740905
1,0.7155941
1,0.45128652
1,0.635629
0,0.55330163
0,0.4000851
1,0.47681552
1,0.5142101
1,0.41377118
1,0.5150942
1,0.55440015
1,0.34827536
1,0.34900922
1,0.6356181
0,0.45533276
0,0.6342059
0,0.6189255
0,0.49893868
1,0.48509297
1,0.4450485
1,0.44688204
0,0.46493638
1,0.44762194
0,0.5472766
1,0.5016059
1,0.53492194
0,0.3803061
1,0.64874357
1,0.31498617
0,0.39297044
1,0.5276456
0,0.36854845
0,0.5193496
0,0.4561725
0,0.4991218
1,0.61518896
1,0.43539214
0,0.4667263
0,0.35494572
1,0.45787445
0,0.40040645
1,0.44100535
0,0.5078769
0,0.28467235
0,0.5917659
0,0.54221535
1,0.47111648
0,0.44544667
0,0.50033736
0,0.6563702
1,0.5157714
1,0.59064496
1,0.5435863
0,0.48264036
0,0.5954063
1,0.6348129
0,0.50667644
1,0.6683031
1,0.40050864
0,0.5879689
0,0.56253684
1,0.47791877
0,0.48793298
0,0.5434739
0,0.54631746
0,0.5942758
1,0.58021027
0,0.5798161
1,0.46166855
1,0.54882085
0,0.44901317
0,0.593723
1,0.4772474
0,0.49269563
1,0.6479242
1,0.59261143
1,0.69996727
1,0.58747864
0,0.6274261
1,0.39892957
0,0.5294442
1,0.6626064
0,0.5141035
1,0.7261568
1,0.41870028
0,0.5007068
1,0.5375641
1,0.44520444
0,0.50589395
0,0.46084386
0,0.5923274
0,0.5297902
0,0.51319486
1,0.46124086
0,0.56632876
1,0.49674374
0,0.6006516
0,0.43656763
0,0.6635077
0,0.44710982
0,0.5399086
1,0.62616307
0,0.5898499
1,0.70912546
0,0.4962985
1,0.5931815
1,0.50241446
0,0.47747678
0,0.6652695
1,0.5772702
1,0.48380536
1,0.41708836
0,0.49029854
1,0.55815095
1,0.56805795
1,0.32987663
0,0.30181116
0,0.45468485
0,0.6088461
1,0.4898725
0,0.36495802
1,0.58884186
1,0.54756916
0,0.5227532
0,0.54447925
1,0.583506
0,0.6456306
1,0.4756926
0,0.46343488
0,0.55411804
1,0.5108447
1,0.37813222
0,0.45282698
1,0.5164879
0,0.43039095
1,0.54557616
0,0.3553079
0,0.3761817
0,0.3819083
0,0.47688678
0,0.5213647
0,0.40573937
1,0.33392516
0,0.57893205
0,0.48332015
1,0.4306052
0,0.5988746
0,0.43118235
0,0.37613413
0,0.5628749
0,0.59273976
1,0.64737624
0,0.48299822
0,0.44323167
1,0.6036986
0,0.2621249
0,0.6118644
0,0.6315529
0,0.6094526
1,0.6749521
1,0.82363886
1,0.4795295
1,0.2358661
0,0.5408111
1,0.62057287
0,0.3684626
0,0.4722526
0,0.45318222
0,0.4792507
1,0.474734
1,0.49352533
1,0.51442516
0,0.4514583
0,0.4091642
0,0.3601294
1,0.52163124
1,0.6050337
1,0.55492866
0,0.7370368
1,0.53348565
0,0.64473546
1,0.7445773
1,0.58435696
0,0.5966338
1,0.6270666
0,0.45593184
1,0.6159456
1,0.56679475
0,0.6025346
1,0.56690025
1,0.47118878
1,0.6283571
1,0.44165426
0,0.46866077
1,0.3724884
0,0.43761516
0,0.36991665
1,0.695399
0,0.42796934
1,0.6294645
0,0.39241484
0,0.48249233
1,0.46873024
1,0.5283996
1,0.37277168
1,0.4421293
0,0.32548928
0,0.48610055
0,0.41395476
0,0.40035638
0,0.4882116
0,0.5357792
1,0.76952803
0,0.41218108
0,0.4985046
0,0.35817814
0,0.45763415
1,0.39349857
0,0.22109254
0,0.44346786
1,0.6753526
1,0.55200523
1,0.646873
1,0.54917127
1,0.43174458
0,0.37139657
0,0.7117696
0,0.5054233
1,0.5427246
0,0.33557966
0,0.34554222
1,0.4503106
0,0.5312067
1,0.6622705
0,0.46366856
0,0.6082697
1,0.5513816
0,0.6112788
1,0.43240622
1,0.56927127
1,0.554957
1,0.6095533
1,0.309591
0,0.45322445
0,0.72154164
1,0.44372204
0,0.3511645
1,0.4976076
1,0.47041312
1,0.4093122
0,0.5227157
0,0.5810475
0,0.5494913
0,0.41987547
0,0.58000743
0,0.48104164
1,0.50502664
1,0.5529378
1,0.39557916
1,0.4044559
1,0.48649168
1,0.52377677
1,0.40700242
0,0.5078012
1,0.40579098
0,0.2905785
0,0.70726246
1,0.48790857
0,0.51769805
0,0.61194867
1,0.5165226
0,0.3245307
0,0.3958513
0,0.5576221
1,0.43125454
0,0.46424693
1,0.45254302
1,0.48355746
1,0.44661683
0,0.4145179
0,0.5501227
1,0.35311806
0,0.4724901
1,0.5477099
1,0.41337278
0,0.386553
1,0.5268308
0,0.4423273
1,0.5758025
0,0.4338396
0,0.53825355
1,0.3131833
0,0.4598999
0,0.45268974
1,0.50455815
0,0.41439512
1,0.3122587
0,0.50854146
1,0.51168215
1,0.52376115
1,0.5539406
1,0.4575105
1,0.45270935
0,0.5596401
1,0.5790855
0,0.48887444
1,0.42776266
1,0.48249558
1,0.39051896
0,0.41386908
0,0.7098788
1,0.50449914
0,0.41288722
0,0.3277065
0,0.3237388
0,0.61430997
0,0.5605801
0,0.4079106
1,0.41867805
0,0.28436264
1,0.43367156
0,0.46817386
1,0.37953436
1,0.42967242
0,0.4037338
0,0.59847975
1,0.42789245
1,0.37010783
1,0.31994894
1,0.48954704
0,0.3749799
0,0.5198733
0,0.34100774
0,0.57147235
1,0.49859348
1,0.41386834
0,0.5770691
1,0.4748762
0,0.5995512
0,0.38012812
0,0.4910819
0,0.4014826
0,0.52589816
0,0.5399008
0,0.4687611
0,0.5678172
1,0.57066846
0,0.5320432
0,0.44859105
1,0.627025
0,0.47230628
1,0.45943356
0,0.41422194
0,0.6646942
1,0.47621527
0,0.37577927
0,0.5812281
0,0.56571174
1,0.53554106
0,0.5562354
1,0.63731706
0,0.45845932
0,0.5221984
1,0.5725652
0,0.34110364
1,0.5853519
1,0.30971977
1,0.45302698
0,0.47351542
1,0.65894735
1,0.5398488
1,0.51905334
1,0.6009842
0,0.58007866
0,0.27267626
0,0.3124636
0,0.5225236
1,0.43691677
0,0.61064017
0,0.48474112
1,0.47183397
1,0.42975923
0,0.46667936
0,0.72593695
0,0.48596987
1,0.41986194
1,0.466923
0,0.39859793
0,0.5492971
0,0.5385956
0,0.5537142
1,0.4856734
1,0.45543778
0,0.3482848
1,0.45384532
1,0.43962482
0,0.5001891
0,0.46559644
1,0.48468006
1,0.53220725
1,0.46131057
0,0.46334216
1,0.71805704
0,0.565165
0,0.67780393
0,0.42921597
1,0.6431911
0,0.563762
0,0.5665579
0,0.67536473
0,0.50956786
0,0.57364
0,0.69879955
0,0.6756071
0,0.58189285
0,0.5333033
0,0.568763
1,0.313068
0,0.34027165
1,0.43300435
0,0.65087676
1,0.4573599
1,0.36125684
0,0.42497814
1,0.30573884
1,0.524854
0,0.5642856
0,0.5797904
0,0.7066789
1,0.43650427
1,0.42308125
1,0.42119443
1,0.5971343
0,0.38535586
1,0.5421991
0,0.48657244
0,0.18151027
1,0.59970677
1,0.55859774
0,0.28652272
1,0.51625013
0,0.4720348
0,0.57519543
0,0.5202206
0,0.6589488
0,0.473681
1,0.5383041
1,0.47866106
1,0.44342858
0,0.44172287
1,0.2909452
1,0.38753223
1,0.4923299
0,0.49009368
1,0.4433496
0,0.4601517
0,0.3180575
1,0.6282945
0,0.5158264
1,0.63725954
1,0.5382253
0,0.4847401
0,0.65922785
1,0.6029316
1,0.46488583
0,0.36668175
0,0.68486184
1,0.59353787
1,0.538072
0,0.2384734
1,0.6701955
1,0.5805457
0,0.4426805
1,0.5666726
1,0.47699177
0,0.44021404
1,0.6392535
1,0.46458805
1,0.4043227
0,0.3180576
1,0.49540848
1,0.3970971
0,0.60012305
1,0.7621048
0,0.37860873
1,0.5193812
1,0.4169954
1,0.45710868
1,0.34267548
1,0.6689403
1,0.2980455
0,0.4012219
1,0.32657897
0,0.45402277
0,0.59448326
0,0.45016453
0,0.47167888
1,0.4154954
0,0.48717806
1,0.59767324
0,0.51392484
0,0.6899424
1,0.5628829
0,0.4743888
0,0.44520038
1,0.5918051
0,0.23617142
0,0.5901715
0,0.49060217
0,0.39252037
0,0.53332436
0,0.5579085
1,0.5007542
0,0.49323815
1,0.6832021
0,0.6434951
0,0.5796295
0,0.61820686
1,0.56343776
0,0.399945
0,0.5851358
0,0.5816307
0,0.66453224
1,0.6962352
1,0.47768298
0,0.48382628
1,0.60435647
0,0.39057592
0,0.67174685
1,0.41555914
0,0.6159514
1,0.44265968
1,0.59223765
0,0.71583617
0,0.52334166
1,0.5731908
1,0.5713105
1,0.5265971
0,0.46563163
0,0.6148745
0,0.6493372
1,0.6372141
0,0.45337167
1,0.50232667
0,0.57201385
0,0.5887689
0,0.6687521
1,0.5101355
1,0.37156522
1,0.5290894
1,0.23551375
0,0.694099
0,0.5961246
0,0.46696034
1,0.63593054
1,0.67703694
0,0.6553287
0,0.5996951
0,0.3016332
0,0.4698856
1,0.6624456
0,0.4910492
0,0.6463421
0,0.64088225
1,0.5887632
1,0.49930146
0,0.46403924
1,0.53088534
0,0.48876858
1,0.53954154
1,0.52008253
0,0.4366435
0,0.6865373
1,0.616561
1,0.5307528
1,0.5935616
1,0.5505641
0,0.5178495
1,0.4224756
1,0.36512074
0,0.5463336
0,0.540956
1,0.5028966
0,0.4733324
0,0.5531532
0,0.5295132
1,0.5757869
1,0.6410704
1,0.41058993
0,0.4905793
0,0.50892675
1,0.5843062
0,0.41051015
1,0.49262837
1,0.5713863
0,0.52308404
0,0.29928672
0,0.47454002
1,0.3695854
1,0.4880148
0,0.6182207
1,0.529877
0,0.49941388
0,0.5774896
1,0.65976506
1,0.46583068
1,0.49082887
0,0.45150134
1,0.48488033
1,0.41632217
0,0.49369067
1,0.52883935
0,0.6117276
1,0.55905044
1,0.483221
0,0.503307
0,0.52963334
0,0.41241732
1,0.5128328
1,0.4827009
1,0.5298014
0,0.5959309
1,0.5520467
1,0.46007907
0,0.48318312
1,0.49945688
1,0.36823544
0,0.33545646
1,0.7162438
0,0.5215277
0,0.6417981
1,0.49500078
1,0.5010816
1,0.45796484
1,0.5641751
1,0.5707195
0,0.4494272
1,0.7056496
1,0.43089116
1,0.5793409
0,0.6287083
0,0.5872251
1,0.45533502
1,0.48038644
0,0.52874774
1,0.49938622
0,0.5091862
0,0.46504593
0,0.56218225
0,0.56098527
0,0.5842466
1,0.5727993
1,0.5071403
1,0.63700116
0,0.50302124
1,0.69428676
0,0.46585333
1,0.4601912
0,0.60858315
0,0.54185134
0,0.6665573
1,0.5822123
0,0.6366235
1,0.43419373
0,0.42519784
1,0.59159017
0,0.39008883
1,0.61108
1,0.44391182
0,0.57885945
1,0.4858653
1,0.5144849
1,0.46242833
1,0.43499163
1,0.5786179
0,0.48125646
1,0.54665864
0,0.38960287
0,0.3946094
1,0.4099479
0,0.38735005
0,0.5619099
1,0.5492781
0,0.26299277
1,0.4592749
0,0.65400547
1,0.4079007
1,0.41759703
1,0.626187
0,0.55973125
0,0.56913674
0,0.6041832
1,0.599834
0,0.5883914
0,0.5645542
1,0.45310465
1,0.6876394
1,0.60847586
0,0.5010641
1,0.47161508
1,0.5341937
0,0.5216546
0,0.511211
1,0.5276702
0,0.5662764
0,0.5861464
0,0.6048209
0,0.5448448
1,0.5538745
0,0.5950034
0,0.5403553
0,0.41759852
0,0.5663682
0,0.73639745
1,0.31657097
1,0.5747551
0,0.51725763
1,0.57526416
1,0.43168658
0,0.49554443
1,0.5980866
0,0.5714032
0,0.53642327
0,0.5805236
1,0.49896562
0,0.6168244
0,0.64418036
1,0.6876633
0,0.66743237
0,0.57220626
0,0.71527433
1,0.52466464
0,0.4221713
1,0.6499669
1,0.57033026
0,0.3906791
1,0.3871732
1,0.57595426
0,0.3925711
1,0.38919175
1,0.48391458
1,0.3377284
1,0.51734096
1,0.4187688
1,0.23543046
0,0.39922214
1,0.4734128
1,0.495886
1,0.32596055
1,0.4370567
0,0.49568963
1,0.39869756
0,0.37161148
0,0.5987568
1,0.4046204
1,0.44085953
1,0.5848518
1,0.5515831
1,0.5480284
0,0.45430613
0,0.7096038
0,0.47219986
0,0.49247393
1,0.72954327
1,0.6515818
0,0.44733393
0,0.5090724
0,0.644987
0,0.56258315
0,0.6069418
1,0.5270075
1,0.4478293
1,0.48038864
1,0.63001543
1,0.5437124
0,0.51042694
1,0.55765384
0,0.5788333
1,0.5594245
1,0.64048594
1,0.480989
0,0.5028021
1,0.67278945
1,0.49866545
1,0.2902749
1,0.42045906
1,0.59731585
1,0.47905394
1,0.4614084
1,0.3847604
1,0.40983978
1,0.4505217
0,0.33586472
1,0.5254186
0,0.37041572
1,0.7052232
1,0.30009362
0,0.38974845
0,0.654062
1,0.39924276
1,0.15512665
1,0.3042217
0,0.4218672
0,0.36238846
1,0.22231704
0,0.19675432
1,0.6055777
1,0.27541012
1,0.35387635
1,0.2749623
1,0.24015015
0,0.22441798
0,0.22782195
1,0.45027485
1,0.28750575
0,0.4050064
0,0.6758264
0,0.49908435
1,0.67989784
1,0.3863
0,0.40035883
0,0.45852718
0,0.5522484
1,0.47766328
0,0.49475682
1,0.6764167
0,0.19076914
1,0.6142684
1,0.63268656
1,0.36204922
0,0.3146435
1,0.24392284
1,0.2813663
0,0.14831407
1,0.24747849
0,0.23766436
0,0.46622005
1,0.24332297
1,0.17795794
0,0.32099652
1,0.3041679
1,0.27002662
0,0.34899166
1,0.4041737
0,0.44038182
0,0.43899196
1,0.41537634
1,0.4130203
0,0.4078346
1,0.44370028
1,0.24955653
0,0.31271023
0,0.21389712
1,0.59318614
0,0.6188801
1,0.5284632
1,0.4817148
0,0.52129984
1,0.4363306
1,0.40218943
1,0.3443558
0,0.3519791
0,0.37083113
0,0.5400925
0,0.5623686
1,0.5070821
0,0.66837406
0,0.51699096
1,0.4853831
1,0.54544926
0,0.45779988
0,0.5641936
1,0.5440856
1,0.57090443
0,0.5428508
0,0.53737515
0,0.5386681
1,0.6139769
0,0.5754823
1,0.522884
1,0.34693214
0,0.6217312
1,0.7636335
1,0.67599714
0,0.5393118
1,0.58111006
0,0.6807398
0,0.6639654
1,0.46158522
1,0.6413471
0,0.33793095
0,0.44831872
1,0.5332096
0,0.3561061
0,0.44384438
1,0.4624444
0,0.5755698
0,0.5301649
0,0.4691161
1,0.48115757
0,0.3081266
1,0.34785822
1,0.5258464
0,0.5044744
1,0.523647
0,0.44688952
0,0.45324853
1,0.470472
0,0.40650398
0,0.47655582
0,0.5599466
0,0.39591178
0,0.523148
1,0.48589018
0,0.5336803
1,0.32392964
0,0.46171036
0,0.5024831
0,0.46026966
1,0.5335348
1,0.43242547
1,0.57018363
0,0.3516523
1,0.5127939
0,0.41681504
1,0.5590028
0,0.52977467
1,0.48117602
0,0.4729195
0,0.3562513
0,0.46440506
1,0.48958483
1,0.4407213
1,0.4534314
0,0.4056349
1,0.546908
1,0.45962587
0,0.34526205
0,0.5486225
0,0.52729887
1,0.50820935
0,0.4760477
0,0.49230528
0,0.518328
0,0.3718787
0,0.6411456
1,0.7049812
0,0.36227155
0,0.6470329
1,0.54469174
1,0.41049394
0,0.4889908
1,0.5454336
1,0.5526538
0,0.48673922
1,0.55206996
0,0.3025191
0,0.37601206
0,0.4213555
1,0.36241668
0,0.42180687
0,0.4546793
1,0.54241455
0,0.4847651
1,0.61589193
0,0.6144494
1,0.59048563
1,0.50420487
1,0.4249935
1,0.43363956
1,0.42946354
1,0.5527912
1,0.3966848
0,0.37546206
0,0.41220748
1,0.40583068
0,0.3186449
0,0.40996546
0,0.3312108
1,0.38399383
1,0.44567278
0,0.35909134
1,0.31291297
1,0.56396323
1,0.4885936
1,0.4052574
1,0.37513614
1,0.3950308
1,0.3205264
0,0.315745
1,0.54117125
0,0.37071747
1,0.5263736
1,0.4289731
1,0.53592855
0,0.3209597
1,0.4777794
1,0.39025873
1,0.35064337
1,0.4350213
1,0.47281787
0,0.43442196
0,0.38464227
1,0.66995764
0,0.4986331
0,0.39673996
0,0.5256365
0,0.56772083
1,0.55144984
0,0.32322294
1,0.42508152
0,0.5935147
1,0.48978063
1,0.6083394
1,0.58330065
1,0.26267222
0,0.5470764
1,0.50966185
0,0.5856629
0,0.48321447
1,0.514857
0,0.43802074
1,0.47026223
0,0.4387464
0,0.37685856
0,0.24136968
1,0.3894286
0,0.48311433
1,0.32832596
1,0.37652713
1,0.46287757
1,0.43790117
1,0.43801823
0,0.21117696
