time,open,close,high,low
1781208600,1.15809,1.158035,1.15822,1.15794
1781208900,1.15804,1.157975,1.158075,1.157915
1781209200,1.15798,1.15829,1.1583,1.15798
1781209500,1.158285,1.15805,1.15832,1.157785
1781209800,1.158045,1.157955,1.158175,1.157925
1781210100,1.15795,1.15792,1.15798,1.15773
1781210400,1.157915,1.15772,1.157935,1.157685
1781210700,1.15772,1.157975,1.157995,1.15765
1781211000,1.15797,1.157855,1.158015,1.157795
1781211300,1.15785,1.157845,1.158045,1.157805
1781211600,1.157855,1.15782,1.157875,1.157745
1781211900,1.157805,1.15775,1.157875,1.157745
1781212200,1.15775,1.15803,1.15804,1.157685
1781212500,1.15803,1.15798,1.158035,1.15789
1781212800,1.15798,1.157845,1.15798,1.157805
1781213100,1.157845,1.157825,1.157855,1.157815
1781213400,1.15782,1.157825,1.157845,1.15782
1781213700,1.157825,1.157775,1.15783,1.1577
1781214000,1.157775,1.157635,1.1578,1.15763
1781214300,1.15763,1.15779,1.1578,1.15763
1781214600,1.15779,1.15785,1.15797,1.157785
1781214900,1.15785,1.15774,1.15785,1.15767
1781215200,1.157745,1.15805,1.1582,1.157695
1781215500,1.15805,1.157815,1.158095,1.157745
1781215800,1.157815,1.157605,1.157815,1.157595
1781216100,1.1576,1.157545,1.157665,1.157545
1781216400,1.15754,1.15739,1.157595,1.157315
1781216700,1.15739,1.157525,1.157535,1.15737
1781217000,1.157525,1.157465,1.15757,1.157355
1781217300,1.15746,1.15756,1.157565,1.15737
1781217600,1.15756,1.157915,1.15797,1.157555
1781217900,1.157915,1.158105,1.15827,1.1579
1781218200,1.15811,1.158145,1.158215,1.15804
1781218500,1.158135,1.158495,1.1585,1.158125
1781218800,1.15849,1.158355,1.15866,1.15831
1781219100,1.158355,1.158205,1.15853,1.15819
1781219400,1.15821,1.158235,1.15837,1.158185
1781219700,1.15824,1.158065,1.158305,1.15804
1781220000,1.158065,1.157995,1.1582,1.157965
1781220300,1.158005,1.15779,1.158055,1.157695
1781220600,1.157785,1.15759,1.157805,1.157525
1781220900,1.15759,1.15765,1.15775,1.157525
1781221200,1.157645,1.157605,1.157745,1.157585
1781221500,1.15761,1.157555,1.157705,1.15749
1781221800,1.15755,1.157555,1.15759,1.15744
1781222100,1.15756,1.15756,1.157695,1.15744
1781222400,1.157565,1.15694,1.157655,1.15693
1781222700,1.15693,1.157095,1.15726,1.15693
1781223000,1.157105,1.157125,1.157245,1.157095
1781223300,1.15712,1.157025,1.157165,1.1569
1781223600,1.15703,1.15699,1.15711,1.156895
1781223900,1.15699,1.157045,1.1572,1.1569
1781224200,1.15704,1.15694,1.1572,1.156905
1781224500,1.156935,1.15681,1.157035,1.15677
1781224800,1.156815,1.156635,1.156845,1.15662
1781225100,1.15664,1.15672,1.156785,1.15662
1781225400,1.156725,1.156985,1.157085,1.15671
1781225700,1.15699,1.15697,1.15709,1.15677
1781226000,1.156965,1.156745,1.15702,1.156725
1781226300,1.156745,1.1565,1.156775,1.15643
1781226600,1.15649,1.156575,1.156635,1.156335
1781226900,1.156575,1.156525,1.15664,1.15645
1781227200,1.15653,1.156315,1.156575,1.15631
1781227500,1.15632,1.15621,1.156385,1.156155
1781227800,1.156205,1.15657,1.156595,1.156205
1781228100,1.15657,1.15642,1.15664,1.15631
1781228400,1.156425,1.15627,1.15646,1.15623
1781228700,1.156265,1.15659,1.156595,1.156265
1781229000,1.156585,1.156265,1.156585,1.15624
1781229300,1.15627,1.15633,1.156385,1.1562
1781229600,1.156325,1.156535,1.15655,1.156275
1781229900,1.15654,1.15672,1.15673,1.156475
1781230200,1.156715,1.15687,1.15705,1.156715
1781230500,1.156875,1.156715,1.15688,1.156675
1781230800,1.15672,1.15672,1.156775,1.15667
1781231100,1.15672,1.15649,1.156725,1.15649
1781231400,1.1565,1.156405,1.156585,1.15638
1781231700,1.156405,1.15668,1.15669,1.1564
1781232000,1.156675,1.15657,1.15673,1.15649
1781232300,1.156565,1.156705,1.15671,1.156525
1781232600,1.1567,1.156665,1.15672,1.156565
1781232900,1.15667,1.15668,1.15674,1.15661
1781233200,1.156675,1.15678,1.156825,1.15663
1781233500,1.156775,1.15659,1.156845,1.156515
1781233800,1.156585,1.15672,1.15673,1.15651
1781234100,1.15671,1.156735,1.15682,1.156665
1781234400,1.156735,1.15677,1.15683,1.156685
1781234700,1.156775,1.15705,1.15712,1.156775
1781235000,1.157055,1.15752,1.15753,1.15704
1781235300,1.157525,1.157315,1.157525,1.157285
1781235600,1.15732,1.157355,1.1574,1.1573
1781235900,1.15735,1.15707,1.15735,1.15703
1781236200,1.157065,1.15723,1.157255,1.157
1781236500,1.157225,1.15721,1.15725,1.157135
1781236800,1.157215,1.15712,1.157265,1.157115
1781237100,1.15712,1.157075,1.15713,1.156865
1781237400,1.15708,1.15717,1.15718,1.157015
1781237700,1.157165,1.157065,1.15721,1.157035
1781238000,1.157065,1.15711,1.15712,1.15704
1781238300,1.15711,1.15718,1.157195,1.15707
1781238600,1.15718,1.157215,1.157245,1.157115
1781238900,1.157215,1.1573,1.157345,1.157165
1781239200,1.157295,1.157405,1.157515,1.157275
1781239500,1.157405,1.157285,1.157445,1.15723
1781239800,1.15729,1.157265,1.15738,1.157235
1781240100,1.15726,1.157155,1.15729,1.15705
1781240400,1.15716,1.157265,1.157395,1.157135
1781240700,1.15727,1.157135,1.157295,1.157075
1781241000,1.157135,1.156905,1.15717,1.15667
1781241300,1.1569,1.15659,1.15691,1.156465
1781241600,1.1566,1.156575,1.15675,1.156565
1781241900,1.156575,1.156505,1.15668,1.15642
1781242200,1.1565,1.15663,1.15665,1.15643
1781242500,1.156625,1.156365,1.156625,1.15634
1781242800,1.15636,1.15638,1.156465,1.156275
1781243100,1.156385,1.15625,1.156415,1.156215
1781243400,1.156245,1.15605,1.15625,1.15598
1781243700,1.156045,1.15575,1.15605,1.155735
1781244000,1.155755,1.156335,1.15645,1.155755
1781244300,1.15634,1.15643,1.156535,1.15629
1781244600,1.156425,1.15657,1.15683,1.156415
1781244900,1.15657,1.1566,1.15673,1.156505
1781245200,1.1566,1.156705,1.156795,1.1566
1781245500,1.156705,1.15675,1.156815,1.156615
1781245800,1.156755,1.156765,1.156775,1.156505
1781246100,1.156765,1.156735,1.15705,1.15665
1781246400,1.15674,1.156885,1.157085,1.15669
1781246700,1.156885,1.156855,1.15703,1.156715
1781247000,1.15685,1.157075,1.15719,1.15683
1781247300,1.15708,1.157315,1.157425,1.15696
1781247600,1.15732,1.15691,1.157355,1.156905
1781247900,1.156915,1.156815,1.156945,1.1567
1781248200,1.15681,1.15647,1.156985,1.156285
1781248500,1.15647,1.156555,1.15657,1.156295
1781248800,1.156565,1.15641,1.15671,1.156355
1781249100,1.156405,1.15606,1.156405,1.15606
1781249400,1.156055,1.15617,1.156225,1.15596
1781249700,1.156175,1.15591,1.156315,1.155745
1781250000,1.15591,1.15606,1.156155,1.155715
1781250300,1.15606,1.15576,1.15614,1.155715
1781250600,1.15577,1.155905,1.15601,1.15574
1781250900,1.155905,1.156665,1.156755,1.15586
1781251200,1.15667,1.156775,1.157025,1.15654
1781251500,1.15677,1.15693,1.15714,1.156755
1781251800,1.156935,1.156965,1.157105,1.15679
1781252100,1.15696,1.15837,1.15844,1.156875
1781252400,1.158365,1.157945,1.158575,1.157875
1781252700,1.15794,1.157605,1.158,1.157535
1781253000,1.157615,1.157805,1.157895,1.15753
1781253300,1.1578,1.158145,1.158345,1.157645
1781253600,1.15814,1.158045,1.15821,1.157765
1781253900,1.15805,1.157955,1.158245,1.157845
1781254200,1.15795,1.15768,1.15799,1.15768
1781254500,1.15768,1.157685,1.157735,1.15753
1781254800,1.15769,1.157535,1.15776,1.15736
1781255100,1.15754,1.157515,1.157715,1.157355
1781255400,1.15751,1.157715,1.15778,1.15751
1781255700,1.15772,1.158265,1.158595,1.15772
1781256000,1.15826,1.15834,1.15843,1.15795
1781256300,1.158335,1.158805,1.15896,1.158335
1781256600,1.158815,1.15862,1.1589,1.15844
1781256900,1.15863,1.158655,1.158725,1.158415
1781257200,1.15866,1.15859,1.158825,1.15855
1781257500,1.15859,1.15835,1.158725,1.15835
1781257800,1.15835,1.15836,1.158465,1.15805
1781258100,1.15836,1.158405,1.158615,1.15835
1781258400,1.1584,1.158395,1.158565,1.158305
1781258700,1.15839,1.158415,1.15852,1.15833
1781259000,1.15841,1.1583,1.15855,1.15814
1781259300,1.158305,1.158245,1.15842,1.158175
1781259600,1.15824,1.157685,1.158245,1.157525
1781259900,1.15768,1.15743,1.15773,1.156895
1781260200,1.157435,1.157785,1.157975,1.15733
1781260500,1.15778,1.15764,1.15779,1.157585
1781260800,1.15764,1.15761,1.157695,1.157565
1781261100,1.157615,1.157685,1.157845,1.157575
1781261400,1.15768,1.157425,1.157735,1.15734
1781261700,1.15742,1.1574,1.157495,1.1572
1781262000,1.157415,1.157345,1.157475,1.15717
1781262300,1.15734,1.157285,1.15736,1.15716
1781262600,1.157285,1.157485,1.157485,1.157195
1781262900,1.15748,1.157525,1.157635,1.15737
1781263200,1.15752,1.15763,1.157795,1.15751
1781263500,1.157635,1.15747,1.157655,1.15747
1781263800,1.157475,1.15738,1.157605,1.157325
1781264100,1.157385,1.15763,1.15765,1.157385
1781264400,1.157635,1.15786,1.157945,1.15761
1781264700,1.157855,1.15764,1.157895,1.15759
1781265000,1.15764,1.15754,1.157715,1.15754
1781265300,1.157535,1.157145,1.157535,1.157065
1781265600,1.15715,1.15698,1.15725,1.15692
1781265900,1.156985,1.15667,1.157065,1.156665
1781266200,1.156675,1.15683,1.15686,1.15667
1781266500,1.156835,1.156835,1.156905,1.15666
1781266800,1.15684,1.15626,1.15684,1.156245
1781267100,1.15626,1.156155,1.156395,1.156135
1781267400,1.15615,1.15643,1.156465,1.156105
1781267700,1.156435,1.1563,1.15646,1.15624
1781268000,1.156295,1.156305,1.15654,1.156245
1781268300,1.1563,1.15635,1.156355,1.156015
1781268600,1.15634,1.156195,1.156395,1.15609
1781268900,1.1562,1.156345,1.156445,1.156065
1781269200,1.15635,1.156805,1.15681,1.15618
1781269500,1.15679,1.156755,1.15689,1.15646
1781269800,1.156755,1.15661,1.15684,1.15654
1781270100,1.15661,1.157265,1.157265,1.15655
1781270400,1.15726,1.157365,1.15754,1.157195
1781270700,1.15738,1.1576,1.157655,1.15725
1781271000,1.157615,1.157555,1.157905,1.15745
1781271300,1.15755,1.157545,1.157655,1.157305
1781271600,1.157535,1.15675,1.157555,1.15636
1781271900,1.15676,1.157135,1.157135,1.156725
1781272200,1.157135,1.1573,1.15742,1.15697
1781272500,1.157305,1.156945,1.15734,1.15686
1781272800,1.15695,1.15771,1.157755,1.15676
1781273100,1.157715,1.15751,1.15774,1.157395
1781273400,1.157515,1.157345,1.157515,1.15727
1781273700,1.15734,1.15689,1.157505,1.15689
1781274000,1.156875,1.157015,1.15714,1.15661
1781274300,1.15701,1.15693,1.15714,1.15691
1781274600,1.156915,1.157315,1.157355,1.156895
1781274900,1.157305,1.15749,1.15753,1.15721
1781275200,1.157495,1.15732,1.157635,1.1571
1781275500,1.157325,1.157255,1.15736,1.15705
1781275800,1.15726,1.157725,1.15791,1.15682
1781276100,1.15772,1.15733,1.157885,1.157245
1781276400,1.157335,1.15749,1.157545,1.15715
1781276700,1.157485,1.157395,1.15769,1.157335
1781277000,1.157385,1.157735,1.157795,1.15738
1781277300,1.15774,1.157755,1.157875,1.157635
1781277600,1.15776,1.15784,1.15797,1.157715
1781277900,1.157845,1.15825,1.158355,1.157835
1781278200,1.158245,1.15805,1.158355,1.158045
1781278500,1.158045,1.15795,1.158285,1.157745
1781278800,1.157945,1.157575,1.15796,1.157345
1781279100,1.15756,1.15757,1.15771,1.157505
1781279400,1.157575,1.15767,1.157855,1.15748
1781279700,1.157675,1.157305,1.15769,1.157305
1781280000,1.15731,1.15721,1.157355,1.15708
1781280300,1.157205,1.1571,1.15721,1.15705
1781280600,1.157105,1.157245,1.157795,1.156955
1781280900,1.15725,1.15729,1.15762,1.157245
1781281200,1.157295,1.15703,1.157365,1.15698
1781281500,1.157025,1.157245,1.157355,1.157025
1781281800,1.15725,1.157445,1.15756,1.157235
1781282100,1.15744,1.157305,1.157445,1.15718
1781282400,1.15731,1.157255,1.15753,1.157215
1781282700,1.15726,1.15739,1.15746,1.15719
1781283000,1.15739,1.157455,1.157545,1.157345
1781283300,1.15746,1.157465,1.157525,1.15735
1781283600,1.15747,1.15747,1.157585,1.157385
1781283900,1.157465,1.157535,1.15776,1.1574
1781284200,1.15753,1.157345,1.15755,1.157175
1781284500,1.15735,1.157345,1.157385,1.157235
1781284800,1.15735,1.157445,1.15753,1.15735
1781285100,1.15745,1.157565,1.1576,1.15742
1781285400,1.15757,1.157475,1.157575,1.15743
1781285700,1.15746,1.15745,1.15754,1.157415
1781286000,1.157455,1.157565,1.157645,1.15738
1781286300,1.157565,1.157505,1.15758,1.157455
1781286600,1.157515,1.157495,1.15753,1.157455
1781286900,1.1575,1.15747,1.157535,1.15736
1781287200,1.157465,1.15731,1.15753,1.157295
1781287500,1.157315,1.157255,1.157345,1.15724
1781287800,1.157255,1.15737,1.157465,1.157235
1781288100,1.15737,1.157395,1.157465,1.15736
1781288400,1.157395,1.157575,1.157595,1.157375
1781288700,1.157575,1.15754,1.1576,1.15747
1781289000,1.157545,1.157765,1.157855,1.157545
1781289300,1.157765,1.15779,1.15784,1.15774
1781289600,1.157795,1.157775,1.15783,1.157735
1781289900,1.15777,1.15776,1.157835,1.157735
1781290200,1.157765,1.157805,1.157835,1.15773
1781290500,1.15781,1.15748,1.15783,1.157425
1781290800,1.157475,1.15774,1.157775,1.15732
1781291100,1.15774,1.157595,1.15778,1.157575
1781291400,1.15759,1.15749,1.15759,1.15746
1781291700,1.157485,1.15759,1.157605,1.157445
1781292000,1.157595,1.15739,1.15763,1.15739
1781292300,1.157395,1.15749,1.15751,1.15733
1781292600,1.15748,1.157245,1.15751,1.157235
1781292900,1.15724,1.157215,1.15745,1.157125
1781293200,1.15722,1.157085,1.157275,1.15708
1781293500,1.157075,1.157075,1.15711,1.15703
1781293800,1.15708,1.156965,1.15724,1.156935
1781294100,1.15696,1.157145,1.157155,1.156875
1781294400,1.15714,1.157045,1.157175,1.15696
1781294700,1.15705,1.15699,1.15707,1.1569
1781295000,1.15699,1.15694,1.15701,1.156925
1781295300,1.156935,1.1569,1.156935,1.156815
1781295600,1.1569,1.15694,1.156975,1.156885
1781295900,1.156935,1.156835,1.157095,1.156835
1781296200,1.15683,1.156795,1.156835,1.156745
1781296500,1.15679,1.156795,1.15683,1.15676
1781296800,1.15679,1.156725,1.156805,1.156665
1781297100,1.156715,1.156835,1.15687,1.156665
1781297400,1.15684,1.15679,1.156945,1.15677
1781297700,1.156795,1.156725,1.15683,1.15658
1781470800,1.156725,1.157565,1.15765,1.156725
1781471100,1.157565,1.15769,1.157695,1.157565
1781471400,1.15769,1.15773,1.157795,1.157315
1781471700,1.157685,1.15773,1.157805,1.15768
1781472000,1.15773,1.15839,1.15843,1.15769
1781472300,1.15839,1.15945,1.159455,1.158155
1781472600,1.159455,1.15968,1.15985,1.159455
1781472900,1.15968,1.15985,1.159975,1.15965
1781473200,1.15985,1.1599,1.160035,1.159755
1781473500,1.159895,1.16016,1.160285,1.159655
1781473800,1.160225,1.160365,1.160655,1.160225
1781474100,1.160435,1.160615,1.16063,1.16018
1781474400,1.160625,1.161365,1.1614,1.160295
1781474700,1.161355,1.1617,1.16177,1.16121
1781475000,1.16167,1.16117,1.161735,1.161165
1781475300,1.161155,1.161475,1.161515,1.160825
1781475600,1.161485,1.16128,1.16151,1.16119
1781475900,1.161275,1.160875,1.16128,1.160765
1781476200,1.16087,1.160685,1.16116,1.16057
1781476500,1.16068,1.16075,1.16083,1.16038
1781476800,1.160745,1.16088,1.16108,1.16068
1781477100,1.16088,1.160995,1.16107,1.160875
1781477400,1.16099,1.16104,1.16114,1.16094
1781477700,1.161035,1.16088,1.161135,1.160875
1781478000,1.16087,1.160485,1.16095,1.160475
1781478300,1.16048,1.160645,1.16065,1.16044
1781478600,1.160645,1.160485,1.160705,1.16042
1781478900,1.16048,1.16057,1.160695,1.16044
1781479200,1.16057,1.16058,1.16059,1.16043
1781479500,1.16058,1.16042,1.16058,1.160365
1781479800,1.16042,1.160415,1.16048,1.160315
1781480100,1.160425,1.16056,1.16057,1.16041
1781480400,1.16056,1.16064,1.160695,1.16046
1781480700,1.160645,1.16066,1.160855,1.16058
1781481000,1.160665,1.16068,1.160925,1.16066
1781481300,1.160675,1.160295,1.16068,1.16022
1781481600,1.16029,1.16065,1.160745,1.16029
1781481900,1.16065,1.160665,1.16086,1.16059
1781482200,1.16067,1.16106,1.16109,1.160655
1781482500,1.161065,1.16105,1.16115,1.1608
1781482800,1.161055,1.1611,1.16119,1.16099
1781483100,1.161105,1.16075,1.16113,1.160715
1781483400,1.160745,1.16069,1.160775,1.16059
1781483700,1.160685,1.16059,1.16074,1.16058
1781484000,1.160585,1.16058,1.16063,1.16047
1781484300,1.160585,1.16043,1.160615,1.16039
1781484600,1.160425,1.160025,1.160465,1.16
1781484900,1.16002,1.15989,1.160095,1.15981
1781485200,1.159885,1.15984,1.159885,1.15963
1781485500,1.159835,1.15962,1.159845,1.15942
1781485800,1.159615,1.159745,1.15991,1.159615
1781486100,1.159745,1.15973,1.159835,1.159695
1781486400,1.15973,1.15987,1.159955,1.15973
1781486700,1.15987,1.15982,1.15987,1.159745
1781487000,1.159825,1.15978,1.159885,1.15972
1781487300,1.15978,1.159735,1.159795,1.159685
1781487600,1.15973,1.159645,1.159785,1.15962
1781487900,1.159655,1.15978,1.15979,1.159585
1781488200,1.15978,1.16013,1.160145,1.15977
1781488500,1.160135,1.159815,1.16017,1.159705
1781488800,1.15981,1.159815,1.15988,1.159735
1781489100,1.15982,1.15989,1.159945,1.15978
1781489400,1.159885,1.159485,1.15989,1.159445
1781489700,1.159485,1.159545,1.15956,1.159435
1781490000,1.159545,1.159585,1.1596,1.15944
1781490300,1.159585,1.15979,1.159825,1.159545
1781490600,1.15979,1.159895,1.15994,1.15979
1781490900,1.159895,1.16009,1.160095,1.159835
1781491200,1.160085,1.159875,1.16015,1.159835
1781491500,1.159875,1.159785,1.15988,1.159755
1781491800,1.15978,1.159825,1.159875,1.15975
1781492100,1.15983,1.159945,1.159985,1.159825
1781492400,1.15995,1.16003,1.160095,1.15994
1781492700,1.160035,1.16,1.160085,1.159895
1781493000,1.159995,1.159885,1.160025,1.159845
1781493300,1.159885,1.159935,1.16002,1.159885
1781493600,1.159935,1.160085,1.160115,1.159935
1781493900,1.16009,1.160175,1.1602,1.160075
1781494200,1.16017,1.160275,1.16028,1.16013
1781494500,1.160275,1.1603,1.160335,1.16014
1781494800,1.1603,1.16034,1.160435,1.160265
1781495100,1.16034,1.16042,1.160485,1.160325
1781495400,1.160425,1.16047,1.160505,1.160415
1781495700,1.16047,1.160435,1.160535,1.160405
1781496000,1.16043,1.160325,1.160495,1.160325
1781496300,1.16033,1.160445,1.16047,1.16032
1781496600,1.160445,1.160475,1.160525,1.160435
1781496900,1.16048,1.160495,1.160535,1.160465
1781497200,1.1605,1.160595,1.16062,1.160435
1781497500,1.160595,1.1609,1.16091,1.160575
1781497800,1.160905,1.16101,1.161045,1.16087
1781498100,1.161005,1.161075,1.161085,1.160985
1781498400,1.161075,1.16108,1.16113,1.160995
1781498700,1.16108,1.16123,1.161245,1.16103
1781499000,1.161235,1.161235,1.161345,1.16117
1781499300,1.16123,1.16126,1.161285,1.161135
1781499600,1.161275,1.1615,1.161515,1.16126
1781499900,1.1615,1.16149,1.161555,1.161445
1781500200,1.16149,1.16193,1.16221,1.161485
1781500500,1.16193,1.161985,1.16203,1.161825
1781500800,1.161985,1.161935,1.162035,1.161835
1781501100,1.16193,1.161835,1.161985,1.16177
1781501400,1.16184,1.16167,1.16196,1.161615
1781501700,1.161665,1.16154,1.16173,1.16152
1781502000,1.161535,1.161405,1.161635,1.16138
1781502300,1.161405,1.16173,1.16177,1.16136
1781502600,1.161725,1.16153,1.16174,1.161495
1781502900,1.161535,1.161695,1.161745,1.16142
1781503200,1.16169,1.16143,1.1618,1.161365
1781503500,1.161425,1.16088,1.161445,1.160875
1781503800,1.160885,1.16098,1.161035,1.160835
1781504100,1.16099,1.160995,1.161145,1.16098
1781504400,1.160995,1.16079,1.160995,1.16065
1781504700,1.160785,1.16078,1.16096,1.1607
1781505000,1.16077,1.160115,1.16079,1.160075
1781505300,1.160125,1.160695,1.160725,1.1601
1781505600,1.16069,1.160725,1.16085,1.160535
1781505900,1.16073,1.16083,1.16087,1.160635
1781506200,1.160835,1.16069,1.16086,1.16068
1781506500,1.160685,1.16063,1.160705,1.160445
1781506800,1.16065,1.16046,1.1607,1.160145
1781507100,1.160455,1.160875,1.16094,1.160385
1781507400,1.160875,1.160665,1.160935,1.160395
1781507700,1.16066,1.16056,1.16077,1.16051
1781508000,1.160565,1.16091,1.161065,1.160385
1781508300,1.160915,1.16086,1.160975,1.1607
1781508600,1.160865,1.160815,1.160935,1.160485
1781508900,1.16081,1.16058,1.160885,1.160415
1781509200,1.160585,1.16081,1.16094,1.16053
1781509500,1.160805,1.16053,1.160915,1.160515
1781509800,1.16053,1.16063,1.16068,1.1604
1781510100,1.16063,1.160615,1.160685,1.16052
1781510400,1.16062,1.160805,1.16083,1.160535
1781510700,1.1608,1.16054,1.160805,1.160435
1781511000,1.160545,1.160585,1.160685,1.160435
1781511300,1.160585,1.16079,1.160815,1.160465
1781511600,1.16079,1.16078,1.16089,1.16065
1781511900,1.160775,1.160765,1.16102,1.160715
1781512200,1.16077,1.16096,1.161015,1.160685
1781512500,1.160965,1.16047,1.16103,1.160465
1781512800,1.160475,1.160115,1.160475,1.15999
1781513100,1.160125,1.15972,1.16019,1.159705
1781513400,1.159715,1.15992,1.159925,1.159715
1781513700,1.159915,1.160165,1.160205,1.159825
1781514000,1.16017,1.16079,1.16079,1.160065
1781514300,1.160785,1.16086,1.160995,1.160735
1781514600,1.16086,1.160745,1.161085,1.16068
1781514900,1.16074,1.160645,1.16074,1.16044
1781515200,1.16065,1.160535,1.16068,1.16043
1781515500,1.16054,1.16053,1.16062,1.16035
1781515800,1.160535,1.1607,1.16076,1.16051
1781516100,1.1607,1.16097,1.16104,1.1607
1781516400,1.160965,1.16078,1.161,1.16076
1781516700,1.160775,1.16078,1.160835,1.16063
1781517000,1.160785,1.160715,1.160895,1.160715
1781517300,1.160715,1.16069,1.16079,1.160505
1781517600,1.160685,1.16051,1.16071,1.16049
1781517900,1.160515,1.16038,1.160585,1.160325
1781518200,1.16038,1.16067,1.160695,1.16033
1781518500,1.160675,1.160965,1.16098,1.16065
1781518800,1.16097,1.160995,1.161105,1.160945
1781519100,1.16099,1.161035,1.16115,1.16097
1781519400,1.16104,1.16128,1.161285,1.16103
1781519700,1.161285,1.16136,1.16145,1.16128
1781520000,1.161365,1.16133,1.16139,1.16126
1781520300,1.161325,1.161175,1.161365,1.161035
1781520600,1.161175,1.1612,1.16131,1.161075
1781520900,1.161195,1.161055,1.161235,1.160995
1781521200,1.16106,1.161105,1.161305,1.16104
1781521500,1.161105,1.161235,1.161315,1.161085
1781521800,1.161235,1.161225,1.161415,1.161165
1781522100,1.16121,1.160975,1.16121,1.16092
1781522400,1.16097,1.160775,1.16114,1.160765
1781522700,1.16078,1.160695,1.160935,1.160685
1781523000,1.16069,1.160925,1.161065,1.16068
1781523300,1.16093,1.160855,1.16093,1.16071
1781523600,1.16085,1.16069,1.16103,1.16057
1781523900,1.160695,1.16097,1.160985,1.160685
1781524200,1.160965,1.161385,1.161395,1.160965
1781524500,1.16138,1.1609,1.16138,1.16085
1781524800,1.160895,1.161155,1.16118,1.16085
1781525100,1.16115,1.16072,1.16122,1.16071
1781525400,1.160725,1.16063,1.160805,1.16058
1781525700,1.160625,1.160595,1.160715,1.16046
1781526000,1.16059,1.16066,1.160755,1.160435
1781526300,1.160675,1.16097,1.16099,1.16064
1781526600,1.160965,1.16114,1.161265,1.16089
1781526900,1.161135,1.16101,1.16124,1.16083
1781527200,1.161015,1.16145,1.161455,1.16101
1781527500,1.161445,1.16152,1.16172,1.16135
1781527800,1.161525,1.161705,1.16175,1.161455
1781528100,1.16171,1.16154,1.161975,1.161305
1781528400,1.161545,1.161475,1.161665,1.161205
1781528700,1.161475,1.161455,1.16157,1.161295
1781529000,1.16146,1.16152,1.16164,1.16136
1781529300,1.16152,1.161575,1.161775,1.16148
1781529600,1.161575,1.161745,1.161785,1.16153
1781529900,1.16175,1.16166,1.16179,1.161585
1781530200,1.161655,1.16168,1.16169,1.16131
1781530500,1.161665,1.16198,1.16202,1.16154
1781530800,1.161975,1.16173,1.162055,1.161495
1781531100,1.161735,1.161775,1.161795,1.16149
1781531400,1.16177,1.161435,1.161855,1.16136
1781531700,1.16144,1.16168,1.1617,1.16143
1781532000,1.161685,1.16155,1.16173,1.16154
1781532300,1.16155,1.16161,1.161865,1.16154
1781532600,1.161615,1.161345,1.1617,1.16124
1781532900,1.16135,1.16123,1.161535,1.16118
1781533200,1.161235,1.16105,1.16128,1.16088
1781533500,1.161045,1.161235,1.161305,1.16101
1781533800,1.16124,1.16083,1.16134,1.1608
1781534100,1.160825,1.16083,1.16099,1.16072
1781534400,1.16082,1.160685,1.160845,1.16056
1781534700,1.16068,1.161,1.161,1.16056
1781535000,1.16101,1.1608,1.16109,1.16061
1781535300,1.160805,1.160775,1.16125,1.160635
1781535600,1.16076,1.16049,1.16076,1.16043
1781535900,1.160485,1.16061,1.16061,1.160425
1781536200,1.160605,1.160455,1.16072,1.160435
1781536500,1.16046,1.160545,1.160635,1.16044
1781536800,1.16055,1.16023,1.160625,1.160215
1781537100,1.160235,1.160335,1.16046,1.16015
1781537400,1.16033,1.159965,1.160355,1.15988
1781537700,1.15997,1.159945,1.160065,1.159935
1781538000,1.15995,1.159775,1.16003,1.159765
1781538300,1.159775,1.1597,1.15983,1.15968
1781538600,1.1597,1.159825,1.159825,1.159665
1781538900,1.15982,1.15984,1.15988,1.15976
1781539200,1.159845,1.159945,1.159955,1.15974
1781539500,1.15995,1.160145,1.16016,1.15994
1781539800,1.16015,1.160285,1.1603,1.160115
1781540100,1.160285,1.160165,1.160395,1.1601
1781540400,1.16016,1.160335,1.160365,1.16011
1781540700,1.160325,1.160495,1.1605,1.1603
1781541000,1.16049,1.16038,1.16051,1.16023
1781541300,1.160375,1.159935,1.16039,1.15993
1781541600,1.15993,1.15989,1.15999,1.159815
1781541900,1.15989,1.16009,1.16015,1.15986
1781542200,1.16009,1.1603,1.160345,1.15997
1781542500,1.160305,1.16036,1.16052,1.16025
1781542800,1.16036,1.16015,1.16041,1.160085
1781543100,1.16015,1.160185,1.160235,1.159985
1781543400,1.160185,1.160195,1.160325,1.160025
1781543700,1.160195,1.159935,1.16022,1.15992
1781544000,1.159935,1.160075,1.16009,1.159875
1781544300,1.16007,1.16006,1.16025,1.160045
1781544600,1.160065,1.15992,1.16008,1.159795
1781544900,1.15992,1.16003,1.16004,1.15983
1781545200,1.16003,1.159985,1.16003,1.159895
1781545500,1.15999,1.160075,1.160085,1.15996
1781545800,1.160075,1.16008,1.16008,1.15998
1781546100,1.160075,1.159945,1.160075,1.15984
1781546400,1.15995,1.16009,1.160125,1.159865
1781546700,1.160095,1.160135,1.16031,1.160065
1781547000,1.16014,1.16016,1.16023,1.16011
1781547300,1.16016,1.16007,1.16021,1.160015
1781547600,1.160065,1.160025,1.16011,1.16
1781547900,1.16002,1.15977,1.160055,1.15977
1781548200,1.159775,1.159615,1.159795,1.159555
1781548500,1.159615,1.15967,1.159735,1.159535
1781548800,1.15967,1.159665,1.15967,1.1595
1781549100,1.15966,1.159715,1.159735,1.159535
1781549400,1.15971,1.159595,1.159865,1.15959
1781549700,1.1596,1.159475,1.159605,1.1594
1781550000,1.15948,1.15906,1.15962,1.159015
1781550300,1.159065,1.159385,1.15941,1.159055
1781550600,1.15939,1.15921,1.159405,1.15917
1781550900,1.159215,1.159415,1.15942,1.15921
1781551200,1.159415,1.159215,1.159415,1.15921
1781551500,1.15922,1.159175,1.15927,1.159115
1781551800,1.159175,1.15934,1.15943,1.15916
1781552100,1.159345,1.159315,1.15937,1.159185
1781552400,1.15931,1.1593,1.15937,1.15927
1781552700,1.1593,1.159255,1.15942,1.159245
1781553000,1.15925,1.15912,1.15931,1.159115
1781553300,1.159115,1.15853,1.159115,1.158445
1781553600,1.158525,1.15871,1.15877,1.158365
1781553900,1.15871,1.158755,1.15885,1.158695
1781554200,1.15875,1.15887,1.158875,1.15874
1781554500,1.158865,1.158765,1.15892,1.158765
1781554800,1.158765,1.158775,1.1588,1.15872
1781555100,1.158775,1.158915,1.158925,1.15873
1781555400,1.15892,1.15882,1.159005,1.15877
1781555700,1.15882,1.158765,1.158895,1.158725
1781556000,1.158785,1.158895,1.15893,1.15877
1781556300,1.158885,1.158825,1.158885,1.15881
1781556600,1.158825,1.15885,1.15887,1.158735
1781556900,1.158845,1.158985,1.159055,1.158845
1781557200,1.158985,1.158985,1.158985,1.158985
1781557500,1.158985,1.15945,1.159495,1.158985
1781557800,1.159445,1.15925,1.15967,1.159115
1781558100,1.15926,1.15905,1.15926,1.15904
1781558400,1.15905,1.159105,1.159145,1.158985
1781558700,1.159105,1.15879,1.15912,1.158785
1781559000,1.15878,1.15884,1.158865,1.15875
1781559300,1.15884,1.15948,1.159535,1.15884
1781559600,1.159485,1.15956,1.15957,1.159375
1781559900,1.15956,1.15956,1.15957,1.159345
1781560200,1.15956,1.159095,1.15956,1.159085
1781560500,1.159095,1.159135,1.15914,1.15903
1781560800,1.159095,1.15905,1.159105,1.158915
1781561100,1.159045,1.158915,1.159105,1.158885
1781561400,1.158915,1.15874,1.158915,1.158695
1781561700,1.158735,1.158585,1.158745,1.15858
1781562000,1.158585,1.158595,1.15866,1.15856
1781562300,1.1586,1.158675,1.15869,1.158585
1781562600,1.158675,1.158655,1.158755,1.158645
1781562900,1.15866,1.15871,1.15873,1.15864
1781563200,1.158705,1.15881,1.158815,1.158705
1781563500,1.15881,1.15873,1.158825,1.15873
1781563800,1.158725,1.158835,1.15884,1.15872
1781564100,1.15883,1.15887,1.15897,1.158825
1781564400,1.158875,1.158905,1.158925,1.158865
1781564700,1.158905,1.15906,1.159115,1.158905
1781565000,1.159055,1.159025,1.15911,1.15901
1781565300,1.159025,1.15903,1.15904,1.158935
1781565600,1.159035,1.159075,1.159085,1.15903
1781565900,1.159075,1.159145,1.159205,1.159075
1781566200,1.159145,1.15913,1.159145,1.159095
1781566500,1.159135,1.15914,1.159155,1.15913
1781566800,1.159145,1.159315,1.15932,1.15914
1781567100,1.159335,1.15918,1.159375,1.15916
1781567400,1.159175,1.15919,1.1592,1.159085
1781567700,1.159185,1.15913,1.159245,1.159125
1781568000,1.159135,1.159185,1.159215,1.159075
1781568300,1.15918,1.159125,1.159185,1.159045
1781568600,1.159125,1.158985,1.159145,1.158965
1781568900,1.158975,1.158985,1.159025,1.158915
1781569200,1.158985,1.15894,1.159065,1.158915
1781569500,1.15894,1.158855,1.158955,1.15879
1781569800,1.158855,1.15897,1.159025,1.158835
1781570100,1.158975,1.159025,1.159055,1.15892
1781570400,1.159025,1.159145,1.159195,1.15902
1781570700,1.159135,1.159055,1.159155,1.159035
1781571000,1.159055,1.15898,1.159065,1.158885
1781571300,1.158985,1.1593,1.159355,1.15898
1781571600,1.159295,1.159505,1.159515,1.159255
1781571900,1.159495,1.159285,1.159495,1.159185
1781572200,1.159285,1.15921,1.159375,1.159085
1781572500,1.159215,1.159125,1.159225,1.159035
1781572800,1.159125,1.15895,1.15919,1.15895
1781573100,1.15895,1.159105,1.159185,1.15895
1781573400,1.159105,1.159115,1.159245,1.159035
1781573700,1.159115,1.1589,1.159115,1.158845
1781574000,1.1589,1.158895,1.159055,1.1588
1781574300,1.158895,1.159135,1.15924,1.158885
1781574600,1.159135,1.15912,1.159165,1.159045
1781574900,1.15912,1.15878,1.15912,1.15869
1781575200,1.15878,1.158545,1.15881,1.15853
1781575500,1.158545,1.158595,1.15866,1.15848
1781575800,1.158595,1.15854,1.158645,1.158475
1781576100,1.15854,1.158345,1.158555,1.158335
1781576400,1.158345,1.15843,1.158505,1.158275
1781576700,1.15843,1.158625,1.15863,1.15843
1781577000,1.15863,1.158785,1.15883,1.15863
1781577300,1.158785,1.158865,1.15894,1.158735
1781577600,1.15886,1.158845,1.158885,1.15878
1781577900,1.158845,1.15873,1.15885,1.15865
1781578200,1.15873,1.1587,1.158775,1.15864
1781578500,1.158695,1.158785,1.15885,1.158615
1781578800,1.15878,1.158565,1.15883,1.158485
1781579100,1.15857,1.15869,1.158745,1.15857
1781579400,1.158695,1.158715,1.158745,1.15868
1781579700,1.158715,1.158605,1.158715,1.158405
1781580000,1.1586,1.15864,1.158735,1.158505
1781580300,1.15864,1.15856,1.158735,1.15851
1781580600,1.158565,1.1587,1.1587,1.158565
1781580900,1.1587,1.1587,1.158755,1.15868
1781581200,1.1587,1.158685,1.158725,1.15862
1781581500,1.158685,1.15885,1.15885,1.15864
1781581800,1.15885,1.158765,1.15887,1.15874
1781582100,1.15876,1.158645,1.158765,1.15859
1781582400,1.158645,1.1584,1.158705,1.1584
1781582700,1.1584,1.158295,1.158405,1.15821
1781583000,1.158295,1.157955,1.1583,1.157865
1781583300,1.157955,1.15807,1.1581,1.157885
1781583600,1.15807,1.15779,1.158125,1.157785
1781583900,1.157795,1.157835,1.157875,1.15758
1781584200,1.157835,1.157785,1.15806,1.157755
1781584500,1.15778,1.157915,1.15793,1.15774
1781584800,1.157915,1.157895,1.15794,1.157885
1781585100,1.157895,1.15789,1.157925,1.15776
1781585400,1.157885,1.157715,1.157905,1.15764
1781585700,1.15772,1.1579,1.15795,1.15772
1781586000,1.157895,1.15805,1.1581,1.157885
1781586300,1.158045,1.158,1.158055,1.15795
1781586600,1.157995,1.157755,1.158,1.15775
1781586900,1.15775,1.157785,1.15785,1.157745
1781587200,1.157785,1.157815,1.15787,1.157715
1781587500,1.157815,1.157945,1.15795,1.15781
1781587800,1.15795,1.157915,1.158065,1.157905
1781588100,1.157915,1.15789,1.15807,1.15787
1781588400,1.157895,1.157745,1.15798,1.15771
1781588700,1.157745,1.15757,1.15779,1.15754
1781589000,1.157575,1.1576,1.157745,1.157575
1781589300,1.157595,1.15755,1.157645,1.157535
1781589600,1.15754,1.157745,1.15777,1.157495
1781589900,1.157745,1.157555,1.157765,1.15751
1781590200,1.15756,1.157705,1.15778,1.15749
1781590500,1.1577,1.157635,1.157775,1.15758
1781590800,1.15764,1.15751,1.157665,1.1575
1781591100,1.157515,1.15786,1.1579,1.157515
1781591400,1.157855,1.15841,1.15848,1.15779
1781591700,1.15841,1.1585,1.158565,1.158185
1781592000,1.158505,1.15815,1.15854,1.158135
1781592300,1.15815,1.158375,1.158455,1.15814
1781592600,1.158375,1.15841,1.158555,1.158285
1781592900,1.158415,1.158735,1.15876,1.158405
1781593200,1.15874,1.158695,1.15884,1.15852
1781593500,1.1587,1.158895,1.15903,1.15869
1781593800,1.15889,1.15881,1.158935,1.15874
1781594100,1.158815,1.158945,1.159055,1.15877
1781594400,1.158945,1.1588,1.15895,1.15877
1781594700,1.158795,1.15911,1.15914,1.158725
1781595000,1.159105,1.15909,1.159225,1.15894
1781595300,1.15909,1.159285,1.15929,1.15906
1781595600,1.159295,1.1593,1.159395,1.159245
1781595900,1.159315,1.159195,1.159355,1.15918
1781596200,1.1592,1.159195,1.159395,1.159195
1781596500,1.1592,1.15955,1.15957,1.159195
1781596800,1.159555,1.15962,1.15969,1.159325
1781597100,1.159615,1.15961,1.159785,1.159575
1781597400,1.159615,1.159885,1.159955,1.159605
1781597700,1.15988,1.15987,1.160035,1.15974
1781598000,1.159875,1.159795,1.159965,1.15974
1781598300,1.159795,1.16016,1.1602,1.15978
1781598600,1.160155,1.16016,1.160235,1.160015
1781598900,1.16016,1.159985,1.160185,1.159895
1781599200,1.15998,1.160085,1.16014,1.15998
1781599500,1.16009,1.160155,1.160185,1.15995
1781599800,1.160155,1.160475,1.160505,1.160125
1781600100,1.16048,1.16058,1.16066,1.160445
1781600400,1.160575,1.160425,1.160685,1.160415
1781600700,1.160435,1.16076,1.16092,1.160335
1781601000,1.160765,1.16072,1.16094,1.160625
1781601300,1.160725,1.16047,1.160745,1.16041
1781601600,1.160485,1.16032,1.160555,1.16032
1781601900,1.160325,1.160145,1.16033,1.16005
1781602200,1.16015,1.16016,1.160345,1.160145
1781602500,1.160165,1.160175,1.16026,1.16
1781602800,1.160175,1.160085,1.160225,1.160045
1781603100,1.160085,1.16,1.160165,1.159985
1781603400,1.16,1.160125,1.160185,1.16
1781603700,1.160125,1.1601,1.160235,1.160095
1781604000,1.160105,1.160105,1.160275,1.160085
1781604300,1.160105,1.160405,1.160405,1.160055
1781604600,1.1604,1.16072,1.1608,1.16036
1781604900,1.160715,1.160915,1.161,1.16069
1781605200,1.160915,1.16114,1.161305,1.160895
1781605500,1.16114,1.16093,1.161175,1.160895
1781605800,1.160925,1.16094,1.160945,1.16077
1781606100,1.16094,1.16093,1.16104,1.160905
1781606400,1.160935,1.16113,1.16122,1.160935
1781606700,1.16113,1.16099,1.16119,1.16096
1781607000,1.160995,1.16103,1.16113,1.160965
1781607300,1.16103,1.161195,1.16125,1.160935
1781607600,1.1612,1.160885,1.1612,1.16082
1781607900,1.160885,1.16079,1.160955,1.160745
1781608200,1.160795,1.160885,1.160955,1.160765
1781608500,1.16089,1.16058,1.160895,1.16057
1781608800,1.160575,1.16043,1.160625,1.16037
1781609100,1.16043,1.16042,1.160485,1.16033
1781609400,1.160415,1.160545,1.160665,1.16039
1781609700,1.16054,1.16027,1.160595,1.16027
1781610000,1.160265,1.159975,1.160285,1.159785
1781610300,1.15997,1.159935,1.16003,1.15986
1781610600,1.159935,1.15977,1.160085,1.15972
1781610900,1.159765,1.15991,1.159985,1.159725
1781611200,1.159915,1.15963,1.15993,1.1596
1781611500,1.159625,1.15941,1.159685,1.159395
1781611800,1.159405,1.159755,1.159785,1.15936
1781612100,1.15976,1.159545,1.15981,1.15942
1781612400,1.159555,1.159485,1.159605,1.15914
1781612700,1.159475,1.159505,1.159595,1.159415
1781613000,1.1595,1.15954,1.159815,1.15948
1781613300,1.159535,1.159885,1.15991,1.15948
1781613600,1.15989,1.1601,1.16019,1.159815
1781613900,1.160095,1.15967,1.160125,1.15967
1781614200,1.159675,1.159715,1.160075,1.159655
1781614500,1.159715,1.15996,1.160015,1.15971
1781614800,1.15995,1.16005,1.160255,1.15992
1781615100,1.160045,1.16009,1.160245,1.159965
1781615400,1.160085,1.159985,1.16018,1.15988
1781615700,1.16,1.159995,1.16006,1.15983
1781616000,1.159995,1.159735,1.159995,1.15951
1781616300,1.15974,1.159785,1.15985,1.15958
1781616600,1.159795,1.160215,1.160365,1.159705
1781616900,1.16022,1.160085,1.16022,1.160045
1781617200,1.160075,1.159915,1.16018,1.159905
1781617500,1.15992,1.159635,1.159955,1.15956
1781617800,1.159635,1.1594,1.15969,1.15932
1781618100,1.159405,1.15927,1.15947,1.15913
1781618400,1.159275,1.15924,1.159675,1.159185
1781618700,1.159225,1.159185,1.15923,1.158795
1781619000,1.15919,1.159495,1.159645,1.15919
1781619300,1.15949,1.15934,1.159495,1.15929
1781619600,1.159345,1.159545,1.159725,1.159345
1781619900,1.15954,1.15906,1.159645,1.15906
1781620200,1.159065,1.158935,1.159195,1.15879
1781620500,1.15894,1.15939,1.1594,1.15893
1781620800,1.159385,1.15965,1.159695,1.15932
1781621100,1.159655,1.159875,1.160005,1.15959
1781621400,1.15988,1.160155,1.16023,1.15986
1781621700,1.16015,1.16069,1.16084,1.160145
1781622000,1.160695,1.16047,1.160815,1.160415
1781622300,1.160475,1.16031,1.160605,1.160245
1781622600,1.160315,1.160175,1.16034,1.15998
1781622900,1.16018,1.160275,1.160375,1.16013
1781623200,1.16028,1.16033,1.160385,1.160175
1781623500,1.160325,1.160225,1.16051,1.160205
1781623800,1.16022,1.160695,1.1607,1.160135
1781624100,1.1607,1.160695,1.16086,1.160665
1781624400,1.16069,1.16069,1.160725,1.16041
1781624700,1.16069,1.16057,1.1607,1.16037
1781625000,1.16057,1.161445,1.161645,1.16057
1781625300,1.16145,1.161405,1.16188,1.16138
1781625600,1.161415,1.161285,1.16156,1.16126
1781625900,1.161285,1.161605,1.161755,1.161285
1781626200,1.16161,1.16172,1.16182,1.161525
1781626500,1.161725,1.16193,1.161945,1.16168
1781626800,1.161935,1.161625,1.16198,1.161615
1781627100,1.16162,1.161685,1.16184,1.16157
1781627400,1.16168,1.161555,1.16177,1.16154
1781627700,1.161555,1.16154,1.16166,1.161495
1781628000,1.161545,1.161415,1.161575,1.161355
1781628300,1.16141,1.161275,1.161485,1.161265
1781628600,1.161275,1.16138,1.16141,1.16116
1781628900,1.161385,1.16132,1.16147,1.16132
1781629200,1.16132,1.161225,1.161375,1.161215
1781629500,1.16122,1.161275,1.161275,1.161125
1781629800,1.16127,1.161215,1.161335,1.16118
1781630100,1.16122,1.16122,1.161315,1.161185
1781630400,1.16122,1.16121,1.16125,1.161085
1781630700,1.161205,1.1612,1.161295,1.16117
1781631000,1.1612,1.161205,1.161255,1.16115
1781631300,1.16121,1.161115,1.161225,1.16109
1781631600,1.161115,1.161235,1.16131,1.161085
1781631900,1.161235,1.1612,1.16128,1.161125
1781632200,1.16119,1.16118,1.161225,1.16114
1781632500,1.16118,1.16113,1.16118,1.16107
1781632800,1.161135,1.16128,1.161405,1.161115
1781633100,1.161275,1.161085,1.161275,1.161075
1781633400,1.161085,1.161145,1.161205,1.161085
1781633700,1.16114,1.16109,1.161145,1.161045
1781634000,1.161095,1.161085,1.16114,1.161035
1781634300,1.161075,1.161025,1.16121,1.16096
1781634600,1.16103,1.16087,1.1611,1.16086
1781634900,1.160875,1.16071,1.160965,1.16071
1781635200,1.160715,1.16072,1.16077,1.16066
1781635500,1.16072,1.16068,1.160795,1.16065
1781635800,1.16068,1.160835,1.160845,1.160635
1781636100,1.160845,1.161055,1.161135,1.160845
1781636400,1.16106,1.161315,1.161345,1.16106
1781636700,1.16131,1.16117,1.16138,1.16114
1781637000,1.161175,1.161115,1.1612,1.16111
1781637300,1.16112,1.16112,1.161205,1.161085
1781637600,1.161125,1.16113,1.16116,1.16105
1781637900,1.16113,1.16116,1.16118,1.16111
1781638200,1.161155,1.16102,1.16117,1.16098
1781638500,1.16101,1.160845,1.16101,1.16081
1781638800,1.16084,1.16079,1.160935,1.16076
1781639100,1.160795,1.160875,1.160885,1.16079
1781639400,1.160875,1.16077,1.160935,1.160715
1781639700,1.160765,1.160815,1.160855,1.160585
1781640000,1.160805,1.160735,1.160845,1.160685
1781640300,1.160735,1.160795,1.160855,1.160735
1781640600,1.160795,1.160765,1.160795,1.16072
1781640900,1.160765,1.16092,1.160935,1.16076
1781641200,1.160925,1.16092,1.160985,1.16091
1781641500,1.160915,1.160935,1.16096,1.160885
1781641800,1.16094,1.160765,1.16095,1.160725
1781642100,1.160775,1.16078,1.16082,1.160735
1781642400,1.160785,1.160715,1.160815,1.16067
1781642700,1.16071,1.16077,1.16078,1.160665
1781643000,1.160775,1.160865,1.160895,1.160755
1781643300,1.16087,1.160845,1.16088,1.16078
1781643600,1.16083,1.161055,1.161115,1.16083
1781643900,1.16108,1.16107,1.161085,1.16091
1781644200,1.16109,1.161125,1.161255,1.16108
1781644500,1.161115,1.16099,1.16114,1.160915
1781644800,1.16099,1.161175,1.161175,1.16099
1781645100,1.161175,1.16127,1.161295,1.16111
1781645400,1.16129,1.160975,1.16129,1.1609
1781645700,1.16097,1.160915,1.161025,1.160875
1781646000,1.160915,1.16091,1.16092,1.160895
1781646300,1.16091,1.160905,1.160915,1.160895
1781646600,1.160905,1.16091,1.16093,1.1609
1781646900,1.16091,1.16082,1.160925,1.16082
1781647200,1.16081,1.16105,1.161105,1.160795
1781647500,1.161045,1.161075,1.161095,1.160995
1781647800,1.161075,1.161015,1.16108,1.16099
1781648100,1.161015,1.16103,1.16105,1.16099
1781648400,1.16103,1.161085,1.161095,1.161015
1781648700,1.161085,1.16105,1.16109,1.16104
1781649000,1.16105,1.1611,1.161125,1.16105
1781649300,1.1611,1.161115,1.161115,1.16108
1781649600,1.16111,1.16125,1.161265,1.161105
1781649900,1.16125,1.16129,1.1613,1.16125
1781650200,1.16129,1.161255,1.16131,1.16125
1781650500,1.161255,1.161235,1.16126,1.16121
1781650800,1.16123,1.161265,1.161265,1.161185
1781651100,1.16129,1.16141,1.16145,1.161255
1781651400,1.16141,1.16138,1.161415,1.161325
1781651700,1.16138,1.161355,1.161395,1.161345
1781652000,1.161345,1.16135,1.161375,1.161315
1781652300,1.16135,1.16143,1.161475,1.16135
1781652600,1.16143,1.16135,1.16147,1.161315
1781652900,1.16135,1.16124,1.161375,1.161205
1781653200,1.16124,1.16133,1.16135,1.161235
1781653500,1.16133,1.161205,1.16134,1.161205
1781653800,1.1612,1.161165,1.16124,1.161135
1781654100,1.16117,1.16098,1.16117,1.160905
1781654400,1.160975,1.161165,1.16119,1.16088
1781654700,1.161165,1.161315,1.16137,1.16115
1781655000,1.161315,1.16134,1.161425,1.16129
1781655300,1.161355,1.161465,1.161505,1.16134
1781655600,1.161465,1.161445,1.16157,1.161395
1781655900,1.161455,1.161545,1.16167,1.16144
1781656200,1.16154,1.161495,1.16156,1.161435
1781656500,1.1615,1.161485,1.16159,1.161465
1781656800,1.16148,1.16153,1.161545,1.161475
1781657100,1.161535,1.161335,1.161545,1.161335
1781657400,1.16134,1.16128,1.161415,1.161255
1781657700,1.161285,1.161475,1.161475,1.16124
1781658000,1.161465,1.161465,1.161495,1.161375
1781658300,1.161465,1.161485,1.161605,1.161415
1781658600,1.161485,1.16141,1.16156,1.161405
1781658900,1.161405,1.16135,1.161435,1.161335
1781659200,1.16135,1.161335,1.16142,1.161305
1781659500,1.161335,1.161215,1.161365,1.161205
1781659800,1.16122,1.16116,1.161245,1.16103
1781660100,1.16116,1.161225,1.161265,1.16116
1781660400,1.161225,1.161325,1.16134,1.16118
1781660700,1.161325,1.161175,1.16141,1.161175
1781661000,1.161175,1.161215,1.161235,1.16114
1781661300,1.1612,1.161235,1.161255,1.16118
1781661600,1.161235,1.161245,1.16131,1.161195
1781661900,1.161245,1.161265,1.161295,1.161235
1781662200,1.161265,1.16126,1.161265,1.161225
1781662500,1.161255,1.161235,1.16126,1.161185
1781662800,1.161235,1.161465,1.161505,1.161235
1781663100,1.16147,1.161385,1.16151,1.161365
1781663400,1.161375,1.161245,1.161405,1.161245
1781663700,1.16125,1.161245,1.16126,1.161235
1781664000,1.161245,1.161285,1.16136,1.161245
1781664300,1.161275,1.16119,1.161275,1.161145
1781664600,1.16119,1.16105,1.16125,1.16105
1781664900,1.16105,1.160925,1.16116,1.160925
1781665200,1.16093,1.16085,1.161025,1.16084
1781665500,1.160865,1.161065,1.161065,1.160845
1781665800,1.16106,1.16111,1.161125,1.161015
1781666100,1.161105,1.161015,1.161115,1.160915
1781666400,1.16102,1.161095,1.161115,1.16102
1781666700,1.161095,1.161065,1.161095,1.161015
1781667000,1.16107,1.161115,1.161155,1.16106
1781667300,1.161115,1.16105,1.161115,1.16103
1781667600,1.16105,1.1611,1.161215,1.16105
1781667900,1.1611,1.161105,1.161115,1.16106
1781668200,1.1611,1.16111,1.16117,1.16109
1781668500,1.161105,1.161045,1.161105,1.16103
1781668800,1.16104,1.16108,1.16113,1.161005
1781669100,1.16108,1.16117,1.161185,1.161065
1781669400,1.16117,1.16125,1.16132,1.16117
1781669700,1.16125,1.16134,1.16136,1.16125
1781670000,1.16134,1.161255,1.16134,1.16119
1781670300,1.161255,1.161155,1.161255,1.16115
1781670600,1.16115,1.161135,1.161225,1.16113
1781670900,1.161135,1.161085,1.161165,1.161065
1781671200,1.161085,1.161145,1.16117,1.161085
1781671500,1.16114,1.161215,1.16123,1.16112
1781671800,1.161215,1.161275,1.161295,1.16117
1781672100,1.161275,1.16124,1.1613,1.16118
1781672400,1.161235,1.161365,1.161375,1.16121
1781672700,1.16137,1.16126,1.16138,1.16126
1781673000,1.161255,1.161205,1.161255,1.16113
1781673300,1.161205,1.161375,1.161425,1.161205
1781673600,1.16137,1.16131,1.16145,1.16131
1781673900,1.16131,1.161235,1.16131,1.16115
1781674200,1.16124,1.161265,1.16131,1.16115
1781674500,1.161265,1.161365,1.16141,1.16126
1781674800,1.161365,1.16142,1.161435,1.16134
1781675100,1.16142,1.161455,1.16151,1.16135
1781675400,1.161455,1.161355,1.161465,1.161315
1781675700,1.16135,1.16121,1.161365,1.16105
1781676000,1.16123,1.16127,1.16133,1.16097
1781676300,1.16128,1.161385,1.161475,1.16128
1781676600,1.16138,1.161165,1.16138,1.16095
1781676900,1.16115,1.16096,1.16118,1.16089
1781677200,1.16096,1.16077,1.161005,1.160715
1781677500,1.160765,1.16061,1.16089,1.160585
1781677800,1.16061,1.160515,1.160725,1.1604
1781678100,1.160515,1.16063,1.16063,1.16038
1781678400,1.160625,1.160705,1.16074,1.16059
1781678700,1.1607,1.160725,1.160805,1.16054
1781679000,1.160725,1.160725,1.160875,1.16071
1781679300,1.16073,1.160795,1.160815,1.160555
1781679600,1.16079,1.16098,1.161025,1.160675
1781679900,1.16098,1.161215,1.16131,1.16087
1781680200,1.16122,1.161405,1.161415,1.161155
1781680500,1.1614,1.16127,1.161455,1.16126
1781680800,1.161265,1.16117,1.16149,1.16104
1781681100,1.161165,1.16069,1.161165,1.16069
1781681400,1.160695,1.16053,1.16076,1.16045
1781681700,1.160525,1.16076,1.16077,1.16051
1781682000,1.160755,1.160595,1.160875,1.16051
1781682300,1.16059,1.160605,1.160625,1.16048
1781682600,1.1606,1.16081,1.16091,1.160565
1781682900,1.16081,1.16084,1.160865,1.160695
1781683200,1.16083,1.160605,1.16084,1.16053
1781683500,1.1606,1.160575,1.160635,1.16042
1781683800,1.16057,1.16046,1.16057,1.160075
1781684100,1.160455,1.16001,1.160515,1.16001
1781684400,1.16001,1.15984,1.160095,1.15984
1781684700,1.159835,1.16022,1.16026,1.1598
1781685000,1.16023,1.160295,1.160315,1.160095
1781685300,1.160295,1.16013,1.16032,1.16012
1781685600,1.160125,1.16013,1.16033,1.160055
1781685900,1.160135,1.160115,1.1602,1.16001
1781686200,1.16012,1.16024,1.160275,1.16006
1781686500,1.16026,1.160195,1.16031,1.160155
1781686800,1.1602,1.160295,1.160315,1.16008
1781687100,1.16029,1.16021,1.16035,1.160185
1781687400,1.160205,1.16016,1.160265,1.160125
1781687700,1.160155,1.16021,1.16024,1.16014
1781688000,1.16021,1.160395,1.16041,1.160155
1781688300,1.160395,1.16047,1.1606,1.160395
1781688600,1.160475,1.160415,1.16059,1.160225
1781688900,1.16041,1.160325,1.160445,1.16024
1781689200,1.16032,1.16017,1.160325,1.160165
1781689500,1.160175,1.16033,1.160355,1.16015
1781689800,1.160325,1.16026,1.160325,1.160225
1781690100,1.160255,1.160395,1.16043,1.16016
1781690400,1.1604,1.16037,1.1604,1.1602
1781690700,1.160365,1.16038,1.16044,1.16033
1781691000,1.160375,1.16041,1.16046,1.160305
1781691300,1.16041,1.160045,1.16041,1.16004
1781691600,1.16004,1.159745,1.160045,1.159695
1781691900,1.159745,1.159615,1.15975,1.159575
1781692200,1.15961,1.159815,1.15992,1.159605
1781692500,1.15981,1.159995,1.16003,1.159795
1781692800,1.15998,1.159835,1.15999,1.159715
1781693100,1.159835,1.15996,1.160005,1.159835
1781693400,1.159955,1.15966,1.16009,1.159555
1781693700,1.159655,1.15971,1.159735,1.159615
1781694000,1.159705,1.159715,1.159725,1.1596
1781694300,1.1597,1.15936,1.1597,1.159355
1781694600,1.15936,1.159165,1.1594,1.159115
1781694900,1.159165,1.159255,1.159515,1.159145
1781695200,1.15926,1.15906,1.15928,1.159035
1781695500,1.15906,1.15899,1.15922,1.15895
1781695800,1.158995,1.1587,1.159015,1.1586
1781696100,1.158705,1.158845,1.158935,1.158705
1781696400,1.158845,1.15866,1.15894,1.158535
1781696700,1.15866,1.15885,1.15897,1.158655
1781697000,1.158845,1.159055,1.159055,1.15872
1781697300,1.159055,1.15914,1.159155,1.15881
1781697600,1.159155,1.15928,1.15944,1.15907
1781697900,1.159275,1.159145,1.159315,1.159075
1781698200,1.15915,1.159215,1.159225,1.15905
1781698500,1.15922,1.15944,1.15949,1.15911
1781698800,1.159435,1.15967,1.159765,1.15939
1781699100,1.159675,1.15963,1.15981,1.15962
1781699400,1.159635,1.15974,1.159785,1.159315
1781699700,1.159745,1.159805,1.15989,1.15966
1781700000,1.159795,1.15974,1.159945,1.15973
1781700300,1.159745,1.15991,1.15998,1.15974
1781700600,1.15992,1.160235,1.16027,1.15991
1781700900,1.16023,1.16022,1.16028,1.159985
1781701200,1.1602,1.159815,1.16024,1.159815
1781701500,1.15983,1.160085,1.16013,1.159825
1781701800,1.160085,1.16011,1.16017,1.16001
1781702100,1.160105,1.160135,1.16014,1.15995
1781702400,1.16013,1.16016,1.160285,1.16008
1781702700,1.16017,1.15983,1.1602,1.15979
1781703000,1.159825,1.15969,1.159875,1.15966
1781703300,1.159695,1.159775,1.15998,1.159565
1781703600,1.15977,1.159755,1.15985,1.15957
1781703900,1.15975,1.159915,1.159955,1.159675
1781704200,1.15991,1.15965,1.160145,1.159585
1781704500,1.159655,1.159695,1.15992,1.15965
1781704800,1.159685,1.159435,1.15986,1.15933
1781705100,1.15943,1.159345,1.159685,1.159335
1781705400,1.159345,1.15928,1.15946,1.159225
1781705700,1.15928,1.15928,1.159455,1.15921
1781706000,1.159285,1.159175,1.159355,1.15903
1781706300,1.15917,1.159275,1.15933,1.159105
1781706600,1.15928,1.15941,1.15957,1.159265
1781706900,1.15941,1.15933,1.159455,1.15912
1781707200,1.159325,1.159275,1.15949,1.15914
1781707500,1.15927,1.158905,1.159335,1.1581
1781707800,1.15891,1.158895,1.15928,1.15886
1781708100,1.1589,1.15894,1.15924,1.15887
1781708400,1.158935,1.15917,1.15922,1.158705
1781708700,1.15918,1.158925,1.15921,1.158925
1781709000,1.15893,1.15903,1.15904,1.15886
1781709300,1.159015,1.15939,1.1594,1.15897
1781709600,1.159385,1.15911,1.15939,1.15911
1781709900,1.15911,1.15927,1.159345,1.15906
1781710200,1.15926,1.15938,1.15939,1.15912
1781710500,1.15939,1.15914,1.1594,1.15912
1781710800,1.15914,1.159295,1.159395,1.15893
1781711100,1.1593,1.15938,1.159395,1.15923
1781711400,1.15938,1.15921,1.1594,1.159155
1781711700,1.159205,1.15926,1.15935,1.1592
1781712000,1.159265,1.15914,1.159325,1.15909
1781712300,1.15914,1.159115,1.159195,1.159
1781712600,1.15912,1.158955,1.159155,1.158915
1781712900,1.158955,1.159065,1.159105,1.158955
1781713200,1.159065,1.15924,1.15926,1.15904
1781713500,1.15924,1.159195,1.15931,1.15907
1781713800,1.15919,1.15896,1.159215,1.15888
1781714100,1.15896,1.158975,1.159015,1.15891
1781714400,1.158975,1.159025,1.15904,1.158915
1781714700,1.15902,1.159065,1.159115,1.158955
1781715000,1.15906,1.159025,1.15918,1.159
1781715300,1.159035,1.159165,1.159295,1.159035
1781715600,1.15917,1.15915,1.159195,1.159055
1781715900,1.159155,1.159075,1.159185,1.15878
1781716200,1.15908,1.159075,1.159145,1.15898
1781716500,1.159075,1.159125,1.159195,1.158985
1781716800,1.15913,1.159115,1.15914,1.15901
1781717100,1.159115,1.159075,1.15912,1.15901
1781717400,1.15908,1.15917,1.15922,1.159035
1781717700,1.159175,1.15921,1.159245,1.15912
1781718000,1.159215,1.1593,1.159365,1.159185
1781718300,1.159305,1.159365,1.159415,1.159225
1781718600,1.15937,1.159485,1.15956,1.15936
1781718900,1.15949,1.159565,1.159635,1.15949
1781719200,1.159545,1.15544,1.159615,1.154625
1781719500,1.15543,1.154575,1.15555,1.15441
1781719800,1.15458,1.15449,1.154745,1.154155
1781720100,1.154485,1.155165,1.155295,1.15446
1781720400,1.15516,1.15549,1.15566,1.155135
1781720700,1.155485,1.154875,1.155485,1.1546
1781721000,1.15487,1.153605,1.15649,1.153565
1781721300,1.153615,1.155255,1.155925,1.153615
1781721600,1.155265,1.15626,1.156645,1.15474
1781721900,1.156265,1.15608,1.15634,1.15543
1781722200,1.156075,1.155225,1.15625,1.1552
1781722500,1.15523,1.153885,1.15525,1.153685
1781722800,1.153875,1.15205,1.15419,1.15205
1781723100,1.15206,1.151555,1.15269,1.15151
1781723400,1.15156,1.151605,1.15183,1.15051
1781723700,1.1516,1.15071,1.15166,1.15054
1781724000,1.150715,1.14991,1.150785,1.1499
1781724300,1.149905,1.14959,1.15045,1.149565
1781724600,1.149595,1.148405,1.149745,1.148385
1781724900,1.14841,1.148075,1.14866,1.147815
1781725200,1.148065,1.148405,1.14875,1.1478
1781725500,1.148425,1.148915,1.149065,1.148425
1781725800,1.148895,1.149255,1.149275,1.14856
1781726100,1.149235,1.14942,1.149735,1.149235
1781726400,1.149415,1.148785,1.149735,1.148705
1781726700,1.148795,1.148975,1.149115,1.148795
1781727000,1.148975,1.149095,1.149275,1.14897
1781727300,1.1491,1.149735,1.149815,1.148895
1781727600,1.14974,1.149665,1.149875,1.149535
1781727900,1.14966,1.14996,1.14997,1.149565
1781728200,1.149965,1.15018,1.150225,1.14988
1781728500,1.150175,1.1504,1.15051,1.150045
1781728800,1.150395,1.150175,1.15055,1.15017
1781729100,1.150185,1.15008,1.15034,1.150035
1781729400,1.150075,1.150105,1.15023,1.150035
1781729700,1.15011,1.15014,1.15024,1.15003
1781730000,1.150125,1.150115,1.15013,1.150115
1781730300,1.150115,1.150245,1.150275,1.150075
1781730600,1.150275,1.150275,1.150365,1.150235
1781730900,1.150265,1.15026,1.150285,1.1502
1781731200,1.15026,1.15029,1.1503,1.150255
1781731500,1.15029,1.150365,1.150365,1.15029
1781731800,1.150385,1.15028,1.150425,1.150245
1781732100,1.15028,1.15017,1.15029,1.150165
1781732400,1.15017,1.150175,1.150185,1.150135
1781732700,1.15017,1.150325,1.150335,1.15017
1781733000,1.150325,1.150375,1.150435,1.150305
1781733300,1.150375,1.15033,1.15043,1.15027
1781733600,1.150335,1.150185,1.1505,1.150095
1781733900,1.15019,1.150395,1.150425,1.15019
1781734200,1.150385,1.150325,1.15052,1.150315
1781734500,1.150315,1.150295,1.15033,1.15024
1781734800,1.150295,1.15018,1.150395,1.150165
1781735100,1.15018,1.150225,1.150295,1.15016
1781735400,1.15022,1.15034,1.15039,1.15019
1781735700,1.150335,1.150505,1.15052,1.150305
1781736000,1.1505,1.15044,1.15055,1.150435
1781736300,1.15044,1.150375,1.150525,1.150295
1781736600,1.15038,1.150555,1.150575,1.150375
1781736900,1.150555,1.15046,1.15056,1.150455
1781737200,1.150455,1.15054,1.15055,1.15045
1781737500,1.15054,1.15066,1.150695,1.15054
1781737800,1.15066,1.15076,1.15079,1.15059
1781738100,1.150755,1.15074,1.15079,1.150685
1781738400,1.150745,1.15079,1.15086,1.150745
1781738700,1.150795,1.15065,1.150835,1.1506
1781739000,1.150645,1.150685,1.150705,1.150545
1781739300,1.150685,1.150535,1.150695,1.150525
1781739600,1.150525,1.150725,1.15073,1.150385
1781739900,1.15072,1.150695,1.15076,1.150585
1781740200,1.150695,1.150735,1.15076,1.150655
1781740500,1.150735,1.1507,1.150735,1.150585
1781740800,1.150695,1.151645,1.151655,1.15068
1781741100,1.15166,1.15142,1.152075,1.1514
1781741400,1.15143,1.15117,1.15146,1.151145
1781741700,1.151175,1.151215,1.151365,1.151155
1781742000,1.151205,1.151095,1.151255,1.15097
1781742300,1.1511,1.151045,1.15117,1.1509
1781742600,1.15104,1.15121,1.151285,1.150995
1781742900,1.15121,1.15112,1.151215,1.15096
1781743200,1.15112,1.151115,1.151155,1.150965
1781743500,1.151115,1.150995,1.151125,1.150915
1781743800,1.150995,1.151345,1.151495,1.15095
1781744100,1.15135,1.151555,1.151675,1.15123
1781744400,1.15154,1.151705,1.151895,1.151525
1781744700,1.151705,1.15185,1.152025,1.15168
1781745000,1.151855,1.151965,1.152025,1.15177
1781745300,1.151955,1.151935,1.152035,1.151835
1781745600,1.151935,1.15209,1.152185,1.151925
1781745900,1.152085,1.152135,1.152195,1.152035
1781746200,1.152125,1.15209,1.152245,1.151985
1781746500,1.152085,1.15214,1.15218,1.152075
1781746800,1.15214,1.15216,1.152205,1.152075
1781747100,1.152155,1.151845,1.152165,1.15179
1781747400,1.151845,1.15191,1.15194,1.151775
1781747700,1.151915,1.151655,1.151915,1.151595
1781748000,1.151665,1.15175,1.151755,1.151635
1781748300,1.151755,1.15149,1.15183,1.15149
1781748600,1.151495,1.151445,1.151535,1.15138
1781748900,1.15145,1.15144,1.151495,1.15131
1781749200,1.151445,1.15149,1.151535,1.151445
1781749500,1.15149,1.15164,1.151655,1.15148
1781749800,1.151635,1.15175,1.15176,1.15154
1781750100,1.151755,1.151795,1.151805,1.15168
1781750400,1.151795,1.151995,1.15202,1.151795
1781750700,1.151995,1.151995,1.15205,1.151905
1781751000,1.15199,1.151845,1.152085,1.151815
1781751300,1.151835,1.151785,1.151885,1.15178
1781751600,1.15179,1.151875,1.15188,1.15177
1781751900,1.151875,1.151855,1.151915,1.151785
1781752200,1.151875,1.151935,1.151945,1.15183
1781752500,1.151935,1.152045,1.152095,1.15189
1781752800,1.152045,1.152105,1.15215,1.15198
1781753100,1.152105,1.15227,1.15234,1.152095
1781753400,1.152275,1.152245,1.152445,1.152195
1781753700,1.152245,1.1522,1.152245,1.152105
1781754000,1.152195,1.152255,1.152275,1.152195
1781754300,1.152255,1.15228,1.152305,1.152205
1781754600,1.152285,1.152245,1.152295,1.15219
1781754900,1.15224,1.15234,1.15241,1.15224
1781755200,1.152345,1.15245,1.152635,1.15234
1781755500,1.15245,1.152345,1.152485,1.152325
1781755800,1.152345,1.15207,1.15236,1.15207
1781756100,1.15207,1.152175,1.152335,1.15207
1781756400,1.152175,1.152115,1.152305,1.152115
1781756700,1.152115,1.152265,1.152265,1.152115
1781757000,1.152265,1.15222,1.15228,1.152165
1781757300,1.152225,1.152355,1.15239,1.152215
1781757600,1.152355,1.152355,1.152525,1.152305
1781757900,1.152355,1.15242,1.152475,1.15232
1781758200,1.15242,1.152445,1.152505,1.15239
1781758500,1.15244,1.15231,1.152485,1.15231
1781758800,1.152305,1.15232,1.15237,1.15219
1781759100,1.152325,1.152395,1.15249,1.15231
1781759400,1.1524,1.15224,1.1524,1.15218
1781759700,1.15223,1.152155,1.15224,1.15214
1781760000,1.152155,1.151915,1.15216,1.151885
1781760300,1.151915,1.15179,1.15198,1.151775
1781760600,1.151785,1.15176,1.151865,1.151625
1781760900,1.15175,1.151605,1.151775,1.151585
1781761200,1.15161,1.15176,1.151775,1.15159
1781761500,1.15176,1.15162,1.151765,1.15162
1781761800,1.151615,1.15144,1.151635,1.15144
1781762100,1.151435,1.151075,1.15145,1.15103
1781762400,1.151065,1.151655,1.15168,1.15104
1781762700,1.15166,1.151465,1.15186,1.15136
1781763000,1.15146,1.15227,1.15235,1.151445
1781763300,1.15226,1.152045,1.152375,1.15195
1781763600,1.15205,1.15239,1.15249,1.151995
1781763900,1.152385,1.15271,1.152725,1.152335
1781764200,1.152705,1.152775,1.152845,1.15245
1781764500,1.15277,1.15225,1.15279,1.15193
1781764800,1.152245,1.152555,1.152555,1.152055
1781765100,1.15256,1.152235,1.152585,1.152235
1781765400,1.152225,1.15223,1.15229,1.152065
1781765700,1.152225,1.15197,1.152225,1.15189
1781766000,1.15196,1.15166,1.1523,1.151555
1781766300,1.15167,1.151555,1.151745,1.151195
1781766600,1.15155,1.15126,1.15155,1.151205
1781766900,1.151255,1.151245,1.15139,1.151145
1781767200,1.15125,1.15115,1.15153,1.15113
1781767500,1.151145,1.15105,1.1512,1.150795
1781767800,1.151045,1.15083,1.151085,1.15065
1781768100,1.15084,1.150975,1.151025,1.15066
1781768400,1.150975,1.151525,1.151545,1.150975
1781768700,1.15152,1.151855,1.15203,1.15152
1781769000,1.15185,1.15147,1.15209,1.151395
1781769300,1.151465,1.151285,1.15148,1.151245
1781769600,1.151295,1.150995,1.1514,1.150915
1781769900,1.15099,1.15106,1.15116,1.15069
1781770200,1.151055,1.15053,1.15108,1.150515
1781770500,1.150535,1.15062,1.150715,1.150335
1781770800,1.150615,1.150335,1.15076,1.150305
1781771100,1.150345,1.150255,1.150535,1.150095
1781771400,1.15026,1.14963,1.15034,1.14958
1781771700,1.14964,1.14957,1.149845,1.14938
1781772000,1.149565,1.14925,1.14965,1.14923
1781772300,1.149265,1.14913,1.14929,1.148865
1781772600,1.149125,1.148715,1.14921,1.148715
1781772900,1.14871,1.14826,1.14871,1.14821
1781773200,1.148265,1.148435,1.148595,1.147945
1781773500,1.148435,1.14782,1.148495,1.147795
1781773800,1.147815,1.1476,1.1479,1.14749
1781774100,1.147605,1.148095,1.14814,1.14758
1781774400,1.148105,1.14784,1.148195,1.14782
1781774700,1.14783,1.14762,1.14794,1.14754
1781775000,1.147625,1.14777,1.147825,1.14747
1781775300,1.147765,1.148245,1.148275,1.147685
1781775600,1.148255,1.14814,1.14836,1.14807
1781775900,1.148135,1.148295,1.14834,1.14812
1781776200,1.14829,1.147915,1.148305,1.14788
1781776500,1.14791,1.147665,1.14794,1.147665
1781776800,1.14766,1.14711,1.147735,1.14708
1781777100,1.147115,1.14636,1.14713,1.14628
1781777400,1.146365,1.14706,1.14712,1.1462
1781777700,1.147065,1.147315,1.14733,1.146745
1781778000,1.14731,1.14682,1.14743,1.14675
1781778300,1.146815,1.14715,1.147155,1.146645
1781778600,1.147155,1.14671,1.147265,1.146645
1781778900,1.146715,1.146585,1.146785,1.146415
1781779200,1.14658,1.14635,1.146585,1.146275
1781779500,1.146355,1.146345,1.146575,1.146245
1781779800,1.14634,1.14631,1.146535,1.146275
1781780100,1.146305,1.14608,1.146475,1.14595
1781780400,1.146075,1.14622,1.14646,1.146015
1781780700,1.14622,1.146315,1.1467,1.14613
1781781000,1.146315,1.145985,1.14634,1.145825
1781781300,1.14599,1.14563,1.146125,1.145515
1781781600,1.145635,1.146255,1.14626,1.145425
1781781900,1.14626,1.14624,1.146525,1.14603
1781782200,1.146245,1.146485,1.14655,1.146115
1781782500,1.146485,1.14627,1.14655,1.14626
1781782800,1.146265,1.145945,1.146265,1.14581
1781783100,1.14594,1.145965,1.14611,1.14581
1781783400,1.145965,1.14572,1.145965,1.145625
1781783700,1.145725,1.145735,1.145805,1.145565
1781784000,1.14574,1.14578,1.145865,1.14533
1781784300,1.145785,1.1461,1.14617,1.145685
1781784600,1.14611,1.14692,1.14699,1.14608
1781784900,1.14691,1.146825,1.147055,1.14649
1781785200,1.14682,1.14758,1.148185,1.146785
1781785500,1.147575,1.14712,1.148025,1.14707
1781785800,1.14711,1.146995,1.147325,1.14687
1781786100,1.146985,1.14653,1.147115,1.146525
1781786400,1.146535,1.146475,1.14699,1.14638
1781786700,1.14647,1.14687,1.146885,1.146435
1781787000,1.146875,1.14691,1.147195,1.14678
1781787300,1.146915,1.14694,1.147185,1.14672
1781787600,1.146935,1.1465,1.14708,1.1465
1781787900,1.146495,1.146625,1.14678,1.146315
1781788200,1.14663,1.14705,1.14708,1.14663
1781788500,1.147045,1.14677,1.1472,1.14643
1781788800,1.146775,1.14649,1.146775,1.1463
1781789100,1.146495,1.147145,1.14715,1.146495
1781789400,1.147135,1.14777,1.147835,1.14708
1781789700,1.14776,1.14829,1.14841,1.147705
1781790000,1.148285,1.14762,1.14829,1.147545
1781790300,1.14761,1.147575,1.147735,1.14728
1781790600,1.14757,1.147185,1.147625,1.14716
1781790900,1.14719,1.14722,1.147435,1.14708
1781791200,1.14721,1.147205,1.1474,1.147005
1781791500,1.1472,1.147205,1.147425,1.14709
1781791800,1.14721,1.14721,1.14723,1.146775
1781792100,1.147215,1.14742,1.14744,1.146965
1781792400,1.147425,1.1477,1.14771,1.147285
1781792700,1.147705,1.147465,1.147755,1.14734
1781793000,1.14746,1.147475,1.147555,1.14719
1781793300,1.147465,1.147235,1.147555,1.14695
1781793600,1.14722,1.147075,1.14726,1.14699
1781793900,1.14707,1.147585,1.14767,1.147065
1781794200,1.14759,1.148135,1.14814,1.147565
1781794500,1.148125,1.14864,1.14874,1.14792
1781794800,1.148655,1.148105,1.148765,1.148055
1781795100,1.14811,1.147985,1.148225,1.147885
1781795400,1.14799,1.147835,1.14828,1.147825
1781795700,1.14784,1.14793,1.148085,1.147765
1781796000,1.14794,1.14774,1.148125,1.147715
1781796300,1.147745,1.147785,1.14784,1.147575
1781796600,1.14778,1.147645,1.147825,1.14742
1781796900,1.14765,1.147205,1.14784,1.1472
1781797200,1.1472,1.147405,1.14759,1.14712
1781797500,1.14741,1.14759,1.147645,1.147325
1781797800,1.147585,1.147145,1.1477,1.147145
1781798100,1.14715,1.14693,1.14729,1.146905
1781798400,1.146925,1.14662,1.14722,1.14657
1781798700,1.14661,1.146885,1.14691,1.14655
1781799000,1.14688,1.146705,1.14704,1.14669
1781799300,1.14671,1.14651,1.14673,1.146355
1781799600,1.146515,1.146705,1.146715,1.14633
1781799900,1.146695,1.14702,1.14712,1.146695
1781800200,1.147025,1.146765,1.147055,1.1467
1781800500,1.146765,1.146765,1.14686,1.1464
1781800800,1.14677,1.14668,1.146885,1.146585
1781801100,1.146685,1.146455,1.14676,1.14644
1781801400,1.146455,1.1463,1.146455,1.146145
1781801700,1.146305,1.14653,1.14657,1.14619
1781802000,1.146535,1.14689,1.1469,1.146325
1781802300,1.146895,1.146925,1.14698,1.146805
1781802600,1.14692,1.14714,1.14721,1.146875
1781802900,1.147135,1.14728,1.147305,1.14704
1781803200,1.147285,1.14729,1.147365,1.14722
1781803500,1.14729,1.147155,1.147325,1.147155
1781803800,1.14715,1.146845,1.14716,1.14683
1781804100,1.146845,1.14662,1.146855,1.146585
1781804400,1.146625,1.14662,1.14677,1.146515
1781804700,1.146625,1.14645,1.146625,1.14643
1781805000,1.14645,1.146425,1.146555,1.14641
1781805300,1.14643,1.146255,1.14647,1.14624
1781805600,1.14625,1.146235,1.146285,1.14604
1781805900,1.14624,1.14651,1.14652,1.14624
1781806200,1.14651,1.1464,1.14654,1.146385
1781806500,1.1464,1.146355,1.14643,1.14624
1781806800,1.146355,1.14642,1.14649,1.146305
1781807100,1.146425,1.14631,1.146575,1.14625
1781807400,1.1463,1.146385,1.14642,1.1462
1781807700,1.14639,1.14643,1.146445,1.14632
1781808000,1.14643,1.146425,1.146525,1.146395
1781808300,1.146425,1.14614,1.146465,1.145985
1781808600,1.146145,1.145995,1.14615,1.14599
1781808900,1.146,1.14596,1.14617,1.1459
1781809200,1.145965,1.145445,1.146015,1.14541
1781809500,1.14544,1.145465,1.145575,1.14539
1781809800,1.14546,1.145585,1.14562,1.1453
1781810100,1.14559,1.145605,1.145625,1.14514
1781810400,1.145605,1.1452,1.145605,1.14513
1781810700,1.145195,1.145235,1.14531,1.145175
1781811000,1.145225,1.145415,1.14558,1.145205
1781811300,1.145425,1.145545,1.145555,1.145355
1781811600,1.145545,1.145845,1.146055,1.145535
1781811900,1.145845,1.14599,1.146015,1.145795
1781812200,1.14598,1.146235,1.146295,1.145935
1781812500,1.146225,1.145765,1.14625,1.145745
1781812800,1.14577,1.14608,1.1461,1.145575
1781813100,1.14608,1.146105,1.14611,1.14598
1781813400,1.146105,1.146215,1.146275,1.14609
1781813700,1.146215,1.146305,1.146325,1.14621
1781814000,1.146305,1.1461,1.146315,1.146095
1781814300,1.146105,1.146215,1.14625,1.146035
1781814600,1.14622,1.14618,1.14626,1.14611
1781814900,1.14618,1.14606,1.14618,1.146035
1781815200,1.146055,1.14591,1.14607,1.14589
1781815500,1.14589,1.145835,1.1459,1.145745
1781815800,1.14584,1.14578,1.14587,1.14574
1781816100,1.145775,1.145785,1.14584,1.145695
1781816400,1.145785,1.14622,1.1468,1.145785
1781816700,1.14621,1.146005,1.14623,1.146
1781817000,1.145985,1.14594,1.145985,1.145855
1781817300,1.145945,1.145945,1.14605,1.145935
1781817600,1.145945,1.146015,1.146015,1.145945
1781817900,1.146015,1.146045,1.14608,1.14601
1781818200,1.146005,1.14642,1.14646,1.145985
1781818500,1.14642,1.146305,1.146455,1.146295
1781818800,1.146305,1.146295,1.146375,1.146165
1781819100,1.146305,1.146195,1.14631,1.146165
1781819400,1.146195,1.146235,1.14633,1.14615
1781819700,1.146235,1.146255,1.146385,1.146175
1781820000,1.146275,1.1461,1.146275,1.145945
1781820300,1.14609,1.14625,1.146385,1.14609
1781820600,1.14625,1.146225,1.1463,1.146205
1781820900,1.146235,1.145965,1.14624,1.14596
1781821200,1.14597,1.145945,1.146015,1.145895
1781821500,1.145945,1.146015,1.146055,1.145935
1781821800,1.146015,1.146045,1.14606,1.146
1781822100,1.146045,1.14604,1.146065,1.146015
1781822400,1.146045,1.14607,1.1461,1.146015
1781822700,1.14607,1.146165,1.14617,1.146055
1781823000,1.14616,1.14621,1.146225,1.146105
1781823300,1.14621,1.146335,1.146345,1.1462
1781823600,1.146335,1.14611,1.146335,1.146085
1781823900,1.14611,1.14613,1.14615,1.14606
1781824200,1.146135,1.146165,1.146265,1.14612
1781824500,1.146165,1.146045,1.1462,1.146015
1781824800,1.14605,1.146055,1.14607,1.14602
1781825100,1.146055,1.146065,1.146105,1.14603
1781825400,1.146065,1.14601,1.146105,1.146005
1781825700,1.14601,1.14606,1.146075,1.145965
1781826000,1.14606,1.145985,1.146125,1.14597
1781826300,1.14599,1.145975,1.146025,1.14594
1781826600,1.14598,1.14588,1.146025,1.145855
1781826900,1.14588,1.14584,1.1459,1.145715
1781827200,1.145825,1.146315,1.146365,1.145825
1781827500,1.14632,1.1463,1.146465,1.146275
1781827800,1.1463,1.146205,1.146365,1.146205
1781828100,1.146235,1.14625,1.146405,1.146235
1781828400,1.14625,1.146315,1.146315,1.146195
1781828700,1.146315,1.146075,1.146325,1.14605
1781829000,1.146085,1.14614,1.146205,1.146085
1781829300,1.146145,1.146165,1.14657,1.146105
1781829600,1.146155,1.14626,1.14627,1.146065
1781829900,1.14624,1.14629,1.146405,1.146185
1781830200,1.146285,1.14638,1.14647,1.14624
1781830500,1.14637,1.14619,1.146395,1.146185
1781830800,1.146195,1.14628,1.146345,1.146195
1781831100,1.146285,1.14608,1.146295,1.14603
1781831400,1.146075,1.14608,1.146175,1.14603
1781831700,1.146085,1.146155,1.14616,1.146035
1781832000,1.146155,1.14595,1.14618,1.14594
1781832300,1.145945,1.146125,1.146145,1.145945
1781832600,1.146125,1.14607,1.146125,1.14597
1781832900,1.146065,1.145885,1.146095,1.145835
1781833200,1.14588,1.145815,1.145925,1.145785
1781833500,1.14581,1.145715,1.145835,1.145715
1781833800,1.145715,1.145565,1.145735,1.145515
1781834100,1.145565,1.14531,1.145585,1.14526
1781834400,1.145315,1.145365,1.14543,1.14531
1781834700,1.145365,1.145305,1.145375,1.14517
1781835000,1.145305,1.14532,1.14533,1.145255
1781835300,1.14532,1.145295,1.145365,1.14524
1781835600,1.145295,1.14562,1.145645,1.145295
1781835900,1.14562,1.14571,1.14576,1.145535
1781836200,1.145715,1.145745,1.145795,1.145675
1781836500,1.145745,1.145685,1.145765,1.145615
1781836800,1.14569,1.145725,1.145745,1.14566
1781837100,1.145715,1.145595,1.145715,1.145555
1781837400,1.14559,1.145435,1.145595,1.145405
1781837700,1.145435,1.14546,1.145495,1.145435
1781838000,1.145455,1.14533,1.145475,1.14526
1781838300,1.145345,1.14531,1.145355,1.145285
1781838600,1.145315,1.14504,1.145345,1.144995
1781838900,1.14504,1.144505,1.14506,1.144355
1781839200,1.144505,1.144645,1.144765,1.144455
1781839500,1.14465,1.14438,1.144655,1.14435
1781839800,1.144385,1.144515,1.144545,1.144355
1781840100,1.14452,1.144495,1.14464,1.144445
1781840400,1.144515,1.144595,1.144655,1.144505
1781840700,1.1446,1.144485,1.14462,1.144485
1781841000,1.144485,1.14441,1.14458,1.144385
1781841300,1.144405,1.144235,1.144445,1.144185
1781841600,1.144235,1.144045,1.144295,1.144015
1781841900,1.144045,1.144035,1.144095,1.143885
1781842200,1.144035,1.144135,1.144145,1.144035
1781842500,1.144135,1.14393,1.144135,1.143905
1781842800,1.143925,1.143975,1.14405,1.1439
1781843100,1.14397,1.143955,1.144,1.143805
1781843400,1.14396,1.144005,1.14435,1.14396
1781843700,1.144,1.14359,1.144,1.14358
1781844000,1.143595,1.14356,1.14365,1.14354
1781844300,1.14356,1.14316,1.14356,1.14303
1781844600,1.143165,1.143055,1.14335,1.14304
1781844900,1.14306,1.14287,1.14318,1.14273
1781845200,1.142865,1.14274,1.142905,1.14228
1781845500,1.14273,1.1425,1.14281,1.142335
1781845800,1.142495,1.142485,1.142735,1.142355
1781846100,1.14249,1.14211,1.14251,1.141995
1781846400,1.142105,1.14226,1.14236,1.14207
1781846700,1.142265,1.142265,1.142475,1.141795
1781847000,1.14227,1.142245,1.1426,1.14214
1781847300,1.14225,1.141915,1.142595,1.141875
1781847600,1.14192,1.14232,1.14236,1.14191
1781847900,1.142325,1.14246,1.142485,1.142315
1781848200,1.142465,1.143385,1.143385,1.142455
1781848500,1.143375,1.14309,1.143375,1.14292
1781848800,1.143085,1.14338,1.14361,1.143035
1781849100,1.143385,1.143565,1.14357,1.143325
1781849400,1.14357,1.143435,1.143575,1.14317
1781849700,1.14343,1.14353,1.14355,1.14325
1781850000,1.14352,1.143765,1.14381,1.143515
1781850300,1.14376,1.14369,1.143905,1.143685
1781850600,1.143685,1.143315,1.143775,1.14291
1781850900,1.143315,1.14351,1.143615,1.143255
1781851200,1.143505,1.14336,1.143555,1.143335
1781851500,1.143355,1.143615,1.14373,1.143265
1781851800,1.14361,1.14379,1.14379,1.14347
1781852100,1.143785,1.14421,1.144245,1.1437
1781852400,1.1442,1.144925,1.144925,1.14418
1781852700,1.144915,1.144675,1.14493,1.14467
1781853000,1.144675,1.144395,1.1447,1.1443
1781853300,1.1444,1.14442,1.14459,1.144355
1781853600,1.144425,1.14447,1.14463,1.144215
1781853900,1.14447,1.14461,1.14473,1.144265
1781854200,1.14461,1.144555,1.144705,1.14445
1781854500,1.144555,1.144595,1.144675,1.14439
1781854800,1.14459,1.14466,1.144885,1.14456
1781855100,1.144665,1.14474,1.144815,1.144615
1781855400,1.144745,1.144625,1.14489,1.144615
1781855700,1.14462,1.144645,1.144785,1.14448
1781856000,1.14465,1.14538,1.145475,1.14464
1781856300,1.145375,1.145475,1.145555,1.14525
1781856600,1.14548,1.14499,1.14553,1.14499
1781856900,1.14498,1.145615,1.145685,1.14492
1781857200,1.14561,1.145945,1.14598,1.14545
1781857500,1.145945,1.1458,1.146035,1.14563
1781857800,1.145805,1.145975,1.146005,1.145725
1781858100,1.145975,1.145965,1.146145,1.14582
1781858400,1.145965,1.146415,1.146595,1.145965
1781858700,1.146425,1.146305,1.146425,1.14629
1781859000,1.14631,1.146285,1.146325,1.146135
1781859300,1.146285,1.146435,1.14645,1.146255
1781859600,1.14644,1.146115,1.14644,1.14585
1781859900,1.14611,1.14597,1.14618,1.145945
1781860200,1.145975,1.14617,1.146275,1.1459
1781860500,1.14618,1.146175,1.14635,1.146145
1781860800,1.14617,1.14606,1.14619,1.14596
1781861100,1.146065,1.146055,1.14618,1.146035
1781861400,1.146055,1.14637,1.14648,1.146055
1781861700,1.14637,1.14628,1.14638,1.14623
1781862000,1.14628,1.146315,1.14644,1.14628
1781862300,1.146315,1.14612,1.146315,1.146105
1781862600,1.146125,1.146315,1.146325,1.1461
1781862900,1.14632,1.14595,1.14632,1.14592
1781863200,1.145945,1.14606,1.146215,1.14591
1781863500,1.146075,1.145995,1.14617,1.14594
1781863800,1.145995,1.145905,1.14611,1.1459
1781864100,1.1459,1.145575,1.14597,1.145565
1781864400,1.14557,1.145595,1.1456,1.14525
1781864700,1.1456,1.14565,1.14576,1.145475
1781865000,1.14564,1.145775,1.145775,1.145545
1781865300,1.14578,1.145695,1.14587,1.14551
1781865600,1.14569,1.145915,1.145975,1.14569
1781865900,1.14592,1.146065,1.14627,1.14589
1781866200,1.14606,1.14591,1.14612,1.14584
1781866500,1.14591,1.14625,1.14635,1.14591
1781866800,1.146255,1.146415,1.146505,1.146185
1781867100,1.14642,1.146325,1.14649,1.14614
1781867400,1.14632,1.146425,1.146565,1.14631
1781867700,1.14642,1.146685,1.146695,1.14642
1781868000,1.14668,1.14667,1.146795,1.146655
1781868300,1.146665,1.14631,1.146715,1.14631
1781868600,1.14632,1.14622,1.146475,1.146215
1781868900,1.146225,1.14616,1.14641,1.14608
1781869200,1.14616,1.146465,1.14647,1.146115
1781869500,1.14647,1.14642,1.146575,1.146355
1781869800,1.14642,1.14621,1.1465,1.14616
1781870100,1.14622,1.14611,1.146235,1.145915
1781870400,1.14612,1.14646,1.14647,1.14612
1781870700,1.14646,1.14673,1.14684,1.1462
1781871000,1.146725,1.146645,1.146805,1.146605
1781871300,1.146645,1.146685,1.14673,1.146535
1781871600,1.14668,1.146505,1.14675,1.146455
1781871900,1.1465,1.14642,1.14671,1.146395
1781872200,1.14642,1.146555,1.14662,1.14639
1781872500,1.14656,1.146565,1.146625,1.146215
1781872800,1.146565,1.14646,1.14662,1.14637
1781873100,1.146465,1.146505,1.146565,1.146435
1781873400,1.14651,1.14726,1.14749,1.14649
1781873700,1.147265,1.147105,1.1473,1.14686
1781874000,1.14711,1.14665,1.147255,1.14663
1781874300,1.146655,1.1467,1.14676,1.14644
1781874600,1.146695,1.146255,1.146705,1.146255
1781874900,1.14626,1.14628,1.146475,1.14626
1781875200,1.146285,1.146085,1.14631,1.14602
1781875500,1.14608,1.146425,1.14644,1.146075
1781875800,1.14642,1.146225,1.146525,1.14617
1781876100,1.14622,1.145905,1.146255,1.145685
1781876400,1.145905,1.146165,1.14619,1.14585
1781876700,1.146155,1.14635,1.14647,1.146115
1781877000,1.14635,1.146385,1.14653,1.14634
1781877300,1.146385,1.1463,1.14662,1.14624
1781877600,1.146295,1.14644,1.14644,1.14613
1781877900,1.146445,1.14634,1.1465,1.14629
1781878200,1.146345,1.145935,1.146345,1.14591
1781878500,1.145945,1.145885,1.146035,1.145795
1781878800,1.145885,1.14598,1.14601,1.14583
1781879100,1.145985,1.146165,1.146205,1.145985
1781879400,1.14616,1.146265,1.146315,1.14616
1781879700,1.146265,1.146495,1.146525,1.14625
1781880000,1.146495,1.14653,1.146665,1.14644
1781880300,1.14653,1.146595,1.14679,1.14651
1781880600,1.14659,1.14673,1.146735,1.14623
1781880900,1.146735,1.14686,1.14702,1.146545
1781881200,1.146855,1.14697,1.14762,1.14684
1781881500,1.14697,1.147325,1.147405,1.14692
1781881800,1.14733,1.14702,1.14747,1.147005
1781882100,1.147025,1.147065,1.1471,1.146965
1781882400,1.14707,1.14697,1.14722,1.14696
1781882700,1.14697,1.14692,1.147045,1.146895
1781883000,1.146915,1.14656,1.146915,1.146555
1781883300,1.146565,1.146325,1.14657,1.146315
1781883600,1.146335,1.146405,1.146515,1.146335
1781883900,1.146415,1.14653,1.14666,1.146415
1781884200,1.146535,1.14646,1.146555,1.146365
1781884500,1.14646,1.14649,1.14649,1.14625
1781884800,1.146495,1.14659,1.14661,1.14636
1781885100,1.146595,1.1465,1.146605,1.14641
1781885400,1.1465,1.146495,1.1466,1.14641
1781885700,1.146495,1.14622,1.146495,1.14621
1781886000,1.146215,1.14675,1.14675,1.146195
1781886300,1.146745,1.14686,1.146915,1.14674
1781886600,1.146865,1.14664,1.146885,1.14663
1781886900,1.146645,1.14654,1.14666,1.146405
1781887200,1.14654,1.146535,1.146595,1.14648
1781887500,1.146545,1.146675,1.146675,1.14654
1781887800,1.146675,1.14653,1.146695,1.14651
1781888100,1.14653,1.14689,1.14694,1.14653
1781888400,1.146895,1.147145,1.1472,1.146895
1781888700,1.147145,1.14719,1.14719,1.147135
1781889000,1.14719,1.146935,1.14719,1.14679
1781889300,1.14694,1.146985,1.14702,1.146915
1781889600,1.14698,1.147005,1.147045,1.14696
1781889900,1.147005,1.14702,1.14704,1.1469
1781890200,1.147035,1.147095,1.147125,1.14694
1781890500,1.147095,1.14726,1.147275,1.14708
1781890800,1.14727,1.14755,1.147575,1.147255
1781891100,1.147555,1.147565,1.147605,1.14751
1781891400,1.147555,1.14754,1.14762,1.14752
1781891700,1.14754,1.1475,1.14768,1.14711
1781892000,1.147495,1.14752,1.14757,1.147445
1781892300,1.147515,1.147465,1.147545,1.14745
1781892600,1.147465,1.14746,1.14747,1.14739
1781892900,1.147455,1.14769,1.147695,1.14745
1781893200,1.14769,1.147725,1.14773,1.147665
1781893500,1.147725,1.147735,1.147785,1.14768
1781893800,1.14772,1.147775,1.14778,1.14768
1781894100,1.147775,1.14796,1.14799,1.14775
1781894400,1.14796,1.14806,1.14806,1.14794
1781894700,1.148055,1.148045,1.148075,1.148035
1781895000,1.14805,1.147895,1.148065,1.14788
1781895300,1.1479,1.14767,1.147905,1.147495
1781895600,1.147665,1.14782,1.147875,1.147635
1781895900,1.147815,1.14776,1.147825,1.14774
1781896200,1.14776,1.14775,1.14777,1.14772
1781896500,1.147755,1.147735,1.147775,1.1477
1781896800,1.14773,1.147765,1.14779,1.14771
1781897100,1.147765,1.14776,1.147795,1.14774
1781897400,1.14777,1.147765,1.14782,1.14776
1781897700,1.147765,1.147665,1.14777,1.147645
1781898000,1.14767,1.14755,1.14767,1.147535
1781898300,1.147555,1.147585,1.14765,1.147545
1781898600,1.147585,1.147635,1.14768,1.147575
1781898900,1.14763,1.147605,1.14777,1.147525
1781899200,1.147595,1.147595,1.147745,1.14757
1781899500,1.147605,1.14757,1.14762,1.14754
1781899800,1.14757,1.147675,1.147695,1.147515
1781900100,1.14767,1.147185,1.147675,1.14718
1781900400,1.14718,1.147275,1.14729,1.14717
1781900700,1.14727,1.147305,1.14738,1.14705
1781901000,1.147315,1.1473,1.147355,1.14727
1781901300,1.1473,1.14739,1.147575,1.14723
1781901600,1.147395,1.147395,1.147465,1.147305
1781901900,1.14739,1.147375,1.14749,1.14735
1781902200,1.147405,1.14741,1.14748,1.14736
1781902500,1.147405,1.14715,1.14746,1.146735
1782075600,1.14715,1.146585,1.14715,1.146455
1782075900,1.14658,1.145895,1.146585,1.145755
1782076200,1.145895,1.146035,1.146045,1.145895
1782076500,1.14603,1.146035,1.146065,1.14603
1782076800,1.146035,1.14603,1.14604,1.14598
1782077100,1.14603,1.1461,1.1461,1.14599
1782077400,1.1461,1.145965,1.146115,1.145965
1782077700,1.145965,1.1468,1.146825,1.14592
1782078000,1.1468,1.146635,1.147055,1.14648
1782078300,1.146635,1.146715,1.146825,1.146635
1782078600,1.146715,1.146705,1.14676,1.1467
1782078900,1.146705,1.14624,1.146745,1.14613
1782079200,1.14617,1.14647,1.14653,1.145735
1782079500,1.14646,1.14638,1.14677,1.14635
1782079800,1.146375,1.14639,1.14646,1.14631
1782080100,1.14639,1.14654,1.146555,1.14636
1782080400,1.14655,1.146595,1.14667,1.14654
1782080700,1.146585,1.1464,1.14661,1.146335
1782081000,1.1464,1.14616,1.146435,1.146155
1782081300,1.14616,1.14622,1.146275,1.14616
1782081600,1.14622,1.14622,1.146265,1.146165
1782081900,1.14622,1.146235,1.146285,1.14618
1782082200,1.146235,1.1463,1.14635,1.14621
1782082500,1.146295,1.14624,1.146315,1.146195
1782082800,1.14623,1.146435,1.14647,1.146225
1782083100,1.14643,1.146575,1.146635,1.146355
1782083400,1.146575,1.146485,1.146595,1.146365
1782083700,1.14648,1.146295,1.146485,1.14622
1782084000,1.146295,1.14636,1.14647,1.14629
1782084300,1.146365,1.146335,1.146385,1.14627
1782084600,1.146335,1.14634,1.146395,1.146205
1782084900,1.146345,1.14606,1.146345,1.146045
1782085200,1.14606,1.14592,1.146085,1.14586
1782085500,1.145915,1.145835,1.14595,1.145835
1782085800,1.145835,1.14585,1.145945,1.1458
1782086100,1.145855,1.146245,1.14625,1.14584
1782086400,1.14624,1.146335,1.14645,1.146225
1782086700,1.14633,1.14646,1.146485,1.146235
1782087000,1.146455,1.146345,1.14654,1.14624
1782087300,1.146345,1.14628,1.146455,1.14626
1782087600,1.14628,1.14628,1.14629,1.146125
1782087900,1.146275,1.146275,1.146505,1.146215
1782088200,1.146275,1.14602,1.14634,1.14598
1782088500,1.14602,1.14613,1.14614,1.14598
1782088800,1.14613,1.145925,1.146185,1.14588
1782089100,1.145925,1.14583,1.145975,1.145775
1782089400,1.145835,1.146035,1.146055,1.145775
1782089700,1.14601,1.146645,1.14667,1.14598
1782090000,1.14665,1.147245,1.14726,1.14665
1782090300,1.14725,1.147195,1.147365,1.14718
1782090600,1.14719,1.147145,1.14724,1.14704
1782090900,1.14714,1.14676,1.147195,1.146745
1782091200,1.146745,1.14677,1.14686,1.14664
1782091500,1.146775,1.14684,1.14695,1.14669
1782091800,1.146835,1.146595,1.14684,1.14644
1782092100,1.146595,1.146635,1.146775,1.14644
1782092400,1.14663,1.14677,1.14679,1.14648
1782092700,1.146775,1.1467,1.14687,1.146665
1782093000,1.146705,1.146625,1.146825,1.14658
1782093300,1.14663,1.14637,1.14671,1.146365
1782093600,1.146365,1.14638,1.14643,1.14622
1782093900,1.146375,1.146415,1.1465,1.14629
1782094200,1.14641,1.146185,1.146495,1.146175
1782094500,1.14619,1.14608,1.146205,1.146015
1782094800,1.146085,1.146235,1.14632,1.146085
1782095100,1.14623,1.1463,1.146345,1.14616
1782095400,1.146305,1.14665,1.146675,1.146305
1782095700,1.146645,1.146435,1.14665,1.146435
1782096000,1.14644,1.14654,1.146555,1.14643
1782096300,1.146535,1.1465,1.14659,1.14644
1782096600,1.1465,1.14663,1.146645,1.146495
1782096900,1.14663,1.14654,1.14678,1.14654
1782097200,1.146545,1.14654,1.146695,1.146475
1782097500,1.14654,1.146385,1.14657,1.146355
1782097800,1.14638,1.1463,1.14643,1.146275
1782098100,1.1463,1.14642,1.14644,1.14629
1782098400,1.146415,1.146515,1.14655,1.14639
1782098700,1.14651,1.146285,1.146535,1.146225
1782099000,1.14629,1.14609,1.14636,1.14607
1782099300,1.1461,1.14594,1.146115,1.145925
1782099600,1.145935,1.145875,1.145965,1.14583
1782099900,1.14588,1.146125,1.146225,1.14588
1782100200,1.146125,1.14596,1.146155,1.14596
1782100500,1.145955,1.145635,1.145955,1.145435
1782100800,1.14563,1.14549,1.14568,1.145415
1782101100,1.145495,1.145345,1.145495,1.14527
1782101400,1.14535,1.145495,1.14559,1.145345
1782101700,1.1455,1.145445,1.145515,1.14539
1782102000,1.145455,1.14554,1.145585,1.145455
1782102300,1.145535,1.145555,1.14566,1.14549
1782102600,1.14555,1.145555,1.145615,1.14552
1782102900,1.14556,1.145635,1.145665,1.145505
1782103200,1.145635,1.145555,1.145645,1.14547
1782103500,1.145555,1.14537,1.1457,1.14532
1782103800,1.14537,1.14546,1.14549,1.145335
1782104100,1.14545,1.14561,1.14561,1.14532
1782104400,1.14562,1.145635,1.145675,1.145495
1782104700,1.14563,1.145585,1.14567,1.145535
1782105000,1.14558,1.14572,1.145755,1.145565
1782105300,1.145725,1.14574,1.14575,1.14564
1782105600,1.14573,1.14579,1.145805,1.14567
1782105900,1.14579,1.145935,1.14595,1.14578
1782106200,1.14594,1.146025,1.146055,1.1459
1782106500,1.14603,1.14612,1.146295,1.146015
1782106800,1.146125,1.14609,1.14619,1.145965
1782107100,1.14609,1.14596,1.146095,1.14583
1782107400,1.14596,1.1459,1.146015,1.145805
1782107700,1.145895,1.14543,1.145895,1.145425
1782108000,1.14542,1.145465,1.145665,1.145265
1782108300,1.14548,1.1457,1.14577,1.145355
1782108600,1.1457,1.145645,1.14576,1.145375
1782108900,1.14565,1.145535,1.145795,1.145525
1782109200,1.14554,1.145615,1.14566,1.14537
1782109500,1.14562,1.14582,1.14599,1.14561
1782109800,1.145825,1.14563,1.14587,1.145405
1782110100,1.145635,1.14538,1.14578,1.145375
1782110400,1.145375,1.145405,1.145535,1.145325
1782110700,1.145405,1.1454,1.145445,1.14524
1782111000,1.145405,1.14584,1.145845,1.145395
1782111300,1.145845,1.14602,1.146345,1.14576
1782111600,1.146015,1.146025,1.146265,1.14586
1782111900,1.146025,1.14594,1.14623,1.14591
1782112200,1.145945,1.14595,1.14615,1.14583
1782112500,1.145955,1.14592,1.14612,1.145825
1782112800,1.145925,1.1454,1.14593,1.145375
1782113100,1.145395,1.145205,1.14553,1.1452
1782113400,1.1452,1.144875,1.14521,1.144805
1782113700,1.14488,1.144595,1.145,1.144475
1782114000,1.14459,1.144605,1.144695,1.14446
1782114300,1.144605,1.144555,1.144645,1.144425
1782114600,1.14456,1.14475,1.14481,1.14455
1782114900,1.144755,1.144585,1.1449,1.1445
1782115200,1.144595,1.144645,1.14471,1.14441
1782115500,1.14466,1.14435,1.144695,1.144205
1782115800,1.14435,1.14434,1.144485,1.14416
1782116100,1.144335,1.144505,1.14461,1.144185
1782116400,1.14451,1.14485,1.14533,1.144465
1782116700,1.144855,1.144805,1.145015,1.14472
1782117000,1.1448,1.14496,1.145085,1.14469
1782117300,1.14497,1.144615,1.1453,1.144535
1782117600,1.14461,1.144725,1.14481,1.14441
1782117900,1.144725,1.14501,1.145035,1.144695
1782118200,1.145005,1.144975,1.14515,1.144865
1782118500,1.14498,1.1451,1.1451,1.14474
1782118800,1.145105,1.14585,1.145905,1.145045
1782119100,1.14584,1.145825,1.14632,1.145755
1782119400,1.145825,1.14579,1.14591,1.14565
1782119700,1.145795,1.14597,1.145975,1.145685
1782120000,1.145965,1.145825,1.14602,1.1457
1782120300,1.145825,1.145765,1.145935,1.145585
1782120600,1.145775,1.145765,1.146145,1.14553
1782120900,1.14576,1.145755,1.145895,1.1456
1782121200,1.14576,1.1456,1.145815,1.14558
1782121500,1.145605,1.146065,1.146065,1.145545
1782121800,1.14607,1.14606,1.14624,1.14604
1782122100,1.146055,1.145785,1.1461,1.14576
1782122400,1.14578,1.14571,1.1459,1.14569
1782122700,1.14572,1.1461,1.146365,1.145645
1782123000,1.146095,1.14615,1.14626,1.145965
1782123300,1.14615,1.145875,1.146165,1.145835
1782123600,1.14588,1.14588,1.14591,1.14573
1782123900,1.145885,1.14602,1.14614,1.145885
1782124200,1.146025,1.14575,1.146065,1.145715
1782124500,1.145765,1.1455,1.14584,1.145455
1782124800,1.145505,1.145855,1.14597,1.14549
1782125100,1.14586,1.1458,1.145965,1.14566
1782125400,1.14581,1.145895,1.145925,1.14573
1782125700,1.1459,1.14563,1.14593,1.145545
1782126000,1.145635,1.145545,1.14569,1.14535
1782126300,1.14555,1.14552,1.14602,1.14548
1782126600,1.145525,1.145295,1.14555,1.14525
1782126900,1.145295,1.145185,1.145315,1.14511
1782127200,1.14519,1.14518,1.145355,1.14511
1782127500,1.145175,1.145215,1.14528,1.144945
1782127800,1.145215,1.145405,1.14549,1.14515
1782128100,1.145405,1.145275,1.14547,1.145235
1782128400,1.145275,1.145345,1.145365,1.1452
1782128700,1.14535,1.14541,1.14543,1.145235
1782129000,1.145415,1.145045,1.14543,1.144935
1782129300,1.14504,1.144855,1.14504,1.144745
1782129600,1.144865,1.145505,1.14557,1.144775
1782129900,1.14551,1.145635,1.14572,1.14548
1782130200,1.14564,1.145715,1.14589,1.14539
1782130500,1.14571,1.145705,1.145795,1.145485
1782130800,1.14569,1.14618,1.146185,1.14568
1782131100,1.146175,1.14598,1.146185,1.14578
1782131400,1.145975,1.14597,1.146085,1.14578
1782131700,1.14597,1.14609,1.146195,1.145965
1782132000,1.146095,1.146085,1.14617,1.145935
1782132300,1.14609,1.145915,1.146105,1.14568
1782132600,1.145905,1.145895,1.14603,1.14572
1782132900,1.1459,1.14549,1.14594,1.14549
1782133200,1.145495,1.14464,1.14551,1.14354
1782133500,1.144635,1.14411,1.1447,1.14393
1782133800,1.1441,1.144475,1.14467,1.14409
1782134100,1.14447,1.144385,1.14447,1.1441
1782134400,1.14439,1.143875,1.14439,1.14384
1782134700,1.14387,1.14362,1.14396,1.143495
1782135000,1.143625,1.14384,1.143895,1.143535
1782135300,1.143835,1.143985,1.144295,1.14382
1782135600,1.14398,1.143515,1.14401,1.143385
1782135900,1.14352,1.143505,1.143765,1.1434
1782136200,1.1435,1.1434,1.14365,1.143305
1782136500,1.143405,1.14287,1.143475,1.142845
1782136800,1.14286,1.142905,1.142985,1.142645
1782137100,1.1429,1.14342,1.143945,1.142585
1782137400,1.143425,1.143495,1.14357,1.143105
1782137700,1.1435,1.143005,1.14371,1.142975
1782138000,1.143,1.143495,1.1435,1.14294
1782138300,1.14349,1.143705,1.143885,1.143385
1782138600,1.14371,1.14319,1.14386,1.143185
1782138900,1.14319,1.14331,1.143505,1.1431
1782139200,1.143315,1.143595,1.143825,1.14325
1782139500,1.1436,1.144365,1.144475,1.1436
1782139800,1.14436,1.144745,1.145055,1.144235
1782140100,1.14474,1.144475,1.144855,1.14443
1782140400,1.14448,1.144845,1.14487,1.14442
1782140700,1.14485,1.14463,1.14504,1.14463
1782141000,1.144635,1.144665,1.144805,1.144575
1782141300,1.14467,1.14464,1.1448,1.14454
1782141600,1.144635,1.1444,1.14464,1.1443
1782141900,1.14441,1.14413,1.14451,1.14406
1782142200,1.144125,1.14393,1.144185,1.14378
1782142500,1.143935,1.14389,1.1441,1.143765
1782142800,1.143885,1.1438,1.144075,1.14378
1782143100,1.1438,1.143065,1.1438,1.14303
1782143400,1.14306,1.143235,1.1433,1.14306
1782143700,1.14323,1.143185,1.14325,1.14309
1782144000,1.14319,1.142865,1.143245,1.14284
1782144300,1.14286,1.142755,1.143005,1.142755
1782144600,1.14275,1.142805,1.142845,1.142645
1782144900,1.14281,1.14282,1.142895,1.14266
1782145200,1.142825,1.14276,1.143045,1.1427
1782145500,1.14276,1.142695,1.142835,1.142685
1782145800,1.14269,1.14281,1.14281,1.14254
1782146100,1.142805,1.142735,1.143085,1.14273
1782146400,1.14274,1.14268,1.142825,1.14257
1782146700,1.142675,1.14285,1.142855,1.14258
1782147000,1.14285,1.14301,1.143055,1.142825
1782147300,1.143005,1.1431,1.143195,1.142855
1782147600,1.143105,1.14316,1.14319,1.14297
1782147900,1.143165,1.143295,1.14336,1.14307
1782148200,1.143295,1.143035,1.143315,1.14302
1782148500,1.14303,1.143105,1.143105,1.14299
1782148800,1.1431,1.1432,1.14322,1.1431
1782149100,1.143195,1.142965,1.14328,1.142965
1782149400,1.142975,1.142805,1.143065,1.14278
1782149700,1.1428,1.14291,1.14295,1.14272
1782150000,1.14291,1.14286,1.14296,1.142845
1782150300,1.142865,1.14286,1.143,1.14286
1782150600,1.142865,1.143,1.143015,1.142845
1782150900,1.143,1.142905,1.14301,1.14286
1782151200,1.1429,1.142945,1.142975,1.142855
1782151500,1.142945,1.142985,1.14302,1.14289
1782151800,1.14299,1.143035,1.14316,1.142985
1782152100,1.14304,1.14295,1.143065,1.14289
1782152400,1.142955,1.1429,1.14302,1.14277
1782152700,1.142895,1.14276,1.142915,1.142695
1782153000,1.14275,1.142625,1.142785,1.14244
1782153300,1.142625,1.14257,1.142735,1.142545
1782153600,1.14257,1.142605,1.142605,1.142495
1782153900,1.1426,1.14259,1.142675,1.14257
1782154200,1.14259,1.142615,1.142655,1.142515
1782154500,1.142605,1.142435,1.142605,1.142235
1782154800,1.14244,1.142355,1.142545,1.142315
1782155100,1.14236,1.14237,1.14241,1.142295
1782155400,1.14237,1.14235,1.142495,1.14231
1782155700,1.14236,1.142215,1.14236,1.1422
1782156000,1.14221,1.14219,1.14228,1.14211
1782156300,1.142185,1.14211,1.14224,1.142105
1782156600,1.14211,1.141965,1.14211,1.141935
1782156900,1.14196,1.14205,1.14206,1.141905
1782157200,1.14205,1.141955,1.142155,1.14195
1782157500,1.14196,1.142055,1.14206,1.14191
1782157800,1.14205,1.142485,1.14252,1.14202
1782158100,1.14248,1.1425,1.14256,1.14232
1782158400,1.142505,1.14262,1.142695,1.14247
1782158700,1.14263,1.14276,1.142825,1.142615
1782159000,1.14276,1.142865,1.142935,1.14275
1782159300,1.14287,1.142915,1.14292,1.142815
1782159600,1.142915,1.14272,1.142915,1.14267
1782159900,1.142715,1.14275,1.14282,1.142675
1782160200,1.142755,1.14273,1.14276,1.14265
1782160500,1.14273,1.142705,1.14273,1.14266
1782160800,1.14271,1.14274,1.14277,1.142675
1782161100,1.14273,1.14268,1.14273,1.14259
1782161400,1.142685,1.14282,1.142845,1.14268
1782161700,1.142815,1.142855,1.142925,1.142785
1782162000,1.14273,1.142965,1.142965,1.14249
1782162300,1.142965,1.142875,1.14304,1.14279
1782162600,1.14279,1.14287,1.14293,1.142605
1782162900,1.14286,1.14282,1.14296,1.14282
1782163200,1.14282,1.14283,1.14308,1.142715
1782163500,1.14283,1.142835,1.14299,1.14281
1782163800,1.142835,1.142835,1.142915,1.14271
1782164100,1.14286,1.14292,1.142925,1.14283
1782164400,1.14292,1.14286,1.14304,1.1427
1782164700,1.14287,1.14289,1.142905,1.142735
1782165000,1.14289,1.14287,1.142915,1.142815
1782165300,1.14287,1.142815,1.14294,1.142815
1782165600,1.14281,1.142885,1.142895,1.1428
1782165900,1.14288,1.142805,1.14288,1.14277
1782166200,1.14282,1.142845,1.1429,1.14279
1782166500,1.142845,1.142815,1.14287,1.142805
1782166800,1.142815,1.14267,1.14282,1.142665
1782167100,1.14267,1.142675,1.1427,1.142655
1782167400,1.14268,1.142705,1.142715,1.14268
1782167700,1.142705,1.14265,1.14272,1.142615
1782168000,1.14265,1.14261,1.142655,1.142545
1782168300,1.14261,1.142695,1.14275,1.142605
1782168600,1.142695,1.142655,1.142705,1.14261
1782168900,1.142655,1.14275,1.142775,1.14265
1782169200,1.142745,1.142755,1.142935,1.142735
1782169500,1.142755,1.14275,1.14283,1.14274
1782169800,1.14275,1.14274,1.142765,1.142715
1782170100,1.14274,1.14274,1.142765,1.14274
1782170400,1.14274,1.142605,1.14275,1.1426
1782170700,1.142605,1.142655,1.14276,1.142605
1782171000,1.14266,1.142645,1.142665,1.142625
1782171300,1.142645,1.14269,1.142725,1.142645
1782171600,1.14269,1.142625,1.14272,1.14262
1782171900,1.142625,1.14266,1.14267,1.142575
1782172200,1.14266,1.142605,1.142665,1.142605
1782172500,1.1426,1.14269,1.14272,1.142565
1782172800,1.142695,1.142565,1.142695,1.14242
1782173100,1.142565,1.14241,1.142645,1.14241
1782173400,1.142405,1.14225,1.14241,1.14225
1782173700,1.142255,1.142375,1.142405,1.142255
1782174000,1.142375,1.142355,1.14249,1.14228
1782174300,1.142355,1.142535,1.142545,1.14229
1782174600,1.14254,1.1425,1.14276,1.1425
1782174900,1.142505,1.14252,1.14255,1.14248
1782175200,1.142515,1.142605,1.142645,1.142435
1782175500,1.1426,1.142615,1.142755,1.14256
1782175800,1.14261,1.142775,1.142775,1.142575
1782176100,1.14277,1.142695,1.14277,1.14262
1782176400,1.1427,1.1426,1.1428,1.14243
1782176700,1.142595,1.14251,1.14261,1.14238
1782177000,1.142505,1.142345,1.14251,1.14234
1782177300,1.14235,1.14232,1.142395,1.142265
1782177600,1.142325,1.142415,1.142515,1.142285
1782177900,1.14242,1.14238,1.14251,1.14234
1782178200,1.142385,1.142385,1.142455,1.142245
1782178500,1.14239,1.142465,1.14249,1.14236
1782178800,1.142465,1.142525,1.142555,1.142465
1782179100,1.14252,1.14244,1.14253,1.142355
1782179400,1.142435,1.14275,1.14284,1.142395
1782179700,1.142745,1.142675,1.142765,1.14264
1782180000,1.142685,1.14291,1.14297,1.14264
1782180300,1.14291,1.14289,1.14294,1.14284
1782180600,1.142885,1.143075,1.14309,1.1428
1782180900,1.14307,1.143135,1.143195,1.143065
1782181200,1.143135,1.143065,1.14318,1.14302
1782181500,1.143065,1.142995,1.1431,1.14297
1782181800,1.14299,1.14287,1.14306,1.14287
1782182100,1.14287,1.14292,1.142975,1.14287
1782182400,1.142925,1.142915,1.14302,1.142865
1782182700,1.142915,1.14282,1.142915,1.14278
1782183000,1.14282,1.14267,1.14287,1.14266
1782183300,1.142675,1.142585,1.142755,1.14256
1782183600,1.14258,1.14266,1.142715,1.142565
1782183900,1.14266,1.142305,1.14266,1.142275
1782184200,1.1423,1.142465,1.142515,1.14224
1782184500,1.142455,1.142015,1.14247,1.14187
1782184800,1.142025,1.142335,1.14237,1.141985
1782185100,1.14234,1.14255,1.142635,1.142305
1782185400,1.142555,1.14247,1.14256,1.14243
1782185700,1.142475,1.14251,1.142555,1.142395
1782186000,1.14251,1.142695,1.14272,1.142485
1782186300,1.14269,1.142695,1.14274,1.1426
1782186600,1.142695,1.142755,1.142815,1.142695
1782186900,1.14276,1.14296,1.143,1.14276
1782187200,1.142965,1.143005,1.14302,1.142875
1782187500,1.143,1.142945,1.143005,1.142895
1782187800,1.14295,1.142745,1.14296,1.142745
1782188100,1.142745,1.142705,1.14277,1.142685
1782188400,1.142705,1.1425,1.142725,1.142455
1782188700,1.142495,1.14256,1.142605,1.142495
1782189000,1.142555,1.14253,1.1426,1.14236
1782189300,1.142535,1.14245,1.142605,1.14244
1782189600,1.14245,1.142515,1.142515,1.14241
1782189900,1.142515,1.14251,1.14256,1.142445
1782190200,1.142515,1.142455,1.14256,1.142445
1782190500,1.14246,1.1421,1.14251,1.141965
1782190800,1.142095,1.14225,1.14225,1.1419
1782191100,1.142245,1.142145,1.14233,1.14212
1782191400,1.142145,1.1421,1.14226,1.14208
1782191700,1.142105,1.14246,1.142475,1.1421
1782192000,1.142455,1.14231,1.142515,1.1423
1782192300,1.14231,1.14244,1.14245,1.1423
1782192600,1.14244,1.1425,1.14251,1.142355
1782192900,1.142495,1.14239,1.14258,1.14238
1782193200,1.14239,1.142325,1.1424,1.14213
1782193500,1.14233,1.142085,1.142335,1.14193
1782193800,1.142085,1.14231,1.142315,1.141995
1782194100,1.142305,1.142305,1.142335,1.14209
1782194400,1.1423,1.142305,1.142495,1.142195
1782194700,1.1423,1.14234,1.14262,1.1423
1782195000,1.142345,1.142555,1.142595,1.14229
1782195300,1.14255,1.14276,1.142765,1.142335
1782195600,1.142755,1.143,1.143015,1.142745
1782195900,1.143005,1.142675,1.14301,1.14252
1782196200,1.14266,1.142865,1.142875,1.142445
1782196500,1.14286,1.14245,1.142875,1.14239
1782196800,1.142445,1.1422,1.142545,1.14219
1782197100,1.142195,1.142105,1.1423,1.14194
1782197400,1.142105,1.14245,1.14247,1.1421
1782197700,1.142445,1.142305,1.142465,1.14223
1782198000,1.14229,1.14312,1.143125,1.14224
1782198300,1.143115,1.14343,1.14358,1.14273
1782198600,1.143415,1.143045,1.14346,1.14303
1782198900,1.143055,1.143465,1.14347,1.143055
1782199200,1.14347,1.14361,1.14392,1.14346
1782199500,1.143605,1.143775,1.143835,1.143455
1782199800,1.14375,1.142685,1.14375,1.14242
1782200100,1.14269,1.142195,1.14275,1.142105
1782200400,1.1422,1.14159,1.14221,1.14123
1782200700,1.141595,1.141765,1.14182,1.14137
1782201000,1.14176,1.1413,1.141765,1.14098
1782201300,1.141295,1.141175,1.1413,1.14098
1782201600,1.141185,1.14137,1.141755,1.141
1782201900,1.141365,1.141405,1.14165,1.14136
1782202200,1.141405,1.141355,1.14159,1.14132
1782202500,1.14135,1.14084,1.14142,1.14073
1782202800,1.14084,1.14068,1.141005,1.14062
1782203100,1.140675,1.14077,1.140835,1.14048
1782203400,1.140755,1.14064,1.140895,1.14046
1782203700,1.14064,1.140635,1.140745,1.140465
1782204000,1.14064,1.140665,1.140875,1.14052
1782204300,1.14066,1.14077,1.140825,1.140585
1782204600,1.140765,1.140805,1.140905,1.14059
1782204900,1.1408,1.140835,1.140935,1.140745
1782205200,1.14084,1.14065,1.141005,1.1406
1782205500,1.14064,1.14073,1.140815,1.140615
1782205800,1.140725,1.140965,1.141065,1.14067
1782206100,1.14096,1.14084,1.14096,1.14077
1782206400,1.14084,1.141045,1.141125,1.14065
1782206700,1.14104,1.140955,1.14104,1.14083
1782207000,1.14095,1.14095,1.14112,1.14089
1782207300,1.140955,1.140895,1.141125,1.14087
1782207600,1.14089,1.14082,1.14094,1.14068
1782207900,1.14083,1.140915,1.140965,1.14078
1782208200,1.14091,1.14096,1.14104,1.14085
1782208500,1.140965,1.1411,1.141135,1.14093
1782208800,1.141105,1.14119,1.141275,1.141105
1782209100,1.141185,1.141075,1.141185,1.140935
1782209400,1.141075,1.140785,1.141085,1.14061
1782209700,1.14078,1.14077,1.141045,1.14075
1782210000,1.140765,1.14081,1.1409,1.14047
1782210300,1.140805,1.140505,1.140835,1.1405
1782210600,1.1405,1.140705,1.14072,1.140435
1782210900,1.1407,1.14066,1.140725,1.14056
1782211200,1.140655,1.140495,1.140695,1.140485
1782211500,1.140495,1.140095,1.14058,1.14003
1782211800,1.14009,1.139625,1.14012,1.13957
1782212100,1.13963,1.14006,1.140165,1.13962
1782212400,1.140065,1.139875,1.140235,1.139845
1782212700,1.13987,1.14001,1.14008,1.13984
1782213000,1.140005,1.140215,1.14024,1.139955
1782213300,1.14021,1.13999,1.14024,1.139955
1782213600,1.13999,1.13987,1.140285,1.13979
1782213900,1.13987,1.139545,1.13989,1.1395
1782214200,1.13954,1.139365,1.13961,1.139235
1782214500,1.139365,1.1393,1.139415,1.13911
1782214800,1.13931,1.13936,1.139425,1.139135
1782215100,1.13936,1.13932,1.139425,1.139145
1782215400,1.13932,1.13896,1.1394,1.138775
1782215700,1.138955,1.138575,1.138985,1.138425
1782216000,1.13857,1.13911,1.13917,1.138545
1782216300,1.139115,1.139195,1.13947,1.139115
1782216600,1.139195,1.138755,1.13928,1.138695
1782216900,1.13876,1.13879,1.139005,1.138655
1782217200,1.1388,1.13865,1.138865,1.138325
1782217500,1.13864,1.138415,1.138665,1.13826
1782217800,1.13842,1.13891,1.13919,1.1384
1782218100,1.138915,1.13904,1.13908,1.13887
1782218400,1.139035,1.13866,1.13909,1.138655
1782218700,1.138665,1.13895,1.139065,1.138645
1782219000,1.138955,1.138975,1.1391,1.13879
1782219300,1.13898,1.13889,1.13908,1.13864
1782219600,1.1389,1.13928,1.139335,1.138765
1782219900,1.139275,1.139215,1.139485,1.139115
1782220200,1.13922,1.138625,1.13922,1.13857
1782220500,1.13862,1.13887,1.138905,1.138505
1782220800,1.138865,1.13931,1.139385,1.138755
1782221100,1.139305,1.13911,1.139385,1.13891
1782221400,1.139115,1.139675,1.13968,1.139005
1782221700,1.13967,1.13975,1.139875,1.139465
1782222000,1.139765,1.139735,1.14002,1.13968
1782222300,1.13973,1.13974,1.13996,1.139695
1782222600,1.139745,1.13936,1.139765,1.139335
1782222900,1.13936,1.138965,1.13936,1.13888
1782223200,1.13897,1.138765,1.13912,1.13869
1782223500,1.13877,1.1387,1.13894,1.138555
1782223800,1.138695,1.13845,1.138835,1.138435
1782224100,1.138455,1.138175,1.13861,1.13802
1782224400,1.13818,1.137975,1.138335,1.137615
1782224700,1.13796,1.13797,1.13813,1.137865
1782225000,1.137975,1.137875,1.13811,1.13776
1782225300,1.13787,1.13774,1.13801,1.13761
1782225600,1.13775,1.138015,1.13802,1.13768
1782225900,1.13801,1.13831,1.13849,1.13801
1782226200,1.138315,1.13827,1.138335,1.13804
1782226500,1.138265,1.138205,1.138355,1.13786
1782226800,1.13821,1.13816,1.13831,1.138015
1782227100,1.138165,1.137635,1.13817,1.13755
1782227400,1.137645,1.138265,1.1384,1.137645
1782227700,1.13827,1.138155,1.13856,1.138125
1782228000,1.13815,1.13826,1.138325,1.138035
1782228300,1.13826,1.138095,1.138395,1.13809
1782228600,1.138085,1.13823,1.138495,1.13808
1782228900,1.138235,1.13785,1.138315,1.13784
1782229200,1.137855,1.137895,1.13793,1.13778
1782229500,1.1379,1.13782,1.137945,1.137785
1782229800,1.137815,1.1381,1.13812,1.13781
1782230100,1.138105,1.1383,1.1383,1.13797
1782230400,1.138305,1.13819,1.13835,1.138015
1782230700,1.138195,1.13804,1.138305,1.137885
1782231000,1.138045,1.138295,1.13837,1.13791
1782231300,1.1383,1.13825,1.13836,1.138105
1782231600,1.138255,1.138265,1.138375,1.13819
1782231900,1.13826,1.137995,1.138285,1.13799
1782232200,1.13799,1.13799,1.138045,1.13789
1782232500,1.137995,1.138365,1.13837,1.13798
1782232800,1.138365,1.138375,1.138395,1.138285
1782233100,1.138375,1.138255,1.138385,1.138215
1782233400,1.13826,1.138095,1.13829,1.13799
1782233700,1.13809,1.137955,1.13816,1.137855
1782234000,1.13795,1.137735,1.13797,1.13773
1782234300,1.137735,1.13792,1.13794,1.13765
1782234600,1.137915,1.137995,1.138095,1.137885
1782234900,1.138,1.13792,1.13806,1.1379
1782235200,1.137915,1.137975,1.13807,1.13789
1782235500,1.13797,1.137875,1.137985,1.137845
1782235800,1.137865,1.13803,1.138065,1.137855
1782236100,1.13803,1.137995,1.13808,1.13786
1782236400,1.13799,1.138125,1.138175,1.137975
1782236700,1.13812,1.138005,1.138125,1.137965
1782237000,1.138,1.138035,1.138065,1.137905
1782237300,1.13803,1.137955,1.13805,1.137855
1782237600,1.13797,1.137915,1.138065,1.137885
1782237900,1.13792,1.137995,1.138025,1.137865
1782238200,1.138,1.138005,1.138075,1.13795
1782238500,1.138,1.137965,1.13806,1.13796
1782238800,1.137965,1.137995,1.138065,1.1379
1782239100,1.137995,1.137895,1.13801,1.137885
1782239400,1.13789,1.13795,1.13795,1.137845
1782239700,1.13795,1.13769,1.137985,1.13768
1782240000,1.137695,1.13765,1.13772,1.13762
1782240300,1.137645,1.137655,1.1377,1.13763
1782240600,1.13765,1.13782,1.13785,1.13765
1782240900,1.137825,1.13787,1.137895,1.1377
1782241200,1.137875,1.138095,1.138195,1.137855
1782241500,1.138095,1.138215,1.13825,1.138005
1782241800,1.138215,1.13821,1.138295,1.13815
1782242100,1.13821,1.138055,1.13826,1.13802
1782242400,1.13805,1.13817,1.13817,1.13803
1782242700,1.138165,1.138145,1.1382,1.13811
1782243000,1.13814,1.138145,1.138205,1.13807
1782243300,1.13815,1.138045,1.13817,1.13801
1782243600,1.13805,1.13806,1.138115,1.13801
1782243900,1.13806,1.13806,1.138155,1.138045
1782244200,1.138065,1.13805,1.138105,1.137955
1782244500,1.138045,1.1379,1.13813,1.1379
1782244800,1.137905,1.13794,1.137955,1.1378
1782245100,1.13794,1.13796,1.138065,1.13793
1782245400,1.13796,1.137975,1.138,1.13787
1782245700,1.137975,1.13797,1.138005,1.13793
1782246000,1.137965,1.13792,1.13797,1.137845
1782246300,1.13791,1.137975,1.138015,1.1379
1782246600,1.13797,1.138045,1.138045,1.137945
1782246900,1.138045,1.1379,1.138045,1.1379
1782247200,1.13791,1.13802,1.13803,1.13791
1782247500,1.13802,1.13806,1.13807,1.138005
1782247800,1.138055,1.138115,1.138165,1.138045
1782248100,1.138115,1.13816,1.138205,1.13802
1782248400,1.138155,1.1384,1.13857,1.138155
1782248700,1.13839,1.138415,1.13842,1.13832
1782249000,1.138415,1.1384,1.138465,1.13839
1782249300,1.1384,1.1384,1.13841,1.13835
1782249600,1.1384,1.138365,1.1384,1.13835
1782249900,1.138365,1.138365,1.138375,1.138355
1782250200,1.138365,1.13839,1.138415,1.138365
1782250500,1.13839,1.13839,1.138405,1.138385
1782250800,1.138395,1.138405,1.138415,1.138385
1782251100,1.138405,1.13838,1.138435,1.138335
1782251400,1.13838,1.13837,1.138445,1.138365
1782251700,1.138375,1.138355,1.13838,1.138335
1782252000,1.138345,1.13795,1.138385,1.13786
1782252300,1.137945,1.138015,1.138055,1.137945
1782252600,1.138015,1.138045,1.13806,1.137995
1782252900,1.13805,1.13801,1.138065,1.137975
1782253200,1.13801,1.137955,1.13801,1.137945
1782253500,1.137955,1.137965,1.138035,1.13795
1782253800,1.137965,1.137975,1.138065,1.13796
1782254100,1.13798,1.138065,1.138065,1.13798
1782254400,1.138065,1.13811,1.13812,1.13806
1782254700,1.13811,1.138165,1.138185,1.13811
1782255000,1.138165,1.13819,1.138245,1.13815
1782255300,1.13819,1.138145,1.13819,1.138125
1782255600,1.13815,1.13821,1.13822,1.138095
1782255900,1.138205,1.1382,1.138265,1.138145
1782256200,1.1382,1.13817,1.1382,1.138115
1782256500,1.138175,1.138165,1.138225,1.13815
1782256800,1.13816,1.1382,1.138215,1.138155
1782257100,1.1382,1.13803,1.138205,1.13803
1782257400,1.13803,1.13795,1.138035,1.137895
1782257700,1.137955,1.137985,1.138055,1.137955
1782258000,1.137985,1.13821,1.13821,1.137965
1782258300,1.13821,1.13829,1.13832,1.13819
1782258600,1.138295,1.13814,1.138355,1.13814
1782258900,1.138145,1.137905,1.13815,1.137895
1782259200,1.13791,1.138015,1.1381,1.137755
1782259500,1.13801,1.13815,1.138225,1.138005
1782259800,1.138155,1.13783,1.13821,1.137785
1782260100,1.137835,1.137765,1.13794,1.137755
1782260400,1.13776,1.13754,1.137815,1.137515
1782260700,1.137535,1.137445,1.137585,1.13733
1782261000,1.13745,1.137625,1.137635,1.13744
1782261300,1.137635,1.1376,1.137685,1.137505
1782261600,1.137595,1.137545,1.137595,1.137335
1782261900,1.13754,1.137725,1.13781,1.13754
1782262200,1.13772,1.137645,1.137845,1.137625
1782262500,1.13764,1.137625,1.137705,1.13753
1782262800,1.137635,1.137275,1.137655,1.137125
1782263100,1.13728,1.13737,1.137535,1.13728
1782263400,1.137375,1.137475,1.137495,1.13733
1782263700,1.13748,1.137275,1.13749,1.137135
1782264000,1.13728,1.137175,1.137335,1.13712
1782264300,1.13717,1.137185,1.13724,1.1371
1782264600,1.13718,1.13736,1.137475,1.1371
1782264900,1.13736,1.137325,1.137375,1.13722
1782265200,1.137325,1.137445,1.13758,1.137325
1782265500,1.137445,1.13746,1.13747,1.137325
1782265800,1.13745,1.13759,1.13759,1.137435
1782266100,1.13759,1.137655,1.137705,1.137495
1782266400,1.13765,1.137645,1.137695,1.13754
1782266700,1.13765,1.13755,1.13766,1.137435
1782267000,1.13755,1.13759,1.13761,1.13748
1782267300,1.13759,1.137575,1.13768,1.13751
1782267600,1.137585,1.13747,1.13759,1.13746
1782267900,1.137475,1.13749,1.13759,1.137475
1782268200,1.137495,1.13759,1.13766,1.13746
1782268500,1.1376,1.13744,1.137605,1.13738
1782268800,1.137445,1.13735,1.13754,1.1373
1782269100,1.137345,1.1372,1.13735,1.137175
1782269400,1.1372,1.13714,1.13727,1.13708
1782269700,1.137135,1.136745,1.13722,1.13667
1782270000,1.13675,1.13649,1.136855,1.13649
1782270300,1.136495,1.1363,1.136555,1.136205
1782270600,1.136295,1.136335,1.13652,1.13618
1782270900,1.13634,1.136295,1.136405,1.136145
1782271200,1.1363,1.136285,1.13638,1.136215
1782271500,1.136285,1.13649,1.136495,1.136275
1782271800,1.136485,1.1365,1.136525,1.136375
1782272100,1.136495,1.13661,1.13664,1.13643
1782272400,1.136605,1.13679,1.136885,1.136555
1782272700,1.136785,1.136785,1.1368,1.1367
1782273000,1.13678,1.136745,1.136845,1.136745
1782273300,1.136745,1.13673,1.136815,1.136685
1782273600,1.136735,1.13643,1.13676,1.13638
1782273900,1.13644,1.13619,1.13644,1.136175
1782274200,1.13619,1.13629,1.1363,1.136115
1782274500,1.136295,1.13639,1.13644,1.136295
1782274800,1.13639,1.13639,1.13642,1.13633
1782275100,1.13639,1.136435,1.13671,1.13638
1782275400,1.136435,1.13643,1.136535,1.136365
1782275700,1.13643,1.136395,1.13644,1.136355
1782276000,1.13639,1.136415,1.1365,1.13639
1782276300,1.136415,1.13639,1.13649,1.13637
1782276600,1.13639,1.1362,1.1364,1.136195
1782276900,1.136205,1.136295,1.13633,1.136205
1782277200,1.1363,1.13639,1.136415,1.13628
1782277500,1.136385,1.136695,1.136705,1.13628
1782277800,1.136695,1.136655,1.13675,1.136585
1782278100,1.13666,1.136705,1.136805,1.136585
1782278400,1.136705,1.13659,1.136725,1.13653
1782278700,1.13659,1.136635,1.136715,1.136545
1782279000,1.13664,1.136685,1.136775,1.136625
1782279300,1.136695,1.136655,1.1367,1.13657
1782279600,1.13666,1.1365,1.136665,1.136495
1782279900,1.136495,1.1367,1.1368,1.136485
1782280200,1.136695,1.13675,1.136765,1.136635
1782280500,1.136745,1.136795,1.136835,1.13668
1782280800,1.1368,1.136955,1.136975,1.136705
1782281100,1.13696,1.137245,1.13725,1.136885
1782281400,1.13724,1.1374,1.137525,1.13718
1782281700,1.137395,1.13679,1.137395,1.1366
1782282000,1.136775,1.136885,1.137065,1.136695
1782282300,1.13688,1.136525,1.13688,1.13645
1782282600,1.136535,1.136615,1.136705,1.136385
1782282900,1.136605,1.136465,1.136775,1.136435
1782283200,1.13645,1.136715,1.13675,1.13644
1782283500,1.13671,1.136535,1.136815,1.13653
1782283800,1.136535,1.13635,1.13654,1.13623
1782284100,1.136355,1.135935,1.136615,1.13576
1782284400,1.13593,1.13581,1.1361,1.135505
1782284700,1.135805,1.13548,1.135895,1.135425
1782285000,1.13548,1.13537,1.13554,1.13516
1782285300,1.135365,1.13559,1.13568,1.135315
1782285600,1.135585,1.135495,1.13569,1.13541
1782285900,1.13549,1.13554,1.135725,1.13532
1782286200,1.135535,1.13551,1.13567,1.135405
1782286500,1.13552,1.135265,1.135545,1.135265
1782286800,1.13526,1.135925,1.135965,1.13521
1782287100,1.13593,1.13594,1.136095,1.13575
1782287400,1.135945,1.135795,1.135975,1.135615
1782287700,1.13579,1.13517,1.13581,1.135135
1782288000,1.135165,1.135435,1.135595,1.13512
1782288300,1.13543,1.13522,1.13544,1.135195
1782288600,1.135225,1.133975,1.135235,1.133785
1782288900,1.133975,1.13483,1.13484,1.1339
1782289200,1.13484,1.13478,1.134995,1.134555
1782289500,1.134775,1.135315,1.135345,1.1347
1782289800,1.13531,1.135335,1.13556,1.135205
1782290100,1.135325,1.134595,1.13533,1.134375
1782290400,1.134585,1.13504,1.135205,1.134565
1782290700,1.13504,1.135295,1.13536,1.134975
1782291000,1.13529,1.135455,1.13551,1.13525
1782291300,1.13545,1.135275,1.135485,1.13523
1782291600,1.135265,1.134875,1.135375,1.13486
1782291900,1.134875,1.134665,1.13499,1.134655
1782292200,1.13466,1.135145,1.13519,1.13446
1782292500,1.13514,1.13525,1.135285,1.13488
1782292800,1.135255,1.134985,1.135315,1.13497
1782293100,1.13498,1.134745,1.13498,1.134565
1782293400,1.13475,1.13464,1.13483,1.13444
1782293700,1.134635,1.13487,1.13492,1.13452
1782294000,1.13487,1.13452,1.13494,1.1345
1782294300,1.13452,1.13479,1.13485,1.13446
1782294600,1.134785,1.134865,1.135,1.13471
1782294900,1.13487,1.134595,1.134905,1.134585
1782295200,1.13458,1.134435,1.13465,1.13438
1782295500,1.134435,1.13402,1.134535,1.13402
1782295800,1.134025,1.13431,1.134335,1.13401
1782296100,1.134305,1.134175,1.13436,1.13411
1782296400,1.134175,1.13401,1.13419,1.13394
1782296700,1.134,1.13408,1.13408,1.13392
1782297000,1.134075,1.134115,1.134225,1.133965
1782297300,1.13411,1.13402,1.13413,1.13388
1782297600,1.13402,1.13423,1.13454,1.13397
1782297900,1.134235,1.134125,1.13434,1.133985
1782298200,1.13412,1.13397,1.134235,1.13389
1782298500,1.133965,1.133975,1.134145,1.133845
1782298800,1.13398,1.13378,1.13415,1.13375
1782299100,1.13378,1.134035,1.13409,1.133705
1782299400,1.13404,1.13403,1.13423,1.13398
1782299700,1.134025,1.1341,1.13412,1.133945
1782300000,1.134095,1.13425,1.13427,1.133945
1782300300,1.13425,1.13439,1.134485,1.13418
1782300600,1.134395,1.13452,1.13454,1.13424
1782300900,1.134525,1.134635,1.134885,1.13445
1782301200,1.134635,1.134435,1.134695,1.134265
1782301500,1.13444,1.13443,1.1345,1.134115
1782301800,1.134435,1.134495,1.134905,1.134405
1782302100,1.13449,1.134035,1.13449,1.133805
1782302400,1.134025,1.134345,1.13461,1.134015
1782302700,1.13434,1.13403,1.13436,1.13384
1782303000,1.134035,1.133945,1.134115,1.133805
1782303300,1.133955,1.134075,1.134155,1.133735
1782303600,1.13407,1.133845,1.13418,1.13383
1782303900,1.13385,1.13384,1.13396,1.133745
1782304200,1.133845,1.133215,1.133905,1.13303
1782304500,1.13321,1.13306,1.13344,1.133005
1782304800,1.133065,1.133025,1.13319,1.13253
1782305100,1.13303,1.132825,1.133275,1.132685
1782305400,1.132825,1.132795,1.132905,1.13263
1782305700,1.1328,1.132915,1.133025,1.13273
1782306000,1.13291,1.13285,1.13318,1.13265
1782306300,1.132845,1.13261,1.132965,1.132455
1782306600,1.132615,1.132585,1.13271,1.13249
1782306900,1.132595,1.13296,1.13301,1.132495
1782307200,1.132955,1.133215,1.133235,1.13263
1782307500,1.13322,1.133785,1.13387,1.13322
1782307800,1.13378,1.13389,1.13431,1.133705
1782308100,1.133885,1.13388,1.134235,1.13368
1782308400,1.133885,1.133995,1.134165,1.13384
1782308700,1.133995,1.133855,1.134045,1.133385
1782309000,1.13386,1.134435,1.134445,1.13384
1782309300,1.13444,1.13442,1.134805,1.13432
1782309600,1.134415,1.13498,1.134985,1.13423
1782309900,1.134985,1.13519,1.13521,1.134705
1782310200,1.135195,1.1347,1.13523,1.134425
1782310500,1.134685,1.134105,1.134815,1.134105
1782310800,1.13411,1.13427,1.134365,1.13389
1782311100,1.134265,1.134455,1.13472,1.134265
1782311400,1.134445,1.13455,1.13466,1.134145
1782311700,1.13455,1.133905,1.13456,1.13384
1782312000,1.13391,1.134215,1.134225,1.133785
1782312300,1.13421,1.13381,1.13437,1.133685
1782312600,1.133815,1.13383,1.13416,1.133745
1782312900,1.13382,1.134185,1.134185,1.13359
1782313200,1.13419,1.134615,1.134785,1.13401
1782313500,1.13462,1.134625,1.134715,1.13445
1782313800,1.13463,1.135115,1.135185,1.134545
1782314100,1.13511,1.13547,1.135485,1.13501
1782314400,1.135475,1.13582,1.136065,1.135375
1782314700,1.135825,1.135555,1.13623,1.13538
1782315000,1.135545,1.1353,1.135565,1.13524
1782315300,1.135305,1.134965,1.135345,1.134925
1782315600,1.13497,1.13525,1.13531,1.134865
1782315900,1.13525,1.13528,1.13542,1.13511
1782316200,1.135285,1.13495,1.135325,1.13466
1782316500,1.134955,1.134805,1.13509,1.1348
1782316800,1.13481,1.134995,1.135115,1.13468
1782317100,1.135,1.135325,1.13541,1.135
1782317400,1.13532,1.135195,1.13535,1.13497
1782317700,1.1352,1.135415,1.13563,1.1351
1782318000,1.13542,1.135705,1.135715,1.135415
1782318300,1.135705,1.13616,1.136175,1.135685
1782318600,1.136155,1.136265,1.13634,1.136115
1782318900,1.136265,1.13656,1.13681,1.136265
1782319200,1.136555,1.136075,1.13663,1.13591
1782319500,1.13608,1.13583,1.136115,1.135805
1782319800,1.135835,1.135855,1.13602,1.13581
1782320100,1.135865,1.13596,1.13596,1.13578
1782320400,1.135965,1.135965,1.13612,1.13585
1782320700,1.135965,1.13551,1.135975,1.13546
1782321000,1.135515,1.135485,1.135555,1.13538
1782321300,1.13549,1.135415,1.135565,1.13535
1782321600,1.13541,1.135205,1.13541,1.135135
1782321900,1.1352,1.13519,1.135215,1.13508
1782322200,1.135195,1.135685,1.135965,1.135175
1782322500,1.135685,1.135465,1.135805,1.13525
1782322800,1.13547,1.13527,1.13547,1.135155
1782323100,1.135265,1.13499,1.1353,1.13499
1782323400,1.134995,1.134995,1.13507,1.134905
1782323700,1.135,1.13496,1.13528,1.13496
1782324000,1.134955,1.135135,1.135235,1.134955
1782324300,1.13514,1.135305,1.135505,1.135135
1782324600,1.13531,1.13526,1.13545,1.13521
1782324900,1.13526,1.135445,1.135495,1.13526
1782325200,1.135445,1.135635,1.135655,1.13524
1782325500,1.13564,1.13577,1.13584,1.13564
1782325800,1.135775,1.135765,1.136095,1.13576
1782326100,1.13577,1.135675,1.13577,1.13555
1782326400,1.135685,1.135535,1.135775,1.135505
1782326700,1.13553,1.135585,1.135585,1.13545
1782327000,1.13559,1.135625,1.135725,1.13556
1782327300,1.13563,1.1355,1.135725,1.135335
1782327600,1.135495,1.13582,1.135865,1.135495
1782327900,1.135815,1.13556,1.135835,1.13551
1782328200,1.13556,1.135365,1.13557,1.13536
1782328500,1.13536,1.135215,1.135365,1.135095
1782328800,1.13521,1.135335,1.135375,1.135185
1782329100,1.135335,1.13547,1.13549,1.13531
1782329400,1.135475,1.13547,1.135635,1.13538
1782329700,1.135465,1.135545,1.13556,1.13542
1782330000,1.135545,1.13567,1.13568,1.1355
1782330300,1.135675,1.13562,1.135765,1.13561
1782330600,1.135615,1.135705,1.135745,1.135505
1782330900,1.1357,1.13534,1.135705,1.135315
1782331200,1.13534,1.135465,1.135625,1.135235
1782331500,1.13546,1.13544,1.13554,1.13541
1782331800,1.13544,1.135385,1.135515,1.135295
1782332100,1.135385,1.13545,1.135475,1.135295
1782332400,1.135445,1.135645,1.13565,1.13541
1782332700,1.13564,1.135765,1.135805,1.1356
1782333000,1.13577,1.13578,1.13596,1.13574
1782333300,1.135785,1.13585,1.13586,1.135765
1782333600,1.135845,1.13592,1.13596,1.135845
1782333900,1.135915,1.135755,1.13597,1.13573
1782334200,1.13573,1.13593,1.13605,1.135685
1782334500,1.135925,1.135865,1.136025,1.13579
1782334800,1.13597,1.136225,1.136225,1.13597
1782335100,1.136215,1.13586,1.136295,1.13576
1782335400,1.135855,1.135735,1.13592,1.135645
1782335700,1.13577,1.13576,1.135875,1.135645
1782336000,1.135765,1.13583,1.135845,1.135675
1782336300,1.13583,1.135755,1.13584,1.135755
1782336600,1.13576,1.13557,1.135835,1.135555
1782336900,1.135565,1.135675,1.13589,1.135545
1782337200,1.135675,1.135795,1.135825,1.13566
1782337500,1.135815,1.13557,1.135815,1.135475
1782337800,1.13557,1.13557,1.135655,1.135525
1782338100,1.13557,1.13593,1.136025,1.13557
1782338400,1.1359,1.135735,1.136015,1.135735
1782338700,1.135735,1.13569,1.13578,1.135675
1782339000,1.13569,1.13568,1.13575,1.13567
1782339300,1.13568,1.135595,1.135685,1.135585
1782339600,1.135595,1.135585,1.13564,1.135545
1782339900,1.135585,1.135585,1.1356,1.13554
1782340200,1.135585,1.13568,1.13568,1.135585
1782340500,1.13568,1.135685,1.135695,1.135645
1782340800,1.135685,1.13569,1.13574,1.135675
1782341100,1.13569,1.135635,1.135695,1.135635
1782341400,1.13564,1.135495,1.135645,1.13549
1782341700,1.1355,1.13551,1.135525,1.135485
1782342000,1.135515,1.135395,1.135515,1.13539
1782342300,1.135395,1.13545,1.13545,1.135375
1782342600,1.13545,1.135495,1.135515,1.13544
1782342900,1.135495,1.1356,1.13564,1.135495
1782343200,1.1356,1.135545,1.13561,1.1355
1782343500,1.13555,1.1355,1.135565,1.1355
1782343800,1.1355,1.135535,1.135545,1.135415
1782344100,1.13553,1.13561,1.13562,1.1355
1782344400,1.135605,1.13553,1.13562,1.135455
1782344700,1.135535,1.135405,1.13562,1.135375
1782345000,1.1354,1.13534,1.13541,1.135285
1782345300,1.135345,1.135395,1.135425,1.135305
1782345600,1.13539,1.13546,1.135485,1.13522
1782345900,1.135455,1.1353,1.13551,1.135285
1782346200,1.135295,1.13516,1.13534,1.13504
1782346500,1.135165,1.135095,1.135225,1.13508
1782346800,1.1351,1.13506,1.135155,1.135045
1782347100,1.13506,1.134995,1.135075,1.134905
1782347400,1.134995,1.13489,1.135005,1.13486
1782347700,1.13489,1.13484,1.13491,1.134765
1782348000,1.134835,1.13491,1.13491,1.13477
1782348300,1.134905,1.135015,1.13506,1.1349
1782348600,1.13501,1.13536,1.13542,1.13501
1782348900,1.135355,1.13534,1.13542,1.135245
1782349200,1.135345,1.135745,1.13589,1.135335
1782349500,1.13575,1.135965,1.13598,1.135595
1782349800,1.135965,1.13612,1.136145,1.135795
1782350100,1.136125,1.136675,1.136695,1.13605
1782350400,1.13667,1.136475,1.13675,1.136415
1782350700,1.13648,1.136195,1.136545,1.136135
1782351000,1.1362,1.1358,1.136425,1.135765
1782351300,1.135805,1.136095,1.136155,1.13569
1782351600,1.13609,1.136105,1.13618,1.13595
1782351900,1.13609,1.13595,1.13609,1.135865
1782352200,1.135955,1.13601,1.136105,1.13589
1782352500,1.136015,1.135805,1.136085,1.135725
1782352800,1.135815,1.135805,1.13588,1.13565
1782353100,1.135805,1.13601,1.13614,1.135785
1782353400,1.136005,1.13605,1.136065,1.13587
1782353700,1.13606,1.13629,1.1363,1.13595
1782354000,1.136285,1.13637,1.136475,1.136255
1782354300,1.136365,1.136445,1.13651,1.136365
1782354600,1.13644,1.136375,1.13646,1.13631
1782354900,1.136375,1.13653,1.136565,1.136365
1782355200,1.13653,1.136315,1.13654,1.13621
1782355500,1.13632,1.13622,1.13634,1.136165
1782355800,1.136215,1.136355,1.136365,1.136165
1782356100,1.13635,1.13635,1.13639,1.13626
1782356400,1.136355,1.136585,1.13664,1.136295
1782356700,1.13658,1.136515,1.136685,1.136495
1782357000,1.136515,1.13667,1.136685,1.136465
1782357300,1.13667,1.13673,1.13674,1.13642
1782357600,1.13673,1.13666,1.13677,1.136515
1782357900,1.136665,1.13655,1.136715,1.13653
1782358200,1.136555,1.136625,1.13664,1.136535
1782358500,1.136625,1.136675,1.13668,1.13656
1782358800,1.13668,1.13678,1.1368,1.13663
1782359100,1.136775,1.136985,1.137055,1.13672
1782359400,1.13698,1.13699,1.13712,1.136965
1782359700,1.136985,1.137005,1.137015,1.13681
1782360000,1.13701,1.13691,1.137045,1.13691
1782360300,1.13691,1.13694,1.136995,1.13681
1782360600,1.13694,1.13702,1.137075,1.13689
1782360900,1.13702,1.137025,1.13705,1.136905
1782361200,1.137025,1.136965,1.137095,1.136965
1782361500,1.13697,1.13698,1.13709,1.13697
1782361800,1.136985,1.13682,1.137035,1.136805
1782362100,1.13682,1.13677,1.136935,1.13677
1782362400,1.13677,1.13669,1.136775,1.136605
1782362700,1.13669,1.13662,1.13672,1.13662
1782363000,1.13662,1.136725,1.13673,1.13662
1782363300,1.136725,1.136715,1.136835,1.136665
1782363600,1.13671,1.136785,1.136795,1.136665
1782363900,1.136785,1.136725,1.13682,1.13661
1782364200,1.13673,1.13662,1.136795,1.13659
1782364500,1.13662,1.136575,1.136675,1.136575
1782364800,1.13658,1.13647,1.13659,1.136395
1782365100,1.136475,1.136435,1.13654,1.13636
1782365400,1.13643,1.136425,1.1365,1.13633
1782365700,1.136425,1.13642,1.13657,1.136385
1782366000,1.136425,1.136285,1.136435,1.13628
1782366300,1.13628,1.13628,1.136355,1.136145
1782366600,1.136275,1.136265,1.13643,1.136225
1782366900,1.13626,1.13612,1.13626,1.13598
1782367200,1.13611,1.13613,1.13636,1.13609
1782367500,1.13614,1.13617,1.13632,1.13591
1782367800,1.136165,1.136405,1.13642,1.136145
1782368100,1.1364,1.13633,1.13641,1.136215
1782368400,1.13633,1.13647,1.13651,1.136215
1782368700,1.136465,1.136265,1.13647,1.13623
1782369000,1.136265,1.135545,1.136265,1.135505
1782369300,1.13555,1.135735,1.135765,1.13544
1782369600,1.13572,1.13571,1.135765,1.13548
1782369900,1.135705,1.13564,1.135875,1.13546
1782370200,1.135645,1.13552,1.13579,1.135515
1782370500,1.135525,1.13528,1.13554,1.135225
1782370800,1.135285,1.135835,1.13589,1.13525
1782371100,1.135835,1.13574,1.13605,1.135675
1782371400,1.13574,1.135025,1.13581,1.135015
1782371700,1.13503,1.135145,1.13516,1.134465
1782372000,1.13514,1.135055,1.135465,1.134845
1782372300,1.13505,1.135195,1.135415,1.1349
1782372600,1.1352,1.135315,1.13559,1.1352
1782372900,1.13531,1.13545,1.13555,1.13529
1782373200,1.135455,1.135425,1.13553,1.135305
1782373500,1.135425,1.135495,1.13561,1.135315
1782373800,1.135495,1.13568,1.13585,1.135455
1782374100,1.135685,1.135935,1.13596,1.13552
1782374400,1.13594,1.136145,1.13641,1.135895
1782374700,1.13615,1.136085,1.136445,1.13593
1782375000,1.13608,1.13615,1.13629,1.13608
1782375300,1.13616,1.13615,1.13627,1.13608
1782375600,1.136155,1.13676,1.13677,1.13613
1782375900,1.13676,1.136785,1.1368,1.13662
1782376200,1.13678,1.137115,1.137265,1.13674
1782376500,1.13711,1.13716,1.13724,1.136955
1782376800,1.13715,1.13709,1.13715,1.13695
1782377100,1.137085,1.13714,1.137185,1.136845
1782377400,1.137135,1.13671,1.1372,1.136655
1782377700,1.136705,1.13676,1.13684,1.136645
1782378000,1.13677,1.13676,1.136805,1.136515
1782378300,1.136755,1.13641,1.136755,1.136325
1782378600,1.136405,1.136595,1.1366,1.13638
1782378900,1.13659,1.136525,1.136675,1.13652
1782379200,1.136525,1.13663,1.13666,1.13643
1782379500,1.136625,1.13698,1.137055,1.136445
1782379800,1.13697,1.13709,1.137405,1.13696
1782380100,1.137085,1.136855,1.13709,1.136835
1782380400,1.13685,1.13641,1.13686,1.13641
1782380700,1.13641,1.13639,1.13644,1.136225
1782381000,1.136395,1.13651,1.136605,1.136335
1782381300,1.136515,1.13617,1.136545,1.13616
1782381600,1.13616,1.135775,1.13619,1.13577
1782381900,1.13577,1.135675,1.13583,1.13564
1782382200,1.135675,1.135665,1.135695,1.13545
1782382500,1.13566,1.13542,1.13566,1.13531
1782382800,1.13542,1.135525,1.135555,1.1354
1782383100,1.135525,1.135475,1.13562,1.135365
1782383400,1.135475,1.13535,1.135545,1.13517
1782383700,1.135355,1.135055,1.135355,1.135045
1782384000,1.13506,1.134895,1.135165,1.134875
1782384300,1.134885,1.13469,1.134885,1.134565
1782384600,1.134685,1.13448,1.134815,1.13442
1782384900,1.134485,1.13458,1.134585,1.13429
1782385200,1.134585,1.134345,1.134595,1.134175
1782385500,1.13434,1.13442,1.1345,1.134275
1782385800,1.134425,1.134415,1.134485,1.134325
1782386100,1.13442,1.134055,1.13444,1.13397
1782386400,1.134055,1.13398,1.13418,1.13385
1782386700,1.133975,1.13374,1.13405,1.13372
1782387000,1.133745,1.133565,1.13385,1.13356
1782387300,1.13356,1.13353,1.13366,1.133375
1782387600,1.13354,1.133745,1.133905,1.13353
1782387900,1.13374,1.133605,1.133745,1.13354
1782388200,1.133605,1.13349,1.13387,1.133395
1782388500,1.133485,1.133765,1.133775,1.13334
1782388800,1.13377,1.133855,1.13398,1.133635
1782389100,1.133855,1.13416,1.134285,1.13379
1782389400,1.13416,1.13418,1.134185,1.133985
1782389700,1.134175,1.13418,1.13426,1.13392
1782390000,1.134175,1.134115,1.134175,1.13385
1782390300,1.13412,1.134145,1.13417,1.13395
1782390600,1.13415,1.13512,1.13574,1.13415
1782390900,1.135125,1.13558,1.135895,1.134985
1782391200,1.135585,1.13628,1.13646,1.135275
1782391500,1.136275,1.13592,1.13644,1.13581
1782391800,1.135925,1.13579,1.135995,1.135545
1782392100,1.135795,1.13536,1.13596,1.13521
1782392400,1.135355,1.13535,1.135785,1.135265
1782392700,1.135355,1.135025,1.13561,1.135015
1782393000,1.13502,1.13538,1.135445,1.13492
1782393300,1.135385,1.135595,1.135655,1.13533
1782393600,1.1356,1.136335,1.13649,1.1356
1782393900,1.13633,1.136545,1.136585,1.136235
1782394200,1.13653,1.136385,1.136685,1.13617
1782394500,1.136375,1.13698,1.136985,1.136335
1782394800,1.136975,1.136165,1.13698,1.136105
1782395100,1.13617,1.136465,1.13672,1.13603
1782395400,1.13647,1.136275,1.13687,1.136195
1782395700,1.13627,1.13636,1.13639,1.135905
1782396000,1.136365,1.13793,1.13796,1.136295
1782396300,1.137935,1.137665,1.138375,1.13738
1782396600,1.13767,1.1374,1.137815,1.137335
1782396900,1.137405,1.137085,1.137725,1.136955
1782397200,1.13709,1.13662,1.137185,1.13656
1782397500,1.136615,1.137165,1.1372,1.1366
1782397800,1.137175,1.137455,1.137455,1.137005
1782398100,1.137455,1.137685,1.13773,1.13738
1782398400,1.13768,1.13781,1.13793,1.137355
1782398700,1.137815,1.137985,1.138165,1.13771
1782399000,1.13798,1.13764,1.1381,1.13741
1782399300,1.137635,1.13749,1.13813,1.13745
1782399600,1.1375,1.13837,1.13837,1.137465
1782399900,1.138375,1.137845,1.138605,1.137835
1782400200,1.13784,1.137615,1.137915,1.13735
1782400500,1.137615,1.137975,1.13801,1.1374
1782400800,1.13797,1.13839,1.13839,1.137925
1782401100,1.13839,1.138715,1.138795,1.13836
1782401400,1.13871,1.13835,1.138805,1.138245
1782401700,1.138345,1.138295,1.13852,1.13822
1782402000,1.13828,1.138045,1.138375,1.138005
1782402300,1.13804,1.138145,1.138365,1.13796
1782402600,1.13815,1.13788,1.138175,1.13785
1782402900,1.13789,1.13843,1.1385,1.137825
1782403200,1.138435,1.13828,1.138575,1.138245
1782403500,1.138285,1.1382,1.13835,1.13797
1782403800,1.138205,1.138155,1.138305,1.13813
1782404100,1.13815,1.1385,1.13864,1.138085
1782404400,1.138505,1.13834,1.13856,1.13833
1782404700,1.138335,1.138545,1.138665,1.13833
1782405000,1.138545,1.138245,1.13856,1.138205
1782405300,1.13824,1.138185,1.13829,1.13808
1782405600,1.138185,1.13778,1.138195,1.137745
1782405900,1.137785,1.13774,1.137835,1.13753
1782406200,1.137735,1.1375,1.137735,1.1374
1782406500,1.137495,1.1374,1.137595,1.13733
1782406800,1.137405,1.13751,1.137545,1.137325
1782407100,1.13749,1.137505,1.137715,1.137425
1782407400,1.1375,1.137455,1.1376,1.137435
1782407700,1.13746,1.137365,1.137485,1.13733
1782408000,1.13737,1.13729,1.13737,1.13719
1782408300,1.137295,1.13739,1.1375,1.13722
1782408600,1.137395,1.13725,1.13749,1.13715
1782408900,1.13725,1.137285,1.1374,1.13721
1782409200,1.13729,1.137315,1.13741,1.137285
1782409500,1.13731,1.137345,1.13736,1.13723
1782409800,1.137345,1.1377,1.13772,1.137345
1782410100,1.137695,1.137425,1.13778,1.137415
1782410400,1.13743,1.137235,1.13747,1.13697
1782410700,1.13724,1.137485,1.137495,1.13713
1782411000,1.13749,1.13788,1.13792,1.13748
1782411300,1.137875,1.13791,1.13806,1.1378
1782411600,1.13791,1.137795,1.137935,1.13776
1782411900,1.137795,1.13791,1.137915,1.137685
1782412200,1.137915,1.137605,1.13792,1.13758
1782412500,1.13761,1.13765,1.13772,1.13743
1782412800,1.137645,1.137475,1.137645,1.137395
1782413100,1.13747,1.137435,1.1375,1.137355
1782413400,1.137425,1.137665,1.137765,1.13741
1782413700,1.13767,1.1373,1.137745,1.137255
1782414000,1.137305,1.13737,1.137445,1.13718
1782414300,1.137365,1.137155,1.137395,1.13713
1782414600,1.13716,1.137315,1.137315,1.137085
1782414900,1.13731,1.137395,1.137635,1.137285
1782415200,1.13739,1.137605,1.13761,1.13739
1782415500,1.13761,1.13776,1.13777,1.137545
1782415800,1.137755,1.13779,1.137855,1.13772
1782416100,1.13779,1.137795,1.137855,1.137735
1782416400,1.1378,1.13731,1.138015,1.137235
1782416700,1.137305,1.13716,1.13745,1.137155
1782417000,1.13718,1.136935,1.137265,1.13686
1782417300,1.13694,1.137265,1.137315,1.13694
1782417600,1.13726,1.137365,1.13746,1.13725
1782417900,1.13737,1.137245,1.137405,1.137225
1782418200,1.137245,1.137225,1.13729,1.13716
1782418500,1.13722,1.1372,1.13726,1.137165
1782418800,1.1372,1.13723,1.137295,1.1372
1782419100,1.137235,1.1373,1.137345,1.13723
1782419400,1.1373,1.13731,1.13733,1.137255
1782419700,1.137305,1.13716,1.13733,1.13716
1782420000,1.137165,1.137215,1.13725,1.13716
1782420300,1.13721,1.13719,1.137235,1.13715
1782420600,1.13717,1.137115,1.137215,1.137105
1782420900,1.13711,1.13698,1.13712,1.136945
1782421200,1.136975,1.13718,1.13731,1.13695
1782421500,1.13718,1.13683,1.13733,1.1368
1782421800,1.136815,1.13723,1.13724,1.136815
1782422100,1.137235,1.13732,1.137425,1.137235
1782422400,1.13732,1.137415,1.13743,1.13732
1782422700,1.137405,1.137,1.13741,1.13695
1782423000,1.136975,1.13696,1.137015,1.13693
1782423300,1.13696,1.136955,1.13701,1.1369
1782423600,1.136955,1.137205,1.13728,1.136945
1782423900,1.137215,1.137335,1.13739,1.137195
1782424200,1.137325,1.13734,1.13742,1.13732
1782424500,1.13734,1.13737,1.137435,1.137315
1782424800,1.13739,1.137175,1.137405,1.13715
1782425100,1.13718,1.137195,1.13725,1.137145
1782425400,1.137195,1.13712,1.13721,1.13711
1782425700,1.13712,1.137065,1.13714,1.13706
1782426000,1.137065,1.13718,1.137185,1.137065
1782426300,1.13718,1.136925,1.137185,1.1369
1782426600,1.136925,1.13708,1.137085,1.13692
1782426900,1.137075,1.137005,1.13708,1.13699
1782427200,1.13701,1.136885,1.13702,1.13688
1782427500,1.13689,1.13684,1.13694,1.136825
1782427800,1.13684,1.13674,1.136855,1.13674
1782428100,1.13674,1.13693,1.137,1.13673
1782428400,1.13694,1.13666,1.137055,1.136475
1782428700,1.136665,1.13666,1.136745,1.136605
1782429000,1.13666,1.13669,1.13677,1.13663
1782429300,1.13669,1.13641,1.1367,1.13636
1782429600,1.136415,1.13637,1.136475,1.13636
1782429900,1.13637,1.136475,1.136515,1.136365
1782430200,1.13647,1.13617,1.136515,1.13616
1782430500,1.136175,1.13619,1.136205,1.136115
1782430800,1.13619,1.136295,1.13633,1.13617
1782431100,1.136295,1.13628,1.136315,1.13616
1782431400,1.136275,1.13632,1.136345,1.13624
1782431700,1.13632,1.136145,1.13632,1.13603
1782432000,1.136155,1.13621,1.136385,1.1361
1782432300,1.136205,1.136335,1.13634,1.13617
1782432600,1.136335,1.13637,1.136375,1.13616
1782432900,1.13637,1.13626,1.13639,1.13622
1782433200,1.13626,1.13642,1.136475,1.13622
1782433500,1.136425,1.136485,1.136495,1.13628
1782433800,1.13648,1.13649,1.136585,1.136415
1782434100,1.136485,1.13634,1.13662,1.13633
1782434400,1.13634,1.1365,1.136545,1.13633
1782434700,1.136505,1.136575,1.13669,1.136495
1782435000,1.136575,1.13636,1.13671,1.1363
1782435300,1.13635,1.136485,1.13657,1.13635
1782435600,1.13648,1.13667,1.13672,1.13646
1782435900,1.136675,1.13674,1.13674,1.13656
1782436200,1.136735,1.136725,1.136915,1.13664
1782436500,1.13672,1.13673,1.13683,1.13656
1782436800,1.13673,1.1365,1.136765,1.13648
1782437100,1.136495,1.136565,1.13657,1.136435
1782437400,1.13657,1.13611,1.13663,1.13611
1782437700,1.13611,1.135915,1.13611,1.135775
1782438000,1.13592,1.13591,1.135965,1.13582
1782438300,1.13591,1.135815,1.13597,1.135795
1782438600,1.13581,1.13584,1.13587,1.13578
1782438900,1.13584,1.13596,1.13599,1.13564
1782439200,1.135975,1.136165,1.136225,1.13592
1782439500,1.13616,1.136185,1.136285,1.13616
1782439800,1.13618,1.135865,1.136195,1.135855
1782440100,1.13586,1.13567,1.135915,1.13565
1782440400,1.135675,1.135515,1.13575,1.13544
1782440700,1.13552,1.13555,1.13567,1.135425
1782441000,1.135555,1.13562,1.135665,1.13553
1782441300,1.135615,1.135665,1.13571,1.135515
1782441600,1.135665,1.13591,1.13603,1.1356
1782441900,1.135915,1.135875,1.13594,1.13583
1782442200,1.13588,1.13581,1.13601,1.135755
1782442500,1.135815,1.135915,1.13594,1.1357
1782442800,1.13592,1.13609,1.13612,1.135855
1782443100,1.136095,1.136135,1.13614,1.136005
1782443400,1.13614,1.136315,1.136475,1.136125
1782443700,1.136315,1.136425,1.136455,1.136245
1782444000,1.13643,1.13629,1.136435,1.13626
1782444300,1.136295,1.136405,1.136415,1.136295
1782444600,1.13641,1.136245,1.136415,1.136215
1782444900,1.13624,1.136415,1.136595,1.13624
1782445200,1.13641,1.13676,1.136765,1.13636
1782445500,1.136755,1.136615,1.13677,1.136605
1782445800,1.13662,1.13704,1.13713,1.136605
1782446100,1.137045,1.137165,1.13717,1.13697
1782446400,1.13717,1.137165,1.13731,1.13696
1782446700,1.137165,1.137015,1.13722,1.13696
1782447000,1.137015,1.13717,1.13724,1.137015
1782447300,1.13717,1.13733,1.13733,1.13715
1782447600,1.13733,1.13727,1.137375,1.137245
1782447900,1.13727,1.1374,1.137485,1.13727
1782448200,1.137395,1.13719,1.13741,1.13716
1782448500,1.13719,1.13711,1.137325,1.137105
1782448800,1.13711,1.13727,1.13731,1.136845
1782449100,1.13727,1.137385,1.13743,1.137245
1782449400,1.13739,1.13757,1.137625,1.13737
1782449700,1.137575,1.137705,1.137725,1.137565
1782450000,1.13771,1.13761,1.137785,1.137565
1782450300,1.137615,1.137695,1.13773,1.137555
1782450600,1.137695,1.13763,1.13773,1.1376
1782450900,1.137635,1.137655,1.137785,1.13752
1782451200,1.13765,1.137585,1.13769,1.137525
1782451500,1.13758,1.13777,1.137875,1.13757
1782451800,1.137775,1.137775,1.13786,1.137735
1782452100,1.13778,1.137715,1.137785,1.137675
1782452400,1.137715,1.13792,1.13799,1.13768
1782452700,1.13792,1.137925,1.137945,1.13777
1782453000,1.13792,1.13815,1.138235,1.137815
1782453300,1.138145,1.137825,1.138145,1.13782
1782453600,1.13783,1.137565,1.137985,1.13755
1782453900,1.13756,1.13743,1.13765,1.13742
1782454200,1.13742,1.1375,1.137555,1.137295
1782454500,1.1375,1.13755,1.137645,1.137405
1782454800,1.137555,1.13767,1.137765,1.13755
1782455100,1.137665,1.13788,1.13793,1.1375
1782455400,1.13789,1.13805,1.13826,1.137855
1782455700,1.138055,1.1379,1.13812,1.137855
1782456000,1.137895,1.137655,1.138095,1.137655
1782456300,1.13766,1.13722,1.1378,1.137215
1782456600,1.137225,1.137645,1.13776,1.137145
1782456900,1.13764,1.13753,1.137785,1.137455
1782457200,1.13752,1.13737,1.137765,1.13731
1782457500,1.137375,1.13773,1.137855,1.13736
1782457800,1.137725,1.13768,1.13783,1.137545
1782458100,1.137675,1.137755,1.13779,1.13758
1782458400,1.13775,1.137665,1.13775,1.137495
1782458700,1.137665,1.13752,1.137715,1.137445
1782459000,1.137515,1.13804,1.138175,1.137475
1782459300,1.138025,1.13884,1.138845,1.138015
1782459600,1.138835,1.138565,1.138885,1.13851
1782459900,1.13856,1.138615,1.138635,1.138445
1782460200,1.13862,1.138675,1.138875,1.138495
1782460500,1.138675,1.13867,1.1388,1.1385
1782460800,1.138675,1.138485,1.13883,1.138305
1782461100,1.13849,1.13964,1.139765,1.138345
1782461400,1.13964,1.13978,1.13979,1.139095
1782461700,1.139785,1.13976,1.14001,1.139505
1782462000,1.139755,1.13954,1.139765,1.13949
1782462300,1.13954,1.140225,1.14027,1.13944
1782462600,1.14023,1.139805,1.14025,1.139545
1782462900,1.13981,1.139845,1.13995,1.139665
1782463200,1.139855,1.14032,1.140345,1.139795
1782463500,1.14032,1.140245,1.14077,1.14004
1782463800,1.140245,1.14063,1.14074,1.140185
1782464100,1.140625,1.140135,1.140625,1.14005
1782464400,1.140125,1.13969,1.140135,1.139665
1782464700,1.139685,1.139915,1.14002,1.13954
1782465000,1.13992,1.13972,1.13993,1.13963
1782465300,1.139725,1.139845,1.14002,1.1396
1782465600,1.13985,1.139875,1.139995,1.13978
1782465900,1.139865,1.140335,1.14039,1.13985
1782466200,1.14033,1.140465,1.140465,1.140035
1782466500,1.14046,1.14052,1.1406,1.140385
1782466800,1.14052,1.140545,1.14074,1.140495
1782467100,1.140545,1.140955,1.141215,1.14052
1782467400,1.14096,1.14096,1.14117,1.140915
1782467700,1.140965,1.140685,1.14097,1.140635
1782468000,1.14069,1.140535,1.14083,1.140345
1782468300,1.140535,1.140605,1.14072,1.140395
1782468600,1.14061,1.140485,1.140615,1.14041
1782468900,1.14049,1.14025,1.14069,1.14024
1782469200,1.140255,1.140125,1.14031,1.140015
1782469500,1.140125,1.140335,1.14035,1.14002
1782469800,1.14033,1.140545,1.14055,1.14031
1782470100,1.140545,1.14056,1.14062,1.14039
1782470400,1.14056,1.140285,1.14068,1.14022
1782470700,1.14028,1.140345,1.14041,1.14016
1782471000,1.140345,1.140495,1.140555,1.140285
1782471300,1.14049,1.14048,1.140525,1.140285
1782471600,1.140485,1.140375,1.140585,1.14026
1782471900,1.14038,1.140395,1.1404,1.140205
1782472200,1.14039,1.1402,1.14057,1.14007
1782472500,1.14019,1.14042,1.140465,1.139995
1782472800,1.140415,1.14038,1.14064,1.140325
1782473100,1.140385,1.140585,1.1406,1.140215
1782473400,1.14059,1.140175,1.14061,1.140135
1782473700,1.14017,1.1401,1.140175,1.139895
1782474000,1.140105,1.13998,1.14018,1.139885
1782474300,1.139975,1.139775,1.140025,1.139765
1782474600,1.139775,1.13959,1.13979,1.139375
1782474900,1.139585,1.13983,1.13993,1.13958
1782475200,1.139835,1.1401,1.14015,1.13976
1782475500,1.140095,1.140125,1.14026,1.140015
1782475800,1.140125,1.140095,1.140265,1.14006
1782476100,1.1401,1.14031,1.14041,1.140095
1782476400,1.140305,1.140175,1.14031,1.13998
1782476700,1.14017,1.140445,1.140645,1.140165
1782477000,1.140435,1.14028,1.14064,1.14015
1782477300,1.140275,1.14054,1.14075,1.1402
1782477600,1.140545,1.140785,1.140965,1.14054
1782477900,1.14079,1.140915,1.141135,1.140625
1782478200,1.14091,1.141315,1.141455,1.140835
1782478500,1.14131,1.14273,1.1434,1.14131
1782478800,1.142725,1.14243,1.142985,1.142185
1782479100,1.142425,1.141855,1.142735,1.14182
1782479400,1.141855,1.141985,1.14212,1.14177
1782479700,1.141985,1.14169,1.142035,1.14117
1782480000,1.141695,1.14206,1.142335,1.141595
1782480300,1.142065,1.14217,1.14234,1.141965
1782480600,1.14217,1.142345,1.142385,1.14198
1782480900,1.14234,1.142285,1.14246,1.14216
1782481200,1.14229,1.142325,1.14248,1.142135
1782481500,1.14233,1.141825,1.14233,1.14174
1782481800,1.141835,1.141965,1.142005,1.14166
1782482100,1.141975,1.142515,1.142515,1.141785
1782482400,1.14252,1.14208,1.142845,1.14198
1782482700,1.142075,1.142135,1.142275,1.14188
1782483000,1.14214,1.14219,1.14238,1.14198
1782483300,1.142185,1.14204,1.14261,1.142
1782483600,1.142045,1.14231,1.142685,1.14204
1782483900,1.142315,1.141775,1.142445,1.141715
1782484200,1.141765,1.141535,1.14194,1.14147
1782484500,1.141535,1.141575,1.14174,1.141495
1782484800,1.14158,1.141585,1.141685,1.14114
1782485100,1.14159,1.14168,1.142045,1.14148
1782485400,1.14169,1.140435,1.14173,1.14038
1782485700,1.14044,1.139415,1.140475,1.13936
1782486000,1.13942,1.13971,1.13986,1.13922
1782486300,1.139705,1.140205,1.140205,1.139615
1782486600,1.140195,1.140295,1.140375,1.140045
1782486900,1.140295,1.14019,1.140395,1.14011
1782487200,1.140185,1.14054,1.14062,1.14018
1782487500,1.140535,1.14047,1.14057,1.140355
1782487800,1.14048,1.14025,1.14068,1.14015
1782488100,1.140255,1.14052,1.140605,1.140195
1782488400,1.14052,1.14052,1.14059,1.1403
1782488700,1.140525,1.140635,1.1408,1.140495
1782489000,1.14064,1.139785,1.14067,1.1395
1782489300,1.13979,1.14029,1.14031,1.139785
1782489600,1.140295,1.140175,1.14034,1.139975
1782489900,1.140175,1.13995,1.14034,1.13991
1782490200,1.13995,1.13993,1.14004,1.139765
1782490500,1.13993,1.1399,1.14001,1.139825
1782490800,1.139905,1.13912,1.139905,1.13912
1782491100,1.139125,1.139125,1.13928,1.13902
1782491400,1.13912,1.13887,1.13946,1.13887
1782491700,1.13887,1.13864,1.13895,1.138295
1782492000,1.13864,1.138915,1.139045,1.138625
1782492300,1.13891,1.138915,1.139045,1.13888
1782492600,1.13891,1.13898,1.13907,1.13886
1782492900,1.13898,1.13899,1.139145,1.138915
1782493200,1.138995,1.139105,1.139185,1.138885
1782493500,1.13911,1.139205,1.139285,1.13909
1782493800,1.139205,1.139155,1.139325,1.139115
1782494100,1.13915,1.139045,1.13923,1.13904
1782494400,1.139045,1.139035,1.13912,1.13896
1782494700,1.13904,1.13888,1.13907,1.13886
1782495000,1.138885,1.13858,1.13899,1.13853
1782495300,1.138585,1.13857,1.138695,1.13847
1782495600,1.13857,1.13889,1.13895,1.13847
1782495900,1.13889,1.138795,1.13894,1.138735
1782496200,1.1388,1.138855,1.13898,1.138795
1782496500,1.13886,1.13864,1.138875,1.13855
1782496800,1.138655,1.13907,1.13908,1.138535
1782497100,1.139065,1.13895,1.13912,1.13892
1782497400,1.13895,1.13899,1.13906,1.13889
1782497700,1.138985,1.13888,1.139045,1.1388
1782498000,1.138885,1.13881,1.138945,1.138785
1782498300,1.138805,1.138945,1.138975,1.13879
1782498600,1.13895,1.139085,1.13911,1.13895
1782498900,1.139085,1.139025,1.13913,1.13897
1782499200,1.139025,1.13898,1.139035,1.13888
1782499500,1.138975,1.138845,1.13898,1.13866
1782499800,1.13885,1.13888,1.13899,1.13883
1782500100,1.13889,1.138595,1.13904,1.138565
1782500400,1.13859,1.138595,1.1387,1.138485
1782500700,1.138595,1.138705,1.138725,1.13855
1782501000,1.1387,1.13863,1.13871,1.1386
1782501300,1.138625,1.138385,1.138625,1.13838
1782501600,1.13839,1.13812,1.138405,1.138105
1782501900,1.138125,1.138185,1.13823,1.138125
1782502200,1.138195,1.1384,1.1384,1.138095
1782502500,1.138395,1.138275,1.13841,1.13825
1782502800,1.13828,1.13824,1.138305,1.138165
1782503100,1.138235,1.138515,1.13853,1.138165
1782503400,1.13852,1.138845,1.13892,1.1385
1782503700,1.13884,1.13871,1.13893,1.138685
1782504000,1.138705,1.138745,1.13888,1.1387
1782504300,1.13875,1.1388,1.13883,1.138525
1782504600,1.138795,1.138845,1.138885,1.138785
1782504900,1.138855,1.13902,1.139055,1.13884
1782505200,1.139015,1.13915,1.139155,1.139005
1782505500,1.13915,1.13899,1.139165,1.13896
1782505800,1.138985,1.13887,1.139205,1.138795
1782506100,1.138875,1.13855,1.138895,1.138385
1782506400,1.138545,1.13867,1.13871,1.138325
1782506700,1.13866,1.13869,1.138735,1.13845
1782507000,1.138695,1.138195,1.1387,1.138195
1782507300,1.13819,1.138105,1.138645,1.138105
1782680400,1.138105,1.13905,1.13905,1.138105
1782680700,1.13905,1.13861,1.139095,1.13861
1782681000,1.13861,1.1384,1.13861,1.1383
1782681300,1.13839,1.13857,1.13857,1.13839
1782681600,1.13857,1.13856,1.13857,1.13855
1782681900,1.13856,1.138605,1.138615,1.13856
1782682200,1.1386,1.138835,1.13921,1.1386
1782682500,1.138835,1.138565,1.138895,1.138565
1782682800,1.138565,1.13831,1.138575,1.13826
1782683100,1.13831,1.13824,1.13839,1.13824
1782683400,1.13824,1.138365,1.13845,1.138205
1782683700,1.138365,1.13836,1.13845,1.13831
1782684000,1.138335,1.138545,1.1387,1.13816
1782684300,1.13855,1.13851,1.138605,1.13845
1782684600,1.138505,1.13836,1.13851,1.13828
1782684900,1.13836,1.13824,1.138395,1.13824
1782685200,1.13824,1.13827,1.138315,1.13823
1782685500,1.13827,1.13834,1.138425,1.13824
1782685800,1.138335,1.13843,1.13845,1.138335
1782686100,1.13843,1.138445,1.138455,1.13839
1782686400,1.13844,1.138555,1.138585,1.13844
1782686700,1.138555,1.138615,1.138615,1.138535
1782687000,1.138615,1.13857,1.13862,1.138505
1782687300,1.13857,1.138545,1.138625,1.13853
1782687600,1.138545,1.138655,1.13871,1.13854
1782687900,1.138655,1.138695,1.1387,1.138585
1782688200,1.13869,1.13858,1.138695,1.13857
1782688500,1.138575,1.13853,1.13859,1.13853
1782688800,1.138535,1.138535,1.138535,1.138485
1782689100,1.138535,1.13852,1.138585,1.13851
1782689400,1.13852,1.138285,1.13852,1.138225
1782689700,1.138285,1.13835,1.138365,1.138265
1782690000,1.13835,1.13842,1.13842,1.138315
1782690300,1.13842,1.138425,1.13849,1.138405
1782690600,1.13842,1.138485,1.13856,1.13839
1782690900,1.13848,1.138535,1.13865,1.13847
1782691200,1.13853,1.138805,1.138845,1.138335
1782691500,1.138805,1.138715,1.138815,1.13863
1782691800,1.13872,1.138615,1.13885,1.138615
1782692100,1.138615,1.13851,1.13871,1.13843
1782692400,1.13851,1.138605,1.138665,1.13848
1782692700,1.1386,1.138485,1.13864,1.13848
1782693000,1.13849,1.13859,1.138645,1.13839
1782693300,1.138595,1.13874,1.13883,1.13855
1782693600,1.13874,1.13878,1.138805,1.138725
1782693900,1.138775,1.138525,1.138775,1.138505
1782694200,1.138515,1.13877,1.13877,1.138515
1782694500,1.13878,1.13876,1.13893,1.138735
1782694800,1.138765,1.138575,1.138965,1.138475
1782695100,1.138585,1.138665,1.138775,1.138565
1782695400,1.138675,1.138675,1.13875,1.138625
1782695700,1.13868,1.138715,1.138785,1.138575
1782696000,1.13871,1.138905,1.13899,1.138665
1782696300,1.138925,1.13887,1.13898,1.138845
1782696600,1.138875,1.138905,1.138985,1.13877
1782696900,1.13891,1.13896,1.13907,1.1389
1782697200,1.138955,1.13896,1.1391,1.138915
1782697500,1.138965,1.13878,1.138985,1.138765
1782697800,1.138785,1.138655,1.13882,1.138615
1782698100,1.138655,1.138525,1.138685,1.138465
1782698400,1.13853,1.13861,1.138625,1.13847
1782698700,1.13862,1.1386,1.13864,1.138585
1782699000,1.13861,1.13865,1.138755,1.13861
1782699300,1.13866,1.138975,1.13899,1.13865
1782699600,1.13898,1.13909,1.139195,1.13891
1782699900,1.139095,1.139305,1.13935,1.13907
1782700200,1.1393,1.13906,1.139305,1.139
1782700500,1.139045,1.138965,1.139085,1.138935
1782700800,1.138955,1.13896,1.138975,1.138875
1782701100,1.13896,1.138935,1.138965,1.138865
1782701400,1.138935,1.138835,1.138935,1.138825
1782701700,1.13884,1.13878,1.13889,1.138755
1782702000,1.138775,1.138865,1.13889,1.138775
1782702300,1.138865,1.138895,1.13892,1.138815
1782702600,1.138895,1.13891,1.13902,1.13884
1782702900,1.13891,1.13882,1.13892,1.138815
1782703200,1.13882,1.13865,1.138835,1.13863
1782703500,1.13865,1.138825,1.13883,1.13865
1782703800,1.138825,1.13892,1.13893,1.138825
1782704100,1.13892,1.13893,1.13899,1.13891
1782704400,1.138925,1.13865,1.139015,1.13862
1782704700,1.13865,1.138595,1.13867,1.138585
1782705000,1.138595,1.13864,1.13865,1.13852
1782705300,1.13863,1.13843,1.13863,1.138335
1782705600,1.13843,1.138345,1.13852,1.138335
1782705900,1.138345,1.138395,1.13849,1.13828
1782706200,1.138385,1.138275,1.138385,1.138235
1782706500,1.138275,1.138235,1.138285,1.13823
1782706800,1.138235,1.138225,1.138235,1.138115
1782707100,1.13821,1.138365,1.13839,1.138185
1782707400,1.13837,1.13851,1.13854,1.138365
1782707700,1.13851,1.13851,1.13854,1.138385
1782708000,1.13851,1.138395,1.13851,1.138325
1782708300,1.1384,1.13849,1.1385,1.13833
1782708600,1.13848,1.138255,1.13848,1.138255
1782708900,1.138235,1.138265,1.13829,1.13809
1782709200,1.13827,1.13852,1.13854,1.13825
1782709500,1.13852,1.13859,1.1386,1.13851
1782709800,1.138595,1.13865,1.13866,1.138565
1782710100,1.13865,1.138575,1.13866,1.13854
1782710400,1.138565,1.13861,1.13862,1.13853
1782710700,1.13861,1.13865,1.13865,1.138605
1782711000,1.13864,1.13898,1.13898,1.13864
1782711300,1.13898,1.139005,1.13904,1.13892
1782711600,1.139005,1.1391,1.13924,1.138965
1782711900,1.13909,1.139245,1.13935,1.139085
1782712200,1.139235,1.139375,1.139535,1.13923
1782712500,1.13938,1.139455,1.139485,1.13933
1782712800,1.139445,1.139325,1.13954,1.139285
1782713100,1.139325,1.139445,1.139485,1.13928
1782713400,1.13944,1.13954,1.139585,1.13932
1782713700,1.13953,1.139685,1.139685,1.139395
1782714000,1.13969,1.139635,1.139695,1.139555
1782714300,1.139635,1.13976,1.139805,1.139585
1782714600,1.139765,1.13995,1.139965,1.139675
1782714900,1.139955,1.14024,1.14026,1.13994
1782715200,1.140235,1.14009,1.14025,1.14002
1782715500,1.140095,1.14039,1.14044,1.140015
1782715800,1.14039,1.140785,1.14097,1.140375
1782716100,1.140785,1.141235,1.141495,1.14074
1782716400,1.141225,1.140805,1.141325,1.14065
1782716700,1.140805,1.140625,1.140835,1.140545
1782717000,1.14063,1.140645,1.140675,1.140495
1782717300,1.140645,1.140735,1.140895,1.14055
1782717600,1.140725,1.140835,1.141,1.1407
1782717900,1.140835,1.14082,1.140835,1.140615
1782718200,1.140815,1.14078,1.140915,1.140735
1782718500,1.140785,1.1411,1.141105,1.140685
1782718800,1.1411,1.14065,1.1411,1.14063
1782719100,1.140655,1.14067,1.140785,1.14057
1782719400,1.140675,1.14007,1.14077,1.140065
1782719700,1.14009,1.14025,1.140395,1.140015
1782720000,1.14026,1.140505,1.140725,1.14026
1782720300,1.1405,1.140415,1.140745,1.14033
1782720600,1.140425,1.1402,1.140515,1.14018
1782720900,1.1402,1.14,1.140295,1.139995
1782721200,1.139995,1.139925,1.1402,1.13976
1782721500,1.139935,1.140175,1.140205,1.139915
1782721800,1.14017,1.14028,1.14054,1.14017
1782722100,1.140275,1.13988,1.14029,1.13985
1782722400,1.13987,1.139885,1.140055,1.139805
1782722700,1.13988,1.139625,1.139895,1.13961
1782723000,1.13963,1.13946,1.13971,1.139435
1782723300,1.139455,1.139595,1.139655,1.13926
1782723600,1.1396,1.139675,1.13987,1.139445
1782723900,1.13967,1.13974,1.139875,1.139595
1782724200,1.13974,1.139835,1.139995,1.139725
1782724500,1.139825,1.139855,1.14001,1.139815
1782724800,1.13986,1.1399,1.139985,1.13985
1782725100,1.139905,1.14001,1.14025,1.139765
1782725400,1.140015,1.140105,1.140265,1.13998
1782725700,1.14011,1.139915,1.140225,1.139845
1782726000,1.139915,1.139875,1.13996,1.1397
1782726300,1.13987,1.139975,1.140005,1.13978
1782726600,1.13997,1.140095,1.140115,1.13969
1782726900,1.1401,1.140335,1.140405,1.140065
1782727200,1.140345,1.140385,1.140385,1.140195
1782727500,1.140385,1.14036,1.140465,1.14026
1782727800,1.140365,1.140205,1.140535,1.140195
1782728100,1.1402,1.140205,1.140255,1.140065
1782728400,1.140205,1.140055,1.14022,1.14001
1782728700,1.14006,1.14017,1.140175,1.139965
1782729000,1.140165,1.140075,1.140255,1.14004
1782729300,1.140075,1.14007,1.140135,1.139975
1782729600,1.140065,1.140115,1.140325,1.140065
1782729900,1.14011,1.140255,1.140255,1.13996
1782730200,1.14024,1.14046,1.140565,1.14019
1782730500,1.140455,1.140465,1.140565,1.140435
1782730800,1.14046,1.140765,1.14079,1.14041
1782731100,1.14076,1.14061,1.14078,1.14053
1782731400,1.140615,1.140585,1.140665,1.140405
1782731700,1.14058,1.140445,1.14065,1.140435
1782732000,1.140445,1.140345,1.140495,1.140335
1782732300,1.140345,1.140305,1.14038,1.14021
1782732600,1.1403,1.140485,1.140635,1.14009
1782732900,1.14049,1.14016,1.140565,1.14015
1782733200,1.14016,1.139985,1.140205,1.1399
1782733500,1.13998,1.140095,1.14026,1.139895
1782733800,1.14009,1.14047,1.140505,1.14009
1782734100,1.140465,1.140885,1.141175,1.140445
1782734400,1.14089,1.140605,1.1409,1.140585
1782734700,1.14061,1.14063,1.14071,1.140535
1782735000,1.14064,1.14066,1.140745,1.140495
1782735300,1.14066,1.14032,1.140745,1.140295
1782735600,1.14031,1.14038,1.14059,1.140275
1782735900,1.140385,1.140335,1.140405,1.140065
1782736200,1.14034,1.140445,1.140555,1.140265
1782736500,1.140445,1.14026,1.140675,1.140255
1782736800,1.140255,1.140395,1.140435,1.14008
1782737100,1.1404,1.140125,1.140435,1.14011
1782737400,1.14013,1.14021,1.14041,1.14013
1782737700,1.140215,1.140265,1.140305,1.14006
1782738000,1.14027,1.140435,1.14052,1.14023
1782738300,1.140435,1.14034,1.14055,1.140325
1782738600,1.140335,1.140375,1.140455,1.1403
1782738900,1.14038,1.14025,1.14038,1.14009
1782739200,1.140245,1.14037,1.140395,1.14006
1782739500,1.140375,1.140495,1.14053,1.14032
1782739800,1.14049,1.14065,1.14075,1.140455
1782740100,1.140645,1.140305,1.140705,1.14023
1782740400,1.1403,1.14045,1.14053,1.14014
1782740700,1.140445,1.140755,1.14077,1.140305
1782741000,1.14076,1.14075,1.14082,1.14063
1782741300,1.140745,1.14101,1.14123,1.140655
1782741600,1.141015,1.14087,1.14133,1.1407
1782741900,1.14087,1.141155,1.141225,1.14084
1782742200,1.141165,1.140995,1.14147,1.140915
1782742500,1.14099,1.141625,1.141635,1.140465
1782742800,1.14162,1.141925,1.142025,1.141365
1782743100,1.14193,1.141525,1.14205,1.14145
1782743400,1.141515,1.141815,1.14196,1.1415
1782743700,1.141815,1.14191,1.142095,1.1418
1782744000,1.141915,1.14142,1.14224,1.141295
1782744300,1.141415,1.141265,1.14152,1.14116
1782744600,1.141265,1.14218,1.14219,1.14117
1782744900,1.142175,1.142195,1.142335,1.142025
1782745200,1.1422,1.14187,1.14224,1.141845
1782745500,1.14186,1.141805,1.141965,1.14172
1782745800,1.141815,1.14191,1.14206,1.14166
1782746100,1.141905,1.142,1.14218,1.1419
1782746400,1.142005,1.14201,1.14213,1.141915
1782746700,1.14201,1.142255,1.1424,1.14198
1782747000,1.14226,1.14231,1.14244,1.14219
1782747300,1.142315,1.142055,1.142325,1.14189
1782747600,1.14205,1.142115,1.14214,1.141935
1782747900,1.14211,1.14241,1.142515,1.142075
1782748200,1.142415,1.142305,1.142455,1.1422
1782748500,1.14231,1.14237,1.14243,1.14208
1782748800,1.142375,1.14261,1.142725,1.14236
1782749100,1.142605,1.142765,1.142785,1.14254
1782749400,1.14276,1.142405,1.142775,1.142395
1782749700,1.14241,1.14258,1.14265,1.14241
1782750000,1.142585,1.142455,1.142605,1.142345
1782750300,1.142455,1.14235,1.142465,1.14233
1782750600,1.14235,1.14239,1.142535,1.14235
1782750900,1.14239,1.142485,1.142555,1.14238
1782751200,1.14247,1.142645,1.14267,1.142465
1782751500,1.142645,1.142885,1.14292,1.142565
1782751800,1.14289,1.14302,1.143075,1.14284
1782752100,1.143015,1.14259,1.143015,1.14254
1782752400,1.142595,1.14264,1.14269,1.14255
1782752700,1.142645,1.14259,1.142715,1.142585
1782753000,1.142595,1.1427,1.142735,1.14245
1782753300,1.1427,1.14235,1.142715,1.14234
1782753600,1.142355,1.142165,1.14237,1.142135
1782753900,1.142165,1.142255,1.142325,1.14215
1782754200,1.14225,1.14234,1.14235,1.14216
1782754500,1.14234,1.14251,1.14262,1.14234
1782754800,1.142505,1.142425,1.142535,1.1424
1782755100,1.142425,1.14246,1.14248,1.142245
1782755400,1.142455,1.14281,1.142815,1.14245
1782755700,1.142815,1.14268,1.142815,1.142595
1782756000,1.142685,1.142755,1.142815,1.142635
1782756300,1.14276,1.142675,1.14276,1.142565
1782756600,1.142675,1.14291,1.14292,1.14266
1782756900,1.142905,1.142825,1.14291,1.142755
1782757200,1.14282,1.14286,1.14287,1.14272
1782757500,1.14285,1.142765,1.14285,1.14271
1782757800,1.14277,1.142735,1.14281,1.14271
1782758100,1.142735,1.142745,1.142835,1.14272
1782758400,1.14274,1.142825,1.142865,1.14267
1782758700,1.14282,1.14283,1.14284,1.142715
1782759000,1.142835,1.14276,1.142865,1.142735
1782759300,1.142755,1.142565,1.142755,1.1425
1782759600,1.14256,1.14257,1.14269,1.142525
1782759900,1.14257,1.142535,1.142585,1.1425
1782760200,1.142535,1.1423,1.142535,1.142215
1782760500,1.1423,1.14237,1.142465,1.142295
1782760800,1.142375,1.14242,1.142485,1.14237
1782761100,1.142415,1.14255,1.14261,1.14241
1782761400,1.14255,1.142465,1.14262,1.142455
1782761700,1.14246,1.142535,1.142565,1.14243
1782762000,1.14254,1.142575,1.1426,1.142495
1782762300,1.142575,1.14266,1.14266,1.142525
1782762600,1.14267,1.14258,1.142695,1.14257
1782762900,1.14257,1.14258,1.14267,1.14247
1782763200,1.142575,1.14256,1.142585,1.14247
1782763500,1.142555,1.14265,1.142655,1.14255
1782763800,1.142665,1.1426,1.14274,1.14259
1782764100,1.1426,1.1426,1.14266,1.14258
1782764400,1.1426,1.14264,1.14265,1.142575
1782764700,1.14264,1.14264,1.142675,1.14264
1782765000,1.142635,1.14247,1.142635,1.14247
1782765300,1.14247,1.142305,1.14247,1.142195
1782765600,1.142305,1.14235,1.14236,1.14225
1782765900,1.142355,1.14233,1.142405,1.14231
1782766200,1.142325,1.14237,1.14239,1.1423
1782766500,1.142365,1.14225,1.14244,1.14225
1782766800,1.14225,1.142345,1.14252,1.142185
1782767100,1.142325,1.14245,1.14245,1.142225
1782767400,1.14244,1.14251,1.142555,1.142435
1782767700,1.14251,1.142485,1.142515,1.142485
1782768000,1.142485,1.142645,1.142645,1.14245
1782768300,1.142645,1.142645,1.14267,1.142555
1782768600,1.14261,1.142615,1.14265,1.142515
1782768900,1.142615,1.142625,1.142645,1.14254
1782769200,1.142625,1.142635,1.14267,1.14258
1782769500,1.142615,1.142625,1.14267,1.14258
1782769800,1.142635,1.14253,1.14267,1.142525
1782770100,1.14253,1.142525,1.1426,1.142455
1782770400,1.14255,1.142495,1.142575,1.14242
1782770700,1.1425,1.142415,1.142515,1.142385
1782771000,1.14242,1.142485,1.14258,1.14241
1782771300,1.142485,1.14254,1.142545,1.142475
1782771600,1.142545,1.142455,1.142545,1.142435
1782771900,1.142455,1.142425,1.142475,1.142385
1782772200,1.142425,1.142395,1.142445,1.14239
1782772500,1.1424,1.14228,1.1424,1.142275
1782772800,1.142275,1.1423,1.142325,1.14225
1782773100,1.1423,1.142355,1.142365,1.142295
1782773400,1.142355,1.142415,1.142425,1.142345
1782773700,1.142415,1.14251,1.142545,1.14241
1782774000,1.142505,1.14246,1.14254,1.14246
1782774300,1.14246,1.14247,1.142485,1.142425
1782774600,1.14247,1.14243,1.14247,1.14241
1782774900,1.14243,1.14242,1.142435,1.14238
1782775200,1.14242,1.142425,1.1425,1.14241
1782775500,1.142425,1.14232,1.142435,1.142315
1782775800,1.14232,1.142315,1.14239,1.142315
1782776100,1.142315,1.142165,1.142315,1.14216
1782776400,1.142165,1.142185,1.142205,1.142155
1782776700,1.142185,1.142175,1.142185,1.14201
1782777000,1.142175,1.142145,1.142225,1.142145
1782777300,1.142145,1.141915,1.142145,1.141905
1782777600,1.14191,1.141975,1.142055,1.141745
1782777900,1.14198,1.141695,1.14198,1.141695
1782778200,1.141695,1.141675,1.141885,1.141675
1782778500,1.141675,1.14163,1.14171,1.141575
1782778800,1.141625,1.141535,1.14166,1.141515
1782779100,1.141535,1.141465,1.14158,1.141365
1782779400,1.141465,1.14154,1.141605,1.141455
1782779700,1.14154,1.141525,1.14167,1.141475
1782780000,1.14153,1.141375,1.14155,1.141355
1782780300,1.141375,1.141515,1.14154,1.141375
1782780600,1.14152,1.14132,1.14162,1.141255
1782780900,1.14135,1.141635,1.141695,1.141255
1782781200,1.14164,1.141465,1.14173,1.141455
1782781500,1.141465,1.141135,1.14148,1.141075
1782781800,1.14113,1.140655,1.14115,1.140615
1782782100,1.140655,1.14102,1.141125,1.140635
1782782400,1.141025,1.14135,1.14136,1.141025
1782782700,1.14135,1.14149,1.141555,1.1412
1782783000,1.141485,1.141565,1.141615,1.14138
1782783300,1.141565,1.141175,1.141615,1.141155
1782783600,1.141195,1.140645,1.141215,1.14062
1782783900,1.140645,1.140615,1.140725,1.140515
1782784200,1.140625,1.140455,1.140825,1.140435
1782784500,1.140465,1.140415,1.14059,1.14021
1782784800,1.140425,1.140595,1.14061,1.140345
1782785100,1.140595,1.1404,1.140595,1.140345
1782785400,1.140395,1.140365,1.140465,1.140345
1782785700,1.140365,1.14029,1.140365,1.140245
1782786000,1.140285,1.140455,1.140575,1.14028
1782786300,1.140455,1.140355,1.140515,1.140355
1782786600,1.140345,1.140515,1.140535,1.14033
1782786900,1.140525,1.140635,1.140645,1.140515
1782787200,1.140635,1.140475,1.14065,1.140375
1782787500,1.140475,1.140385,1.140565,1.14036
1782787800,1.140385,1.14022,1.140445,1.140175
1782788100,1.140225,1.140365,1.140375,1.140225
1782788400,1.14036,1.140495,1.140525,1.14036
1782788700,1.140495,1.140245,1.140515,1.14022
1782789000,1.14024,1.140185,1.140305,1.140175
1782789300,1.140185,1.140055,1.14031,1.139985
1782789600,1.140055,1.13998,1.14009,1.13993
1782789900,1.13998,1.139925,1.140115,1.139865
1782790200,1.13992,1.139875,1.14001,1.13985
1782790500,1.139875,1.13977,1.13994,1.139745
1782790800,1.139765,1.139735,1.13983,1.139705
1782791100,1.139735,1.139775,1.139785,1.139735
1782791400,1.13978,1.139865,1.139965,1.13978
1782791700,1.13986,1.139855,1.139895,1.139785
1782792000,1.13985,1.13985,1.139885,1.13975
1782792300,1.139845,1.13981,1.13991,1.1398
1782792600,1.13981,1.1398,1.139815,1.13971
1782792900,1.139795,1.139795,1.139835,1.139745
1782793200,1.13979,1.139615,1.139805,1.13957
1782793500,1.139615,1.13965,1.139655,1.139535
1782793800,1.139645,1.139785,1.139785,1.13961
1782794100,1.139785,1.139845,1.139885,1.13975
1782794400,1.139845,1.13984,1.139925,1.13978
1782794700,1.139835,1.13964,1.13984,1.139635
1782795000,1.13964,1.13971,1.139785,1.13954
1782795300,1.139705,1.138915,1.139725,1.1389
1782795600,1.138925,1.138845,1.139115,1.13864
1782795900,1.13886,1.13899,1.139145,1.138775
1782796200,1.13899,1.139015,1.139075,1.13883
1782796500,1.139015,1.1391,1.139205,1.138995
1782796800,1.1391,1.13925,1.13927,1.13904
1782797100,1.139245,1.139105,1.13926,1.139045
1782797400,1.1391,1.13917,1.139235,1.13909
1782797700,1.13917,1.13919,1.139205,1.139095
1782798000,1.139195,1.13917,1.139265,1.139135
1782798300,1.13917,1.13911,1.139175,1.139005
1782798600,1.139105,1.13906,1.139285,1.13904
1782798900,1.139055,1.13848,1.139055,1.13826
1782799200,1.138475,1.138685,1.138715,1.13836
1782799500,1.138685,1.138805,1.138835,1.138515
1782799800,1.1388,1.13887,1.138965,1.13864
1782800100,1.138865,1.139025,1.139035,1.138825
1782800400,1.13902,1.139475,1.139555,1.13898
1782800700,1.139475,1.139735,1.139845,1.13945
1782801000,1.13973,1.139925,1.13996,1.139655
1782801300,1.13993,1.139785,1.139955,1.139715
1782801600,1.139775,1.13989,1.140035,1.139775
1782801900,1.139885,1.139865,1.140075,1.139525
1782802200,1.139865,1.140115,1.140125,1.139675
1782802500,1.14014,1.140315,1.140375,1.140095
1782802800,1.140305,1.140495,1.14052,1.140125
1782803100,1.140495,1.140445,1.140665,1.140365
1782803400,1.140445,1.140485,1.14063,1.140395
1782803700,1.140485,1.14047,1.14056,1.140365
1782804000,1.140465,1.14065,1.140675,1.1404
1782804300,1.14065,1.140645,1.140955,1.14063
1782804600,1.14065,1.140725,1.140755,1.140505
1782804900,1.140725,1.140575,1.14073,1.140485
1782805200,1.140565,1.140575,1.140685,1.140365
1782805500,1.140585,1.14023,1.14064,1.140195
1782805800,1.140225,1.139945,1.140225,1.139835
1782806100,1.13995,1.13988,1.139955,1.139715
1782806400,1.13987,1.139475,1.139945,1.139115
1782806700,1.13947,1.139035,1.139895,1.13881
1782807000,1.139035,1.138995,1.13943,1.138965
1782807300,1.13899,1.139115,1.139225,1.13882
1782807600,1.13912,1.13916,1.139265,1.13902
1782807900,1.139165,1.139265,1.139355,1.139085
1782808200,1.13927,1.139045,1.13932,1.138945
1782808500,1.139045,1.138615,1.1391,1.13841
1782808800,1.13862,1.138715,1.138805,1.138565
1782809100,1.138715,1.138725,1.138735,1.13836
1782809400,1.13873,1.139035,1.13904,1.138565
1782809700,1.13904,1.139355,1.13938,1.139
1782810000,1.13936,1.139365,1.13942,1.139005
1782810300,1.13935,1.139475,1.139685,1.139165
1782810600,1.139465,1.13936,1.13953,1.13936
1782810900,1.13935,1.13921,1.13935,1.13917
1782811200,1.139215,1.1392,1.139485,1.13918
1782811500,1.1392,1.139235,1.139485,1.13919
1782811800,1.139245,1.138945,1.139275,1.13893
1782812100,1.138945,1.139225,1.13932,1.138915
1782812400,1.139225,1.13943,1.139475,1.139145
1782812700,1.13943,1.13941,1.139485,1.139345
1782813000,1.13942,1.139675,1.139735,1.13934
1782813300,1.139675,1.13972,1.13986,1.13954
1782813600,1.139725,1.139675,1.13982,1.139595
1782813900,1.139675,1.139595,1.13969,1.139455
1782814200,1.139585,1.139485,1.139585,1.13931
1782814500,1.139485,1.139365,1.13964,1.139365
1782814800,1.139365,1.13936,1.139565,1.139275
1782815100,1.139355,1.13953,1.139675,1.139355
1782815400,1.139525,1.139515,1.139585,1.13926
1782815700,1.139515,1.13991,1.14005,1.139485
1782816000,1.13991,1.13995,1.140095,1.139715
1782816300,1.13995,1.139875,1.13995,1.13976
1782816600,1.139875,1.13997,1.14001,1.139785
1782816900,1.139975,1.1402,1.14024,1.139815
1782817200,1.140205,1.140185,1.140295,1.140075
1782817500,1.140175,1.13989,1.140195,1.139865
1782817800,1.13989,1.139915,1.140075,1.139805
1782818100,1.13992,1.139855,1.13996,1.139595
1782818400,1.139855,1.139775,1.140135,1.1395
1782818700,1.13976,1.13967,1.13984,1.139625
1782819000,1.139675,1.139265,1.139695,1.139125
1782819300,1.139265,1.138755,1.139345,1.13866
1782819600,1.13876,1.139705,1.13986,1.138635
1782819900,1.139705,1.139645,1.13971,1.139425
1782820200,1.139645,1.139515,1.139655,1.13947
1782820500,1.139505,1.139315,1.139565,1.13925
1782820800,1.13931,1.13933,1.139405,1.13894
1782821100,1.139325,1.13936,1.139595,1.139265
1782821400,1.139365,1.139595,1.139655,1.139215
1782821700,1.139595,1.139515,1.13964,1.13937
1782822000,1.139515,1.138965,1.139515,1.138945
1782822300,1.138955,1.13912,1.13922,1.138865
1782822600,1.139115,1.13946,1.139635,1.138935
1782822900,1.13947,1.13943,1.139655,1.139385
1782823200,1.13943,1.139825,1.13989,1.139375
1782823500,1.139825,1.139555,1.139825,1.13933
1782823800,1.139555,1.140225,1.140295,1.13953
1782824100,1.14023,1.139605,1.14023,1.139595
1782824400,1.139615,1.13953,1.139715,1.139465
1782824700,1.13953,1.140125,1.140125,1.139435
1782825000,1.14013,1.139975,1.14026,1.139915
1782825300,1.13999,1.140515,1.140565,1.139975
1782825600,1.140515,1.140165,1.1407,1.140105
1782825900,1.140175,1.140185,1.14034,1.140015
1782826200,1.1402,1.139895,1.140365,1.13978
1782826500,1.139895,1.13982,1.1401,1.1397
1782826800,1.13983,1.1401,1.140125,1.13978
1782827100,1.140095,1.13995,1.140145,1.139725
1782827400,1.139945,1.139885,1.140155,1.13979
1782827700,1.139875,1.139685,1.13989,1.1396
1782828000,1.13968,1.139785,1.13979,1.139115
1782828300,1.13978,1.140175,1.14019,1.139705
1782828600,1.14017,1.14068,1.14068,1.14014
1782828900,1.140675,1.14098,1.14133,1.14063
1782829200,1.14098,1.141465,1.14159,1.140975
1782829500,1.141475,1.14131,1.14152,1.141225
1782829800,1.14132,1.14122,1.141645,1.14104
1782830100,1.141215,1.14111,1.141325,1.140875
1782830400,1.141115,1.14191,1.141975,1.141105
1782830700,1.141915,1.141755,1.142085,1.141605
1782831000,1.14176,1.142865,1.143015,1.141755
1782831300,1.142865,1.1433,1.143485,1.142525
1782831600,1.14329,1.142815,1.143665,1.14265
1782831900,1.14281,1.142835,1.14314,1.14268
1782832200,1.142835,1.14261,1.14288,1.14255
1782832500,1.142605,1.142455,1.1427,1.142335
1782832800,1.14245,1.142415,1.142495,1.142245
1782833100,1.14242,1.14217,1.14255,1.142165
1782833400,1.142165,1.142305,1.142615,1.14216
1782833700,1.142315,1.14196,1.14234,1.141875
1782834000,1.141965,1.141805,1.142065,1.141805
1782834300,1.141815,1.14191,1.14207,1.14171
1782834600,1.14191,1.14178,1.141915,1.141715
1782834900,1.141795,1.1417,1.141955,1.14151
1782835200,1.141715,1.141305,1.141795,1.141295
1782835500,1.141305,1.141565,1.14157,1.14122
1782835800,1.14156,1.14151,1.141605,1.141395
1782836100,1.14151,1.14136,1.141515,1.141235
1782836400,1.14135,1.14149,1.14163,1.14135
1782836700,1.141485,1.141495,1.141505,1.141285
1782837000,1.141495,1.14136,1.141545,1.14133
1782837300,1.141355,1.141595,1.141605,1.14132
1782837600,1.141595,1.14165,1.141745,1.141555
1782837900,1.14164,1.141715,1.141795,1.141615
1782838200,1.141715,1.141295,1.14182,1.141275
1782838500,1.141305,1.141415,1.14149,1.141255
1782838800,1.14141,1.141785,1.14193,1.14141
1782839100,1.141785,1.141555,1.141795,1.141505
1782839400,1.14153,1.14145,1.14163,1.141445
1782839700,1.14145,1.141755,1.14177,1.14145
1782840000,1.141755,1.14172,1.14176,1.141555
1782840300,1.14172,1.14187,1.141905,1.141675
1782840600,1.141875,1.141845,1.14195,1.14178
1782840900,1.141855,1.141715,1.14186,1.14169
1782841200,1.141715,1.141895,1.141895,1.141695
1782841500,1.14189,1.1422,1.142215,1.14186
1782841800,1.142205,1.142105,1.142235,1.142075
1782842100,1.142105,1.142165,1.142165,1.142035
1782842400,1.142155,1.142445,1.142445,1.142145
1782842700,1.14245,1.142645,1.142695,1.142425
1782843000,1.142645,1.142645,1.1427,1.14254
1782843300,1.142645,1.14255,1.142655,1.14239
1782843600,1.142555,1.142555,1.142705,1.142495
1782843900,1.142555,1.142605,1.142665,1.142515
1782844200,1.142605,1.142515,1.142685,1.142465
1782844500,1.142505,1.142345,1.14257,1.1423
1782844800,1.142345,1.14209,1.142345,1.14204
1782845100,1.14209,1.14247,1.1425,1.142085
1782845400,1.142465,1.142435,1.142645,1.14242
1782845700,1.142425,1.142055,1.142425,1.14191
1782846000,1.14205,1.14216,1.142245,1.141965
1782846300,1.142165,1.142035,1.142205,1.14196
1782846600,1.142035,1.142095,1.142215,1.142035
1782846900,1.14208,1.14201,1.14222,1.141995
1782847200,1.14201,1.141705,1.14204,1.141665
1782847500,1.141705,1.14161,1.14177,1.141585
1782847800,1.141615,1.141885,1.141895,1.141545
1782848100,1.141885,1.141875,1.141915,1.14183
1782848400,1.14187,1.14182,1.141925,1.14166
1782848700,1.141815,1.14186,1.14188,1.141805
1782849000,1.141855,1.14184,1.14186,1.141715
1782849300,1.141845,1.14265,1.142665,1.141845
1782849600,1.142665,1.142715,1.142735,1.14255
1782849900,1.142715,1.14252,1.14272,1.1425
1782850200,1.14252,1.14255,1.14256,1.142505
1782850500,1.142555,1.14262,1.14262,1.142395
1782850800,1.14261,1.142545,1.14262,1.14254
1782851100,1.14254,1.14246,1.142565,1.14242
1782851400,1.142465,1.14242,1.142495,1.142355
1782851700,1.142415,1.142285,1.14242,1.142255
1782852000,1.142285,1.14235,1.142355,1.14227
1782852300,1.142345,1.142265,1.14235,1.14219
1782852600,1.14227,1.142205,1.14235,1.142205
1782852900,1.1422,1.14219,1.142225,1.142065
1782853200,1.14219,1.14225,1.142275,1.142155
1782853500,1.142345,1.142235,1.142415,1.142235
1782853800,1.14223,1.14226,1.14229,1.142185
1782854100,1.14226,1.14223,1.14233,1.142175
1782854400,1.14223,1.141865,1.14223,1.141765
1782854700,1.141865,1.142105,1.142105,1.141855
1782855000,1.142105,1.142105,1.142155,1.14205
1782855300,1.142105,1.14219,1.142245,1.1421
1782855600,1.14219,1.142165,1.14221,1.142155
1782855900,1.142185,1.142265,1.14229,1.142155
1782856200,1.142265,1.142275,1.142295,1.14222
1782856500,1.142275,1.142205,1.1423,1.1422
1782856800,1.1422,1.14218,1.142285,1.142085
1782857100,1.142185,1.14231,1.14231,1.142185
1782857400,1.14231,1.142155,1.14231,1.142145
1782857700,1.142155,1.142205,1.142225,1.142155
1782858000,1.142205,1.142125,1.142225,1.142095
1782858300,1.142125,1.14212,1.142165,1.142115
1782858600,1.14212,1.14213,1.14214,1.142075
1782858900,1.14213,1.14214,1.14214,1.14213
1782859200,1.14214,1.142125,1.14216,1.142095
1782859500,1.142125,1.141905,1.142125,1.141895
1782859800,1.14191,1.141905,1.14192,1.141865
1782860100,1.141905,1.142,1.142,1.141905
1782860400,1.142005,1.141935,1.14203,1.14189
1782860700,1.141935,1.14196,1.141995,1.14193
1782861000,1.14196,1.14191,1.14196,1.14187
1782861300,1.14191,1.141895,1.14191,1.141895
1782861600,1.14189,1.1419,1.14194,1.141885
1782861900,1.1419,1.141695,1.1419,1.14166
1782862200,1.14169,1.14181,1.141835,1.141685
1782862500,1.14181,1.14166,1.14181,1.141645
1782862800,1.14166,1.141495,1.14166,1.14149
1782863100,1.141495,1.141405,1.14151,1.141405
1782863400,1.141405,1.14131,1.14146,1.14131
1782863700,1.14131,1.141305,1.141365,1.141255
1782864000,1.14131,1.14136,1.141415,1.14119
1782864300,1.14136,1.14132,1.1414,1.141255
1782864600,1.141325,1.141305,1.141375,1.14126
1782864900,1.1413,1.14104,1.14131,1.14103
1782865200,1.141035,1.14126,1.14126,1.141
1782865500,1.14127,1.14128,1.14137,1.141265
1782865800,1.14128,1.14124,1.1413,1.1412
1782866100,1.141235,1.14126,1.14132,1.14107
1782866400,1.14126,1.14096,1.141265,1.140955
1782866700,1.140955,1.140915,1.14105,1.14089
1782867000,1.140905,1.140915,1.14108,1.14086
1782867300,1.1409,1.14096,1.141075,1.140875
1782867600,1.14095,1.14079,1.14096,1.140735
1782867900,1.140785,1.14052,1.14079,1.14052
1782868200,1.14052,1.140525,1.140625,1.140455
1782868500,1.140525,1.1408,1.140825,1.14051
1782868800,1.140805,1.140645,1.140835,1.140645
1782869100,1.140645,1.14066,1.14074,1.14057
1782869400,1.140675,1.140545,1.14069,1.14051
1782869700,1.140545,1.140585,1.14062,1.14047
1782870000,1.14058,1.140615,1.14062,1.140505
1782870300,1.14062,1.14046,1.14074,1.140385
1782870600,1.14046,1.140315,1.14049,1.1403
1782870900,1.140315,1.140445,1.140485,1.140265
1782871200,1.140445,1.140435,1.140585,1.140425
1782871500,1.14044,1.14044,1.140525,1.140375
1782871800,1.140435,1.140675,1.140685,1.140365
1782872100,1.140675,1.14072,1.140775,1.140665
1782872400,1.140715,1.14073,1.140815,1.140685
1782872700,1.14073,1.140425,1.14073,1.140385
1782873000,1.14042,1.140305,1.140525,1.140265
1782873300,1.140305,1.14049,1.14052,1.140305
1782873600,1.140485,1.140545,1.140635,1.14042
1782873900,1.14056,1.14057,1.14072,1.14056
1782874200,1.140575,1.140665,1.1407,1.14054
1782874500,1.14066,1.14056,1.14069,1.14048
1782874800,1.140565,1.14067,1.140695,1.140535
1782875100,1.14067,1.140765,1.140815,1.14067
1782875400,1.140765,1.14071,1.140825,1.14071
1782875700,1.14071,1.140615,1.140755,1.14061
1782876000,1.140615,1.140515,1.140625,1.140505
1782876300,1.140515,1.140525,1.14056,1.14045
1782876600,1.140525,1.140225,1.140585,1.140195
1782876900,1.140225,1.14045,1.140465,1.14022
1782877200,1.14045,1.140215,1.14053,1.14017
1782877500,1.14021,1.140265,1.14034,1.140205
1782877800,1.140265,1.140245,1.14033,1.140235
1782878100,1.140245,1.140415,1.14044,1.140195
1782878400,1.14042,1.14037,1.140455,1.140315
1782878700,1.140375,1.140285,1.140375,1.140265
1782879000,1.140285,1.14048,1.14049,1.140255
1782879300,1.140485,1.140385,1.140485,1.14038
1782879600,1.140385,1.14039,1.140465,1.140325
1782879900,1.14039,1.140475,1.14049,1.140305
1782880200,1.140475,1.140745,1.14087,1.14046
1782880500,1.140745,1.140815,1.140885,1.14073
1782880800,1.140815,1.140815,1.14088,1.140765
1782881100,1.14081,1.140935,1.141085,1.140805
1782881400,1.140935,1.140975,1.14104,1.14093
1782881700,1.14096,1.140865,1.14099,1.140865
1782882000,1.140865,1.14086,1.14098,1.14074
1782882300,1.14086,1.14093,1.140985,1.14085
1782882600,1.140935,1.140915,1.14094,1.140855
1782882900,1.140915,1.14095,1.14097,1.140805
1782883200,1.14094,1.140955,1.141015,1.14093
1782883500,1.140945,1.140985,1.14104,1.140915
1782883800,1.140985,1.14093,1.141055,1.140905
1782884100,1.140925,1.140835,1.140925,1.140765
1782884400,1.140835,1.14102,1.141045,1.14078
1782884700,1.141015,1.140815,1.141025,1.140785
1782885000,1.140815,1.140515,1.14091,1.140515
1782885300,1.14049,1.14058,1.140605,1.140305
1782885600,1.140575,1.14079,1.140955,1.14057
1782885900,1.140785,1.14048,1.14082,1.140435
1782886200,1.14047,1.14025,1.14047,1.140175
1782886500,1.14024,1.140405,1.140485,1.1402
1782886800,1.1404,1.14041,1.140435,1.14019
1782887100,1.140415,1.14024,1.14044,1.140225
1782887400,1.140245,1.1404,1.140475,1.140245
1782887700,1.14039,1.140325,1.140495,1.140285
1782888000,1.14032,1.14018,1.14037,1.140035
1782888300,1.140175,1.140245,1.140415,1.140155
1782888600,1.14025,1.140385,1.140385,1.140205
1782888900,1.140385,1.140305,1.14039,1.14024
1782889200,1.1403,1.140245,1.14043,1.139815
1782889500,1.140255,1.13984,1.140275,1.139835
1782889800,1.139845,1.139675,1.139845,1.139615
1782890100,1.139675,1.139495,1.13974,1.13946
1782890400,1.139495,1.139495,1.139605,1.13942
1782890700,1.13949,1.139335,1.139575,1.13932
1782891000,1.139335,1.139685,1.139785,1.13932
1782891300,1.13969,1.13983,1.139875,1.139665
1782891600,1.13983,1.13984,1.139975,1.139755
1782891900,1.139835,1.139785,1.139985,1.13972
1782892200,1.13978,1.13993,1.139975,1.13978
1782892500,1.139925,1.140215,1.14038,1.139925
1782892800,1.140205,1.139985,1.140225,1.139985
1782893100,1.139985,1.140145,1.140225,1.139945
1782893400,1.140145,1.140025,1.14019,1.139975
1782893700,1.140015,1.140215,1.140385,1.140015
1782894000,1.14022,1.139875,1.14023,1.13979
1782894300,1.139895,1.13963,1.140015,1.139555
1782894600,1.139625,1.139695,1.1397,1.139415
1782894900,1.139695,1.139745,1.139845,1.139515
1782895200,1.13975,1.139955,1.140045,1.139745
1782895500,1.139965,1.13982,1.139985,1.139705
1782895800,1.13983,1.140025,1.140055,1.139755
1782896100,1.14003,1.13966,1.140195,1.13949
1782896400,1.139655,1.139915,1.13997,1.139425
1782896700,1.13992,1.139455,1.13993,1.1394
1782897000,1.13947,1.139775,1.139875,1.13947
1782897300,1.139775,1.139315,1.139775,1.1393
1782897600,1.139315,1.13942,1.13951,1.139305
1782897900,1.139415,1.13924,1.13946,1.1392
1782898200,1.139235,1.13901,1.139235,1.138905
1782898500,1.13901,1.13882,1.139155,1.138815
1782898800,1.138825,1.138915,1.13901,1.138695
1782899100,1.13892,1.13888,1.138955,1.1388
1782899400,1.138875,1.138865,1.1389,1.13853
1782899700,1.13887,1.138795,1.138925,1.138765
1782900000,1.138795,1.138775,1.138875,1.138615
1782900300,1.13878,1.13888,1.13896,1.13877
1782900600,1.13887,1.13894,1.138945,1.138795
1782900900,1.13894,1.139395,1.13943,1.13893
1782901200,1.139395,1.139185,1.139435,1.139185
1782901500,1.13919,1.139455,1.139455,1.13918
1782901800,1.139455,1.139635,1.139645,1.139405
1782902100,1.139635,1.13973,1.13978,1.139595
1782902400,1.13973,1.139615,1.13973,1.139555
1782902700,1.13961,1.139785,1.139795,1.139595
1782903000,1.13978,1.139935,1.139975,1.13976
1782903300,1.13993,1.139805,1.140045,1.139755
1782903600,1.139815,1.139515,1.139905,1.139395
1782903900,1.139515,1.13948,1.139575,1.139355
1782904200,1.13947,1.139355,1.13956,1.139195
1782904500,1.13936,1.139455,1.13948,1.139255
1782904800,1.139455,1.139455,1.139475,1.139315
1782905100,1.139465,1.13952,1.139525,1.139395
1782905400,1.139515,1.139445,1.13953,1.13931
1782905700,1.139445,1.139435,1.13959,1.139405
1782906000,1.139435,1.13952,1.13962,1.139425
1782906300,1.139515,1.139055,1.139525,1.139045
1782906600,1.139055,1.138975,1.139345,1.138975
1782906900,1.13897,1.138555,1.13907,1.138485
1782907200,1.13856,1.138665,1.138795,1.13851
1782907500,1.13865,1.138245,1.138675,1.13821
1782907800,1.13828,1.13827,1.138325,1.13806
1782908100,1.13828,1.13871,1.138725,1.13828
1782908400,1.138705,1.13837,1.138725,1.13828
1782908700,1.13837,1.138115,1.138485,1.1381
1782909000,1.138125,1.13771,1.138375,1.137705
1782909300,1.137715,1.136975,1.137735,1.136965
1782909600,1.136985,1.13733,1.137485,1.13691
1782909900,1.13733,1.137405,1.137475,1.137045
1782910200,1.13741,1.137315,1.13753,1.137185
1782910500,1.137315,1.137105,1.137345,1.13706
1782910800,1.13711,1.137435,1.137515,1.137045
1782911100,1.137435,1.137445,1.137475,1.137085
1782911400,1.137445,1.136205,1.137445,1.13618
1782911700,1.136205,1.13696,1.137225,1.136205
1782912000,1.136955,1.138005,1.138095,1.13695
1782912300,1.138,1.13857,1.138765,1.137775
1782912600,1.138565,1.138975,1.139475,1.138345
1782912900,1.13897,1.13878,1.13923,1.1385
1782913200,1.138775,1.14047,1.140495,1.138715
1782913500,1.140475,1.140405,1.141175,1.140265
1782913800,1.1404,1.139825,1.140535,1.139775
1782914100,1.139825,1.13954,1.139915,1.139235
1782914400,1.139545,1.13933,1.140275,1.13916
1782914700,1.139325,1.14028,1.140285,1.139235
1782915000,1.140275,1.140015,1.140555,1.139915
1782915300,1.140015,1.139425,1.14004,1.13938
1782915600,1.139445,1.139235,1.139795,1.139225
1782915900,1.139235,1.13918,1.139405,1.13902
1782916200,1.139175,1.140145,1.14015,1.13907
1782916500,1.14014,1.139625,1.14015,1.139475
1782916800,1.139615,1.13945,1.139925,1.139355
1782917100,1.139455,1.139235,1.139895,1.13919
1782917400,1.139225,1.138635,1.139235,1.13863
1782917700,1.13863,1.139545,1.13955,1.138475
1782918000,1.139555,1.138945,1.139615,1.138855
1782918300,1.13895,1.138635,1.139405,1.13862
1782918600,1.13863,1.13872,1.138845,1.138595
1782918900,1.138715,1.138485,1.138755,1.138425
1782919200,1.138485,1.13889,1.138965,1.138475
1782919500,1.1389,1.139245,1.1393,1.13884
1782919800,1.13924,1.138295,1.13943,1.138275
1782920100,1.13829,1.13837,1.13856,1.138145
1782920400,1.138365,1.13804,1.1384,1.137895
1782920700,1.138045,1.13824,1.13833,1.137955
1782921000,1.138245,1.13854,1.13871,1.138225
1782921300,1.138535,1.138375,1.138745,1.138315
1782921600,1.13838,1.139215,1.13926,1.138375
1782921900,1.13921,1.13902,1.13942,1.138975
1782922200,1.13902,1.138765,1.13915,1.138685
1782922500,1.13877,1.13841,1.13878,1.13832
1782922800,1.138415,1.13859,1.138725,1.1384
1782923100,1.138595,1.13857,1.138935,1.138505
1782923400,1.138565,1.13833,1.138585,1.13826
1782923700,1.138335,1.13811,1.13834,1.138075
1782924000,1.13812,1.13815,1.138265,1.138065
1782924300,1.138145,1.13822,1.138375,1.138125
1782924600,1.138215,1.138115,1.138245,1.138025
1782924900,1.13811,1.13823,1.138405,1.137985
1782925200,1.138235,1.138305,1.138515,1.138205
1782925500,1.1383,1.13833,1.13844,1.138245
1782925800,1.13834,1.138015,1.138375,1.138005
1782926100,1.138015,1.13834,1.13836,1.1379
1782926400,1.13834,1.13838,1.138475,1.13826
1782926700,1.138385,1.13849,1.138595,1.13834
1782927000,1.138495,1.13847,1.1386,1.13843
1782927300,1.138475,1.13823,1.13854,1.13819
1782927600,1.13823,1.13802,1.138285,1.13801
1782927900,1.13801,1.13821,1.138275,1.137975
1782928200,1.138215,1.13804,1.13826,1.13802
1782928500,1.13804,1.138105,1.13814,1.137975
1782928800,1.138115,1.13812,1.1383,1.138055
1782929100,1.138125,1.137885,1.138135,1.13788
1782929400,1.137885,1.13789,1.137935,1.13778
1782929700,1.137885,1.13763,1.137885,1.137565
1782930000,1.137635,1.13765,1.137785,1.137535
1782930300,1.137645,1.137735,1.137745,1.137555
1782930600,1.137735,1.1378,1.137895,1.137635
1782930900,1.137795,1.137885,1.137915,1.137745
1782931200,1.137885,1.13797,1.13798,1.137785
1782931500,1.137975,1.13784,1.137975,1.13784
1782931800,1.137845,1.13784,1.137905,1.13777
1782932100,1.137835,1.13799,1.138045,1.13782
1782932400,1.13799,1.13804,1.138165,1.137975
1782932700,1.138045,1.138085,1.138105,1.138
1782933000,1.13809,1.137955,1.13811,1.13792
1782933300,1.137955,1.13781,1.13801,1.137785
1782933600,1.13782,1.137785,1.13788,1.13775
1782933900,1.137785,1.13796,1.138,1.13777
1782934200,1.13796,1.13799,1.13804,1.13786
1782934500,1.13799,1.13804,1.13807,1.13795
1782934800,1.138035,1.13804,1.138045,1.13794
1782935100,1.138045,1.13809,1.13811,1.13797
1782935400,1.138095,1.137795,1.138105,1.13778
1782935700,1.137805,1.137885,1.13796,1.137785
1782936000,1.13787,1.137875,1.137945,1.137835
1782936300,1.137875,1.137775,1.13789,1.13777
1782936600,1.13777,1.137795,1.137825,1.13775
1782936900,1.137795,1.137655,1.137835,1.137645
1782937200,1.137655,1.137725,1.137745,1.137605
1782937500,1.137715,1.137655,1.137715,1.137625
1782937800,1.137645,1.137595,1.137725,1.137585
1782938100,1.137595,1.137635,1.137665,1.13758
1782938400,1.137625,1.137465,1.137625,1.13742
1782938700,1.13746,1.137625,1.137625,1.13739
1782939000,1.13763,1.13765,1.13774,1.137625
1782939300,1.137655,1.137695,1.137855,1.137565
1782939600,1.1377,1.13776,1.137815,1.13769
1782939900,1.13773,1.137855,1.137865,1.137685
1782940200,1.13785,1.13785,1.137865,1.13781
1782940500,1.13785,1.13785,1.1379,1.137825
1782940800,1.13785,1.137845,1.13786,1.13784
1782941100,1.137845,1.13792,1.13792,1.13782
1782941400,1.13792,1.137895,1.13795,1.13789
1782941700,1.137895,1.1379,1.13792,1.13787
1782942000,1.1379,1.137915,1.13793,1.137895
1782942300,1.137895,1.13787,1.13792,1.13787
1782942600,1.13787,1.137895,1.13791,1.13786
1782942900,1.137895,1.13786,1.137915,1.13785
1782943200,1.137855,1.13775,1.137855,1.13773
1782943500,1.137745,1.13783,1.13787,1.13773
1782943800,1.137825,1.137815,1.13785,1.137795
1782944100,1.137815,1.137885,1.137885,1.137795
1782944400,1.13788,1.13796,1.137965,1.13788
1782944700,1.13796,1.13792,1.13796,1.137905
1782945000,1.13792,1.137935,1.13795,1.137865
1782945300,1.137935,1.13794,1.137955,1.13792
1782945600,1.13794,1.13793,1.13796,1.13793
1782945900,1.13793,1.13789,1.13794,1.137865
1782946200,1.13789,1.137855,1.13789,1.13785
1782946500,1.137855,1.1379,1.1379,1.137855
1782946800,1.1379,1.13787,1.1379,1.13786
1782947100,1.13787,1.137845,1.137875,1.137845
1782947400,1.137845,1.13785,1.13786,1.13779
1782947700,1.137855,1.13779,1.137855,1.13775
1782948000,1.13779,1.137805,1.13786,1.137765
1782948300,1.137805,1.13781,1.137825,1.137795
1782948600,1.137815,1.13781,1.13783,1.13777
1782948900,1.13781,1.137795,1.137815,1.137775
1782949200,1.137795,1.13785,1.137855,1.137775
1782949500,1.13785,1.137795,1.137855,1.137765
1782949800,1.1378,1.137795,1.13781,1.137725
1782950100,1.137795,1.13776,1.137845,1.137745
1782950400,1.137755,1.137925,1.137975,1.137635
1782950700,1.13792,1.13821,1.13834,1.137905
1782951000,1.138205,1.138055,1.138235,1.138025
1782951300,1.138055,1.137795,1.138055,1.137795
1782951600,1.13779,1.137875,1.137895,1.137785
1782951900,1.137875,1.137685,1.137875,1.137655
1782952200,1.137685,1.137515,1.137715,1.1375
1782952500,1.137515,1.137665,1.137675,1.137515
1782952800,1.137665,1.13775,1.137875,1.13764
1782953100,1.13775,1.13793,1.13796,1.13774
1782953400,1.13794,1.13779,1.13794,1.13773
1782953700,1.137785,1.13766,1.137785,1.137595
1782954000,1.137665,1.137825,1.137895,1.13764
1782954300,1.13782,1.13791,1.13795,1.137775
1782954600,1.137905,1.13794,1.138015,1.137775
1782954900,1.137945,1.137895,1.13797,1.137775
1782955200,1.137885,1.137965,1.138035,1.137835
1782955500,1.137965,1.137925,1.137975,1.137815
1782955800,1.13793,1.137845,1.137945,1.13775
1782956100,1.13784,1.138145,1.138145,1.1378
1782956400,1.138155,1.138135,1.138305,1.138125
1782956700,1.13813,1.13851,1.138535,1.13808
1782957000,1.13851,1.138375,1.13858,1.138335
1782957300,1.13837,1.13816,1.13837,1.138105
1782957600,1.13816,1.138385,1.13842,1.13816
1782957900,1.13839,1.13841,1.13848,1.138345
1782958200,1.13841,1.13866,1.13867,1.138345
1782958500,1.138665,1.138835,1.138855,1.138615
1782958800,1.138835,1.138515,1.138835,1.138505
1782959100,1.138515,1.138515,1.13853,1.138405
1782959400,1.138515,1.13864,1.138645,1.13848
1782959700,1.138635,1.138475,1.138635,1.138475
1782960000,1.138475,1.138445,1.138515,1.13841
1782960300,1.138445,1.138355,1.13851,1.138355
1782960600,1.138355,1.13834,1.138475,1.138265
1782960900,1.13834,1.138215,1.13834,1.138115
1782961200,1.13821,1.138135,1.138345,1.138135
1782961500,1.13814,1.13806,1.13822,1.13806
1782961800,1.138065,1.13798,1.138085,1.137895
1782962100,1.13798,1.137865,1.13806,1.13785
1782962400,1.137865,1.13787,1.137915,1.137815
1782962700,1.137865,1.138015,1.138025,1.137815
1782963000,1.13802,1.138015,1.13814,1.13801
1782963300,1.13801,1.13801,1.138075,1.13793
1782963600,1.13801,1.13809,1.13813,1.138005
1782963900,1.138075,1.138065,1.138095,1.137985
1782964200,1.138065,1.137965,1.138125,1.13793
1782964500,1.13796,1.138235,1.138255,1.13794
1782964800,1.138245,1.13838,1.138745,1.138235
1782965100,1.13839,1.13866,1.138725,1.138375
1782965400,1.13866,1.13859,1.138695,1.138485
1782965700,1.138585,1.138555,1.138605,1.138485
1782966000,1.13855,1.138495,1.13863,1.138395
1782966300,1.13849,1.138465,1.138575,1.13845
1782966600,1.13846,1.138605,1.138635,1.138445
1782966900,1.138605,1.138615,1.138645,1.138545
1782967200,1.138605,1.138585,1.138615,1.138555
1782967500,1.138585,1.138555,1.138625,1.138545
1782967800,1.13856,1.13871,1.13884,1.138555
1782968100,1.13872,1.138685,1.138775,1.138655
1782968400,1.138675,1.1387,1.13879,1.138675
1782968700,1.13869,1.13872,1.138865,1.13856
1782969000,1.138725,1.13864,1.13877,1.13861
1782969300,1.138635,1.13861,1.13867,1.13855
1782969600,1.13861,1.13865,1.138675,1.13856
1782969900,1.13865,1.13846,1.138655,1.138395
1782970200,1.13845,1.138305,1.138455,1.13816
1782970500,1.138305,1.138265,1.13836,1.13823
1782970800,1.138265,1.138405,1.13854,1.138265
1782971100,1.13841,1.138405,1.138515,1.138365
1782971400,1.138405,1.138425,1.138585,1.138405
1782971700,1.138415,1.138585,1.138625,1.138345
1782972000,1.13858,1.138885,1.138955,1.13855
1782972300,1.138885,1.13879,1.139165,1.13873
1782972600,1.13878,1.138915,1.139155,1.13878
1782972900,1.138915,1.138755,1.13894,1.138625
1782973200,1.138755,1.13877,1.13888,1.138645
1782973500,1.138775,1.138755,1.138875,1.13868
1782973800,1.138765,1.138865,1.138915,1.138715
1782974100,1.13887,1.138885,1.138945,1.1388
1782974400,1.138885,1.139135,1.139155,1.138845
1782974700,1.139145,1.139925,1.13998,1.139075
1782975000,1.139935,1.13945,1.140445,1.139445
1782975300,1.139455,1.139465,1.139745,1.13942
1782975600,1.13947,1.139305,1.13949,1.139175
1782975900,1.13931,1.139425,1.139455,1.139055
1782976200,1.139425,1.139545,1.13972,1.139325
1782976500,1.139555,1.13946,1.139715,1.139305
1782976800,1.13946,1.13991,1.13997,1.13944
1782977100,1.139915,1.140065,1.140155,1.139775
1782977400,1.14007,1.139735,1.140125,1.139695
1782977700,1.139735,1.140205,1.140225,1.139605
1782978000,1.140205,1.140545,1.140725,1.140195
1782978300,1.14056,1.14047,1.140565,1.140255
1782978600,1.140485,1.140925,1.140935,1.140305
1782978900,1.14092,1.140785,1.140925,1.140675
1782979200,1.140775,1.14141,1.141495,1.140695
1782979500,1.141405,1.141475,1.141805,1.14127
1782979800,1.141475,1.141705,1.141795,1.141475
1782980100,1.14169,1.14171,1.141805,1.141525
1782980400,1.141705,1.14151,1.141875,1.14149
1782980700,1.14152,1.141665,1.14174,1.141365
1782981000,1.14166,1.14159,1.14166,1.141285
1782981300,1.141595,1.141645,1.14176,1.14141
1782981600,1.141655,1.141655,1.141995,1.141545
1782981900,1.141655,1.142015,1.142115,1.141565
1782982200,1.142015,1.141775,1.142075,1.14174
1782982500,1.14178,1.14201,1.142035,1.14167
1782982800,1.142015,1.141495,1.142125,1.141495
1782983100,1.141495,1.141165,1.14157,1.14096
1782983400,1.14116,1.14131,1.141395,1.1411
1782983700,1.141305,1.141515,1.141625,1.14128
1782984000,1.14151,1.141415,1.141585,1.141235
1782984300,1.141415,1.140965,1.141415,1.140935
1782984600,1.14097,1.141095,1.141105,1.140905
1782984900,1.141095,1.141275,1.141415,1.141095
1782985200,1.141275,1.141235,1.141395,1.141145
1782985500,1.141235,1.14128,1.141375,1.141135
1782985800,1.141285,1.141155,1.141485,1.141155
1782986100,1.141155,1.140975,1.141435,1.140975
1782986400,1.140975,1.140835,1.141105,1.140785
1782986700,1.140835,1.140905,1.141005,1.140795
1782987000,1.140905,1.140745,1.14095,1.14073
1782987300,1.14075,1.14069,1.14081,1.14064
1782987600,1.14069,1.140605,1.1407,1.1405
1782987900,1.140605,1.14072,1.140795,1.140575
1782988200,1.140715,1.14063,1.140715,1.1405
1782988500,1.140635,1.14046,1.14068,1.14032
1782988800,1.14046,1.140595,1.14066,1.140435
1782989100,1.140595,1.140725,1.140855,1.140595
1782989400,1.140725,1.14099,1.141005,1.140665
1782989700,1.140995,1.141045,1.141135,1.140695
1782990000,1.141055,1.140925,1.14109,1.14083
1782990300,1.140925,1.140975,1.140975,1.140715
1782990600,1.140965,1.141015,1.141175,1.140965
1782990900,1.14102,1.141465,1.141475,1.141015
1782991200,1.14145,1.141355,1.14145,1.141285
1782991500,1.14134,1.141325,1.14139,1.14115
1782991800,1.14133,1.14122,1.141455,1.141175
1782992100,1.141225,1.14114,1.141255,1.1411
1782992400,1.141145,1.14079,1.141155,1.140745
1782992700,1.140795,1.140615,1.14083,1.140555
1782993000,1.14062,1.140285,1.140655,1.140245
1782993300,1.140285,1.14039,1.140405,1.14005
1782993600,1.140385,1.140315,1.14048,1.140055
1782993900,1.140315,1.13985,1.140405,1.139825
1782994200,1.139855,1.139875,1.140115,1.139855
1782994500,1.139885,1.139575,1.139985,1.13956
1782994800,1.13957,1.139925,1.13994,1.13954
1782995100,1.139925,1.139935,1.140145,1.139885
1782995400,1.139935,1.144975,1.1451,1.1399
1782995700,1.144985,1.146255,1.146255,1.144865
1782996000,1.146255,1.147155,1.147185,1.145645
1782996300,1.14716,1.14587,1.147275,1.14552
1782996600,1.14585,1.14559,1.146295,1.145365
1782996900,1.145595,1.145145,1.14569,1.14483
1782997200,1.14514,1.145525,1.14554,1.144545
1782997500,1.145515,1.144505,1.14553,1.144445
1782997800,1.14452,1.14499,1.145305,1.144505
1782998100,1.14498,1.144905,1.145015,1.144575
1782998400,1.144905,1.144275,1.14491,1.144175
1782998700,1.144285,1.144105,1.14446,1.14386
1782999000,1.144095,1.144895,1.145185,1.143945
1782999300,1.144885,1.14464,1.145155,1.14427
1782999600,1.144635,1.144775,1.14499,1.14427
1782999900,1.14477,1.144855,1.145135,1.14462
1783000200,1.14485,1.144885,1.145375,1.144785
1783000500,1.144885,1.145085,1.145335,1.144835
1783000800,1.145095,1.14452,1.145185,1.14436
1783001100,1.144525,1.145245,1.145505,1.144425
1783001400,1.14525,1.14566,1.14583,1.144965
1783001700,1.145655,1.145485,1.145815,1.145355
1783002000,1.145475,1.144965,1.145525,1.144855
1783002300,1.14497,1.144265,1.14507,1.144205
1783002600,1.14427,1.144025,1.144545,1.14395
1783002900,1.144025,1.14377,1.144255,1.14376
1783003200,1.143775,1.143555,1.143865,1.14337
1783003500,1.14356,1.144025,1.144125,1.143475
1783003800,1.14403,1.143935,1.14434,1.1439
1783004100,1.14394,1.144395,1.144455,1.14394
1783004400,1.144395,1.14448,1.144745,1.143975
1783004700,1.144485,1.144705,1.144775,1.144265
1783005000,1.144715,1.144515,1.14478,1.14446
1783005300,1.144515,1.144325,1.14453,1.14407
1783005600,1.144335,1.144445,1.1448,1.1443
1783005900,1.144445,1.14407,1.14461,1.144055
1783006200,1.144065,1.144705,1.14487,1.14406
1783006500,1.144715,1.144695,1.14498,1.144695
1783006800,1.144715,1.144475,1.144725,1.14437
1783007100,1.144475,1.144315,1.144585,1.144315
1783007400,1.144325,1.144465,1.144505,1.14421
1783007700,1.144475,1.14475,1.144795,1.144475
1783008000,1.14476,1.14465,1.144825,1.144405
1783008300,1.144655,1.14434,1.144675,1.144145
1783008600,1.14435,1.144305,1.14451,1.14407
1783008900,1.144325,1.143835,1.144335,1.14382
1783009200,1.143845,1.143805,1.143935,1.143735
1783009500,1.143805,1.143645,1.143985,1.143595
1783009800,1.143645,1.14362,1.14375,1.143545
1783010100,1.143615,1.14369,1.14382,1.143535
1783010400,1.14369,1.143965,1.143995,1.143595
1783010700,1.143945,1.143995,1.144105,1.14392
1783011000,1.14399,1.143825,1.144005,1.143775
1783011300,1.14383,1.143785,1.144045,1.143705
1783011600,1.143775,1.143505,1.143775,1.143465
1783011900,1.143505,1.1434,1.143585,1.143245
1783012200,1.143405,1.143475,1.143605,1.143395
1783012500,1.14348,1.1434,1.14349,1.143235
1783012800,1.143395,1.1433,1.1435,1.143235
1783013100,1.14331,1.143135,1.14331,1.14298
1783013400,1.14313,1.14315,1.143355,1.14312
1783013700,1.143145,1.142995,1.143165,1.142995
1783014000,1.143005,1.142945,1.143065,1.142935
1783014300,1.142945,1.14299,1.143175,1.14289
1783014600,1.142995,1.143145,1.143205,1.142885
1783014900,1.143145,1.14306,1.143205,1.142955
1783015200,1.143065,1.143345,1.143375,1.143015
1783015500,1.143345,1.14361,1.14361,1.143335
1783015800,1.143605,1.143195,1.143645,1.143185
1783016100,1.143195,1.143055,1.143295,1.142955
1783016400,1.14305,1.14321,1.14322,1.143005
1783016700,1.14321,1.14332,1.143475,1.143185
1783017000,1.143315,1.143605,1.143705,1.14324
1783017300,1.143605,1.14355,1.143625,1.143505
1783017600,1.14355,1.143305,1.14355,1.1433
1783017900,1.1433,1.143365,1.14337,1.14323
1783018200,1.143365,1.143315,1.143415,1.14328
1783018500,1.143315,1.1433,1.143375,1.143245
1783018800,1.143305,1.143065,1.14339,1.143025
1783019100,1.14306,1.14333,1.143335,1.14306
1783019400,1.143335,1.143245,1.14335,1.143155
1783019700,1.14325,1.143105,1.143265,1.14308
1783020000,1.143105,1.14295,1.14311,1.14293
1783020300,1.142955,1.142945,1.143035,1.142905
1783020600,1.14295,1.14293,1.143105,1.142885
1783020900,1.142935,1.142835,1.14294,1.142775
1783021200,1.142835,1.1429,1.14294,1.142835
1783021500,1.142895,1.142685,1.142935,1.142625
1783021800,1.1427,1.143,1.143025,1.1427
1783022100,1.143005,1.14309,1.143195,1.14299
1783022400,1.14308,1.143155,1.143155,1.142955
1783022700,1.14316,1.143255,1.143265,1.14316
1783023000,1.143255,1.14323,1.14326,1.1432
1783023300,1.14323,1.143395,1.1434,1.14323
1783023600,1.143395,1.143515,1.14352,1.143395
1783023900,1.143505,1.1435,1.143575,1.143485
1783024200,1.1435,1.143415,1.1435,1.143395
1783024500,1.143415,1.143345,1.14343,1.143345
1783024800,1.14335,1.1433,1.14335,1.14326
1783025100,1.143305,1.143465,1.143485,1.14329
1783025400,1.143475,1.143415,1.143555,1.143395
1783025700,1.143405,1.14319,1.143425,1.14319
1783026000,1.14317,1.14325,1.14336,1.143075
1783026300,1.143235,1.143445,1.143495,1.143235
1783026600,1.143445,1.143395,1.14363,1.143395
1783026900,1.143435,1.143295,1.143435,1.143155
1783027200,1.143295,1.1435,1.143555,1.143295
1783027500,1.1435,1.1435,1.14354,1.143465
1783027800,1.14349,1.14339,1.143525,1.14333
1783028100,1.14339,1.14335,1.143395,1.14333
1783028400,1.14335,1.14324,1.143395,1.14321
1783028700,1.143255,1.143195,1.143265,1.14315
1783029000,1.143195,1.14317,1.143195,1.143115
1783029300,1.14317,1.143405,1.14341,1.143155
1783029600,1.143405,1.143545,1.14355,1.14339
1783029900,1.14354,1.14343,1.14354,1.14342
1783030200,1.14343,1.143385,1.14345,1.14338
1783030500,1.14339,1.143325,1.14339,1.14329
1783030800,1.14333,1.143235,1.14334,1.143235
1783031100,1.143235,1.143155,1.14325,1.14312
1783031400,1.143155,1.14306,1.14316,1.143055
1783031700,1.14306,1.143015,1.143105,1.143
1783032000,1.14301,1.14291,1.143025,1.142805
1783032300,1.14291,1.14289,1.142945,1.142805
1783032600,1.14289,1.14279,1.14289,1.14278
1783032900,1.14279,1.1429,1.142915,1.14279
1783033200,1.142905,1.142865,1.14292,1.14282
1783033500,1.142865,1.142855,1.14295,1.142855
1783033800,1.142855,1.142815,1.142945,1.1428
1783034100,1.142815,1.142915,1.142915,1.142815
1783034400,1.142915,1.143,1.14301,1.142875
1783034700,1.143,1.143015,1.143065,1.143
1783035000,1.143015,1.142785,1.143015,1.14278
1783035300,1.142785,1.14248,1.142785,1.142395
1783035600,1.14248,1.142605,1.14264,1.14246
1783035900,1.142605,1.14255,1.14267,1.1425
1783036200,1.14255,1.142345,1.14257,1.142295
1783036500,1.142345,1.142245,1.142345,1.142185
1783036800,1.142255,1.142285,1.142455,1.1422
1783037100,1.142295,1.142145,1.1423,1.14207
1783037400,1.14214,1.14221,1.142315,1.142085
1783037700,1.14221,1.142275,1.142275,1.142065
1783038000,1.142295,1.142285,1.142315,1.142155
1783038300,1.14228,1.14221,1.14235,1.14217
1783038600,1.142205,1.142115,1.14223,1.142085
1783038900,1.14211,1.14216,1.14222,1.142105
1783039200,1.14216,1.14221,1.142215,1.142095
1783039500,1.14221,1.14239,1.142465,1.14221
1783039800,1.14239,1.14279,1.142795,1.142355
1783040100,1.142785,1.14307,1.14309,1.142585
1783040400,1.143065,1.143355,1.1434,1.143015
1783040700,1.143355,1.143315,1.14341,1.14304
1783041000,1.14331,1.143735,1.143745,1.143285
1783041300,1.143745,1.144195,1.144205,1.14369
1783041600,1.1442,1.1444,1.144465,1.144135
1783041900,1.1444,1.14394,1.144405,1.14393
1783042200,1.143935,1.144205,1.14422,1.14381
1783042500,1.144215,1.14391,1.144305,1.143835
1783042800,1.143905,1.1441,1.144165,1.143895
1783043100,1.1441,1.143815,1.1441,1.143735
1783043400,1.143815,1.143785,1.143835,1.14363
1783043700,1.143785,1.1437,1.143845,1.14364
1783044000,1.143705,1.143655,1.143765,1.14359
1783044300,1.143645,1.14416,1.144165,1.143645
1783044600,1.144165,1.144065,1.144255,1.144015
1783044900,1.144075,1.14419,1.14433,1.144065
1783045200,1.14419,1.144305,1.14434,1.14412
1783045500,1.144305,1.14441,1.144455,1.144185
1783045800,1.144415,1.144165,1.14449,1.144155
1783046100,1.144165,1.144335,1.144365,1.144135
1783046400,1.14434,1.144335,1.14441,1.144195
1783046700,1.14434,1.144175,1.144375,1.144145
1783047000,1.144175,1.14426,1.14435,1.144175
1783047300,1.14425,1.143975,1.144315,1.143865
1783047600,1.14396,1.143905,1.14404,1.143885
1783047900,1.143905,1.143805,1.143925,1.143785
1783048200,1.14381,1.143985,1.144,1.143785
1783048500,1.143995,1.14389,1.144005,1.14387
1783048800,1.143885,1.14381,1.143965,1.14378
1783049100,1.143805,1.1439,1.14391,1.14369
1783049400,1.14391,1.14389,1.14394,1.143745
1783049700,1.14389,1.14397,1.14407,1.143885
1783050000,1.14397,1.14397,1.14409,1.143935
1783050300,1.14397,1.144015,1.14404,1.14391
1783050600,1.144015,1.14401,1.144115,1.143955
1783050900,1.144015,1.144115,1.14416,1.14401
1783051200,1.14412,1.14396,1.144125,1.143915
1783051500,1.14396,1.144075,1.144115,1.14393
1783051800,1.144075,1.144235,1.144245,1.144015
1783052100,1.144235,1.144305,1.144335,1.14423
1783052400,1.144305,1.144185,1.144305,1.144185
1783052700,1.144185,1.144235,1.1443,1.144185
1783053000,1.144235,1.144235,1.144265,1.144175
1783053300,1.144235,1.144385,1.144395,1.144235
1783053600,1.144385,1.144495,1.14455,1.14438
1783053900,1.144495,1.14446,1.14456,1.14443
1783054200,1.144455,1.144455,1.144545,1.144425
1783054500,1.14444,1.144615,1.144625,1.144385
1783054800,1.144615,1.144915,1.145005,1.14456
1783055100,1.14492,1.145145,1.14536,1.144885
1783055400,1.14514,1.145245,1.145255,1.144945
1783055700,1.14525,1.145325,1.1455,1.14525
1783056000,1.145325,1.145155,1.145325,1.145055
1783056300,1.145155,1.14519,1.145235,1.145125
1783056600,1.145185,1.1453,1.14532,1.14518
1783056900,1.145305,1.14511,1.14538,1.145095
1783057200,1.14512,1.145275,1.145275,1.145025
1783057500,1.145255,1.145235,1.145275,1.14516
1783057800,1.14524,1.145365,1.1454,1.145145
1783058100,1.14536,1.144885,1.14536,1.144665
1783058400,1.144875,1.144975,1.145085,1.144825
1783058700,1.144975,1.145265,1.145315,1.14496
1783059000,1.145265,1.145415,1.145415,1.145055
1783059300,1.145425,1.145805,1.145835,1.145395
1783059600,1.145805,1.145135,1.145815,1.145135
1783059900,1.14514,1.145285,1.145525,1.14513
1783060200,1.145285,1.14603,1.146185,1.145265
1783060500,1.146025,1.1461,1.146235,1.145885
1783060800,1.146095,1.145975,1.146125,1.1458
1783061100,1.14597,1.145935,1.14608,1.1459
1783061400,1.14594,1.145625,1.145945,1.145575
1783061700,1.145625,1.145405,1.145625,1.145165
1783062000,1.14541,1.145335,1.145475,1.14521
1783062300,1.145315,1.145375,1.14538,1.145225
1783062600,1.14537,1.145405,1.145475,1.145295
1783062900,1.14539,1.145215,1.14539,1.145215
1783063200,1.145215,1.145435,1.14544,1.145095
1783063500,1.14543,1.145555,1.145695,1.145355
1783063800,1.14556,1.144945,1.14568,1.14494
1783064100,1.144935,1.144995,1.145165,1.14483
1783064400,1.144995,1.145145,1.145195,1.144755
1783064700,1.145145,1.14537,1.14538,1.145055
1783065000,1.14537,1.145455,1.145545,1.145235
1783065300,1.145455,1.145465,1.145795,1.145385
1783065600,1.14547,1.14518,1.14561,1.145045
1783065900,1.145185,1.145415,1.145535,1.145165
1783066200,1.145415,1.14537,1.145495,1.145145
1783066500,1.145365,1.14531,1.14545,1.14527
1783066800,1.145305,1.145115,1.145385,1.145105
1783067100,1.145115,1.14538,1.14549,1.145115
1783067400,1.145385,1.145575,1.145625,1.145185
1783067700,1.14557,1.145385,1.145775,1.14536
1783068000,1.14538,1.145465,1.145485,1.145335
1783068300,1.145475,1.14534,1.145505,1.145325
1783068600,1.14534,1.145225,1.145375,1.145095
1783068900,1.145225,1.14529,1.14544,1.14522
1783069200,1.14528,1.14509,1.145295,1.14509
1783069500,1.145095,1.144865,1.14522,1.144865
1783069800,1.144875,1.145005,1.145015,1.144805
1783070100,1.14501,1.14499,1.145085,1.14491
1783070400,1.144995,1.144975,1.145185,1.14494
1783070700,1.14497,1.14476,1.14499,1.144745
1783071000,1.144765,1.14482,1.144915,1.144745
1783071300,1.144825,1.14485,1.14491,1.14473
1783071600,1.144855,1.14471,1.144935,1.14468
1783071900,1.144705,1.14457,1.144705,1.144475
1783072200,1.14457,1.1444,1.14458,1.14436
1783072500,1.144395,1.144095,1.144395,1.144035
1783072800,1.14409,1.144215,1.14428,1.144045
1783073100,1.144215,1.14458,1.144665,1.14419
1783073400,1.144585,1.14464,1.14474,1.14458
1783073700,1.144645,1.14453,1.144665,1.14445
1783074000,1.144535,1.14453,1.144735,1.14452
1783074300,1.144525,1.144465,1.14454,1.144405
1783074600,1.14446,1.14462,1.144635,1.1444
1783074900,1.144625,1.144685,1.144695,1.14457
1783075200,1.14468,1.144735,1.144875,1.144565
1783075500,1.14473,1.14478,1.144795,1.144705
1783075800,1.144785,1.14497,1.144975,1.14478
1783076100,1.144965,1.14468,1.14503,1.144665
1783076400,1.144675,1.14476,1.144835,1.144625
1783076700,1.144755,1.14509,1.145095,1.14475
1783077000,1.145085,1.14545,1.1455,1.14508
1783077300,1.145455,1.145445,1.14564,1.1454
1783077600,1.145445,1.145695,1.145725,1.145375
1783077900,1.145695,1.145495,1.145695,1.14532
1783078200,1.145485,1.145325,1.14554,1.145255
1783078500,1.14532,1.14508,1.145325,1.14497
1783078800,1.14508,1.144985,1.145195,1.14494
1783079100,1.14498,1.1448,1.145085,1.1448
1783079400,1.1448,1.14492,1.144975,1.14477
1783079700,1.144915,1.145045,1.145045,1.14469
1783080000,1.14505,1.14496,1.145165,1.14487
1783080300,1.144965,1.144775,1.145285,1.14477
1783080600,1.144775,1.145055,1.14515,1.14467
1783080900,1.14505,1.144795,1.14507,1.14476
1783081200,1.14479,1.14477,1.144885,1.14463
1783081500,1.14477,1.14478,1.144855,1.14469
1783081800,1.144775,1.14479,1.14483,1.144645
1783082100,1.144795,1.145035,1.145055,1.14474
1783082400,1.14503,1.144765,1.14509,1.14475
1783082700,1.14475,1.144795,1.144895,1.14471
1783083000,1.1448,1.14489,1.144955,1.14472
1783083300,1.144885,1.1447,1.144915,1.144655
1783083600,1.144695,1.144685,1.1448,1.144565
1783083900,1.14468,1.14439,1.14469,1.144285
1783084200,1.144395,1.144445,1.1445,1.144185
1783084500,1.14443,1.14422,1.144435,1.14412
1783084800,1.14422,1.144345,1.144455,1.14422
1783085100,1.14434,1.144375,1.144445,1.14427
1783085400,1.14438,1.144215,1.144385,1.14411
1783085700,1.144215,1.144055,1.144285,1.144015
1783086000,1.14406,1.14417,1.1442,1.14404
1783086300,1.14417,1.14413,1.144275,1.14408
1783086600,1.144135,1.143815,1.144195,1.143805
1783086900,1.14381,1.144045,1.14414,1.14381
1783087200,1.14405,1.144075,1.14414,1.14387
1783087500,1.144075,1.144225,1.144225,1.143975
1783087800,1.14422,1.144145,1.144275,1.1441
1783088100,1.14414,1.144345,1.144395,1.14413
1783088400,1.144345,1.14432,1.144495,1.144225
1783088700,1.144325,1.144695,1.144775,1.144315
1783089000,1.14469,1.144695,1.144795,1.144525
1783089300,1.144695,1.14442,1.144705,1.144365
1783089600,1.144425,1.14439,1.14455,1.14433
1783089900,1.144385,1.14439,1.144495,1.144375
1783090200,1.14439,1.144345,1.14447,1.14425
1783090500,1.144345,1.14416,1.144395,1.14411
1783090800,1.144165,1.14418,1.144395,1.14415
1783091100,1.144175,1.14433,1.14437,1.14409
1783091400,1.144325,1.144185,1.144455,1.14414
1783091700,1.14418,1.14427,1.144395,1.144075
1783092000,1.144275,1.143945,1.144285,1.14393
1783092300,1.143945,1.144025,1.144095,1.14387
1783092600,1.14402,1.14408,1.14418,1.14396
1783092900,1.14408,1.144025,1.14416,1.14402
1783093200,1.14402,1.143875,1.14407,1.143875
1783093500,1.143875,1.143955,1.143965,1.14383
1783093800,1.14395,1.14382,1.143975,1.14377
1783094100,1.14382,1.143695,1.14382,1.143495
1783094400,1.1437,1.14375,1.14381,1.143635
1783094700,1.14375,1.14386,1.143895,1.143665
1783095000,1.143865,1.143855,1.143965,1.14383
1783095300,1.143855,1.14387,1.143885,1.14379
1783095600,1.14387,1.143795,1.14393,1.14379
1783095900,1.143795,1.14372,1.14384,1.14368
1783096200,1.14373,1.14371,1.14379,1.14369
1783096500,1.14371,1.14361,1.14373,1.143585
1783096800,1.14361,1.14355,1.14364,1.14353
1783097100,1.14355,1.143605,1.14361,1.14353
1783097400,1.14361,1.143645,1.14369,1.14359
1783097700,1.143645,1.14377,1.143775,1.143605
1783098000,1.143765,1.143885,1.14389,1.143765
1783098300,1.14388,1.14409,1.14423,1.14388
1783098600,1.144085,1.144025,1.1441,1.143965
1783098900,1.144025,1.144055,1.144065,1.144005
1783099200,1.144055,1.144035,1.144165,1.14402
1783099500,1.14403,1.14401,1.14406,1.14399
1783099800,1.144015,1.14401,1.144035,1.14395
1783100100,1.144005,1.144005,1.144025,1.143945
1783100400,1.144005,1.144045,1.14416,1.144
1783100700,1.14404,1.144045,1.144105,1.144025
1783101000,1.14404,1.143995,1.14411,1.14394
1783101300,1.144,1.144025,1.144105,1.14399
1783101600,1.14403,1.14407,1.144125,1.14403
1783101900,1.14408,1.143975,1.144115,1.143965
1783102200,1.14398,1.14391,1.14402,1.14381
1783102500,1.143905,1.14397,1.14404,1.143905
1783102800,1.14398,1.143995,1.14401,1.143905
1783103100,1.14399,1.14394,1.144005,1.143935
1783103400,1.14394,1.14396,1.143995,1.143915
1783103700,1.143955,1.143995,1.144025,1.14395
1783104000,1.144005,1.14397,1.14401,1.143945
1783104300,1.14397,1.14399,1.14405,1.14397
1783104600,1.14399,1.14388,1.144005,1.14383
1783104900,1.14386,1.143895,1.14407,1.143825
1783105200,1.14389,1.144,1.14406,1.14379
1783105500,1.14401,1.14395,1.144045,1.14395
1783105800,1.14395,1.14393,1.14397,1.143895
1783106100,1.14393,1.14386,1.14393,1.14384
1783106400,1.143865,1.143855,1.143905,1.143845
1783106700,1.143855,1.14385,1.143875,1.143835
1783107000,1.143845,1.143845,1.143855,1.14379
1783107300,1.143855,1.143775,1.14386,1.14372
1783107600,1.143775,1.1438,1.14381,1.14375
1783107900,1.143795,1.14381,1.14383,1.14374
1783108200,1.14381,1.143715,1.14381,1.14368
1783108500,1.14372,1.143655,1.143845,1.143555
1783108800,1.14365,1.14359,1.14365,1.14348
1783109100,1.143595,1.143655,1.143725,1.14356
1783109400,1.143655,1.143625,1.14374,1.14358
1783109700,1.143625,1.143575,1.143625,1.14352
1783110000,1.14357,1.14362,1.143655,1.14351
1783110300,1.14361,1.1436,1.143675,1.14351
1783110600,1.143605,1.143625,1.143625,1.14352
1783110900,1.143625,1.143585,1.14364,1.143565
1783111200,1.14358,1.143665,1.143685,1.143565
1783111500,1.14367,1.143555,1.14369,1.14336
1783111800,1.14356,1.14362,1.143655,1.14341
1783112100,1.143635,1.14398,1.144,1.14361
1783285200,1.14398,1.143685,1.144235,1.1436
1783285500,1.143605,1.143795,1.143875,1.143605
1783285800,1.143795,1.14373,1.143855,1.14373
1783286100,1.143725,1.143695,1.14375,1.143645
1783286400,1.143695,1.14379,1.14383,1.14369
1783286700,1.14379,1.143775,1.14379,1.143775
1783287000,1.143775,1.143835,1.14389,1.14362
1783287300,1.14378,1.143875,1.143935,1.143645
1783287600,1.143875,1.14372,1.14388,1.143705
1783287900,1.14372,1.143815,1.143815,1.143715
1783288200,1.1438,1.143765,1.14382,1.14374
1783288500,1.143765,1.14379,1.14387,1.143765
1783288800,1.14378,1.14364,1.143865,1.143595
1783289100,1.14364,1.143555,1.14365,1.14349
1783289400,1.143555,1.143605,1.14367,1.143545
1783289700,1.143605,1.143575,1.143605,1.143555
1783290000,1.14358,1.14367,1.143685,1.14355
1783290300,1.14367,1.143635,1.14368,1.143625
1783290600,1.14363,1.143675,1.14369,1.14361
1783290900,1.143675,1.143725,1.143785,1.14367
1783291200,1.143725,1.14377,1.14378,1.1437
1783291500,1.14377,1.14376,1.14378,1.14375
1783291800,1.14376,1.14367,1.14379,1.14367
1783292100,1.14367,1.14367,1.143675,1.14357
1783292400,1.14367,1.14347,1.143725,1.14346
1783292700,1.14347,1.143365,1.14348,1.14336
1783293000,1.14336,1.143435,1.143475,1.14336
1783293300,1.14343,1.14337,1.14344,1.14332
1783293600,1.143375,1.143455,1.14351,1.143365
1783293900,1.143455,1.143635,1.14369,1.14342
1783294200,1.143635,1.14366,1.14373,1.143585
1783294500,1.14366,1.14373,1.143735,1.143615
1783294800,1.14373,1.14374,1.143785,1.14371
1783295100,1.14374,1.143665,1.14381,1.14361
1783295400,1.14366,1.143585,1.14366,1.14351
1783295700,1.14358,1.14368,1.14378,1.14357
1783296000,1.143675,1.14353,1.14377,1.14353
1783296300,1.143525,1.14332,1.14361,1.143275
1783296600,1.14332,1.143635,1.14368,1.1433
1783296900,1.14364,1.143865,1.14411,1.143625
1783297200,1.143865,1.143825,1.14392,1.143775
1783297500,1.143825,1.143865,1.143865,1.14366
1783297800,1.143865,1.14386,1.14406,1.14383
1783298100,1.14386,1.14395,1.144035,1.14376
1783298400,1.14395,1.14396,1.14408,1.14395
1783298700,1.143965,1.143835,1.14402,1.143765
1783299000,1.14383,1.14383,1.143915,1.14372
1783299300,1.143835,1.143825,1.14402,1.14378
1783299600,1.14383,1.143665,1.143845,1.14365
1783299900,1.14366,1.14366,1.14371,1.14352
1783300200,1.143665,1.14368,1.14388,1.14355
1783300500,1.14367,1.14348,1.143675,1.14342
1783300800,1.14348,1.14327,1.1435,1.14317
1783301100,1.143275,1.14317,1.143305,1.14306
1783301400,1.143175,1.1432,1.14333,1.14306
1783301700,1.1432,1.143475,1.14348,1.14318
1783302000,1.143475,1.143415,1.14349,1.14333
1783302300,1.143415,1.143195,1.143415,1.14318
1783302600,1.143195,1.14307,1.1432,1.14304
1783302900,1.143075,1.14286,1.143125,1.14284
1783303200,1.142855,1.14296,1.14302,1.14283
1783303500,1.142955,1.14291,1.142955,1.142755
1783303800,1.142905,1.14297,1.143,1.14286
1783304100,1.142965,1.143005,1.143025,1.14286
1783304400,1.143005,1.14292,1.143085,1.142915
1783304700,1.14292,1.14292,1.14301,1.14292
1783305000,1.142925,1.142985,1.14303,1.1429
1783305300,1.142985,1.142965,1.14306,1.142915
1783305600,1.142965,1.14297,1.143025,1.14287
1783305900,1.142975,1.14311,1.14315,1.14297
1783306200,1.14311,1.143325,1.143365,1.14307
1783306500,1.14333,1.14339,1.14353,1.14329
1783306800,1.143385,1.14349,1.14358,1.143375
1783307100,1.14349,1.143395,1.14349,1.14339
1783307400,1.143395,1.14329,1.14344,1.14329
1783307700,1.14328,1.143275,1.143345,1.143185
1783308000,1.14327,1.143015,1.143295,1.143015
1783308300,1.14302,1.14291,1.14309,1.14291
1783308600,1.14291,1.142855,1.14292,1.1428
1783308900,1.14286,1.14298,1.142995,1.142855
1783309200,1.142975,1.143135,1.143135,1.142955
1783309500,1.143135,1.143065,1.14321,1.143055
1783309800,1.143065,1.14301,1.143105,1.14297
1783310100,1.143015,1.143185,1.14322,1.143015
1783310400,1.14318,1.143235,1.14326,1.143165
1783310700,1.143235,1.14323,1.143275,1.14317
1783311000,1.143225,1.14334,1.143435,1.143225
1783311300,1.143335,1.143265,1.143425,1.14326
1783311600,1.14327,1.143275,1.143285,1.143215
1783311900,1.143265,1.14321,1.14328,1.143205
1783312200,1.14321,1.143265,1.14333,1.14321
1783312500,1.14326,1.14323,1.14326,1.14318
1783312800,1.143235,1.14336,1.14337,1.14321
1783313100,1.14336,1.14332,1.143365,1.143225
1783313400,1.14332,1.143295,1.14336,1.143195
1783313700,1.1433,1.14329,1.14336,1.14325
1783314000,1.143295,1.143,1.143335,1.14299
1783314300,1.142995,1.142885,1.14302,1.14287
1783314600,1.142885,1.142985,1.143095,1.14287
1783314900,1.142985,1.142865,1.14299,1.14284
1783315200,1.142865,1.14281,1.14292,1.1428
1783315500,1.14281,1.14288,1.142925,1.14276
1783315800,1.14287,1.143165,1.143245,1.142815
1783316100,1.14317,1.143115,1.14324,1.14311
1783316400,1.143115,1.142965,1.143165,1.142945
1783316700,1.14297,1.143035,1.14318,1.1429
1783317000,1.14303,1.143005,1.143055,1.14292
1783317300,1.14301,1.142365,1.14304,1.14229
1783317600,1.14236,1.142775,1.14287,1.14236
1783317900,1.14278,1.142825,1.1429,1.14245
1783318200,1.14283,1.142535,1.142845,1.14248
1783318500,1.14253,1.142265,1.14256,1.14216
1783318800,1.14226,1.142495,1.142565,1.142175
1783319100,1.14248,1.142405,1.142515,1.14217
1783319400,1.1424,1.142375,1.14253,1.14216
1783319700,1.142375,1.14236,1.14243,1.14198
1783320000,1.142355,1.142355,1.14247,1.142295
1783320300,1.14235,1.142345,1.14255,1.1423
1783320600,1.14234,1.14221,1.142395,1.142165
1783320900,1.142215,1.1423,1.142385,1.142
1783321200,1.142305,1.14201,1.142325,1.141655
1783321500,1.142015,1.14184,1.142055,1.14181
1783321800,1.141845,1.142545,1.142545,1.14176
1783322100,1.14255,1.1426,1.142835,1.14251
1783322400,1.142605,1.142435,1.14265,1.142345
1783322700,1.14243,1.142245,1.142435,1.14206
1783323000,1.14224,1.142265,1.142565,1.142195
1783323300,1.142265,1.14251,1.142515,1.14218
1783323600,1.14251,1.142525,1.14273,1.142465
1783323900,1.14252,1.14254,1.14267,1.142495
1783324200,1.142535,1.142415,1.142595,1.142235
1783324500,1.14242,1.14265,1.142765,1.14241
1783324800,1.142655,1.14239,1.14272,1.142145
1783325100,1.142385,1.142115,1.142435,1.142115
1783325400,1.142115,1.14193,1.142155,1.141575
1783325700,1.141935,1.14177,1.142115,1.141705
1783326000,1.14177,1.141755,1.141965,1.14172
1783326300,1.14175,1.141905,1.14192,1.141685
1783326600,1.1419,1.141815,1.14209,1.141745
1783326900,1.14181,1.141865,1.14198,1.1418
1783327200,1.14187,1.14166,1.141975,1.141615
1783327500,1.141665,1.141565,1.141745,1.141525
1783327800,1.14156,1.141815,1.14195,1.141525
1783328100,1.141805,1.14206,1.14208,1.14175
1783328400,1.142055,1.142,1.14212,1.141825
1783328700,1.141995,1.142035,1.142145,1.14198
1783329000,1.14203,1.14188,1.14203,1.14175
1783329300,1.141875,1.141775,1.141955,1.14177
1783329600,1.141775,1.14198,1.141985,1.141685
1783329900,1.141975,1.141825,1.14198,1.14172
1783330200,1.14182,1.14193,1.141965,1.141795
1783330500,1.141925,1.141845,1.14202,1.14182
1783330800,1.14185,1.141755,1.141935,1.141735
1783331100,1.14175,1.14152,1.141755,1.141495
1783331400,1.14153,1.141205,1.141595,1.14111
1783331700,1.14121,1.141325,1.141335,1.14119
1783332000,1.14132,1.14123,1.14146,1.141115
1783332300,1.141225,1.14124,1.141305,1.14097
1783332600,1.14123,1.141575,1.141605,1.141195
1783332900,1.141575,1.141785,1.141885,1.141425
1783333200,1.14178,1.14196,1.141985,1.141665
1783333500,1.141955,1.14158,1.14199,1.14157
1783333800,1.141575,1.141955,1.14197,1.14155
1783334100,1.14195,1.141985,1.14209,1.141915
1783334400,1.141975,1.141915,1.141985,1.141865
1783334700,1.141915,1.14186,1.14196,1.14182
1783335000,1.14186,1.14208,1.14208,1.141715
1783335300,1.142075,1.14195,1.142125,1.14192
1783335600,1.141955,1.14178,1.14203,1.14175
1783335900,1.141775,1.141765,1.14186,1.14158
1783336200,1.141765,1.141865,1.141865,1.14172
1783336500,1.14187,1.141705,1.141935,1.141595
1783336800,1.14171,1.14171,1.141835,1.141665
1783337100,1.14171,1.14182,1.141915,1.14169
1783337400,1.141825,1.14192,1.141925,1.141755
1783337700,1.141925,1.14145,1.141925,1.141405
1783338000,1.14145,1.14145,1.14169,1.141395
1783338300,1.14145,1.141365,1.141525,1.141335
1783338600,1.141365,1.14133,1.141375,1.141195
1783338900,1.141325,1.14153,1.14168,1.14128
1783339200,1.14154,1.14197,1.141985,1.141535
1783339500,1.141975,1.14152,1.141995,1.14148
1783339800,1.141515,1.14174,1.14182,1.141415
1783340100,1.141745,1.141735,1.141965,1.14163
1783340400,1.14173,1.14156,1.14176,1.141545
1783340700,1.14156,1.141755,1.141825,1.141555
1783341000,1.141755,1.14164,1.141815,1.1416
1783341300,1.141645,1.141725,1.14173,1.14146
1783341600,1.14172,1.14136,1.141745,1.14128
1783341900,1.141365,1.141395,1.14153,1.14122
1783342200,1.1414,1.141525,1.14165,1.14131
1783342500,1.14152,1.14132,1.141535,1.141075
1783342800,1.141315,1.14138,1.141545,1.14111
1783343100,1.141385,1.141695,1.141695,1.14134
1783343400,1.14169,1.14181,1.14206,1.141645
1783343700,1.141815,1.142075,1.14215,1.14179
1783344000,1.142075,1.142125,1.142275,1.14198
1783344300,1.14213,1.142035,1.14222,1.141875
1783344600,1.14204,1.14198,1.142145,1.14191
1783344900,1.141985,1.14187,1.142015,1.141765
1783345200,1.141875,1.14171,1.14192,1.14165
1783345500,1.14171,1.14158,1.14171,1.14122
1783345800,1.14158,1.14122,1.141675,1.141175
1783346100,1.141215,1.14127,1.141385,1.140845
1783346400,1.14128,1.141445,1.14169,1.14107
1783346700,1.14144,1.141795,1.14187,1.14144
1783347000,1.14179,1.14192,1.14202,1.1416
1783347300,1.141925,1.14178,1.14198,1.14162
1783347600,1.141785,1.14162,1.141845,1.14161
1783347900,1.141625,1.141515,1.141705,1.14144
1783348200,1.14152,1.1418,1.14181,1.14138
1783348500,1.14179,1.141445,1.141835,1.141445
1783348800,1.141435,1.14121,1.14152,1.14119
1783349100,1.141215,1.14115,1.141435,1.141145
1783349400,1.141155,1.141425,1.141475,1.141125
1783349700,1.141415,1.141715,1.141855,1.141415
1783350000,1.14172,1.141875,1.14193,1.14168
1783350300,1.14188,1.141785,1.14196,1.141725
1783350600,1.141785,1.14169,1.141785,1.141535
1783350900,1.141695,1.14159,1.14179,1.14158
1783351200,1.141595,1.14179,1.14188,1.14157
1783351500,1.141785,1.14179,1.141855,1.141665
1783351800,1.141785,1.14183,1.14191,1.141755
1783352100,1.141835,1.1419,1.141955,1.14165
1783352400,1.141905,1.14233,1.142385,1.14188
1783352700,1.142335,1.142485,1.14249,1.14232
1783353000,1.14248,1.142455,1.142625,1.142335
1783353300,1.14245,1.142535,1.142595,1.14227
1783353600,1.142545,1.142645,1.14274,1.142505
1783353900,1.142645,1.14275,1.142765,1.142525
1783354200,1.14276,1.14263,1.142875,1.14262
1783354500,1.142625,1.14294,1.14297,1.142625
1783354800,1.142945,1.142915,1.14311,1.142905
1783355100,1.14292,1.14301,1.14302,1.14285
1783355400,1.143005,1.14288,1.14303,1.142805
1783355700,1.14288,1.142815,1.14289,1.142745
1783356000,1.1428,1.142805,1.14284,1.142605
1783356300,1.142805,1.14288,1.142895,1.142735
1783356600,1.142875,1.14315,1.143215,1.142875
1783356900,1.143155,1.143075,1.143195,1.142975
1783357200,1.14307,1.143205,1.143265,1.143015
1783357500,1.1432,1.14324,1.14324,1.143115
1783357800,1.14324,1.143425,1.14343,1.143215
1783358100,1.14342,1.14345,1.14346,1.143345
1783358400,1.143445,1.143605,1.143675,1.143425
1783358700,1.143605,1.14361,1.143695,1.14355
1783359000,1.143615,1.14372,1.143765,1.14356
1783359300,1.143725,1.143815,1.14382,1.143555
1783359600,1.143815,1.143865,1.14395,1.14374
1783359900,1.14386,1.14381,1.143905,1.14379
1783360200,1.14381,1.143715,1.143905,1.1437
1783360500,1.143715,1.143625,1.14372,1.143605
1783360800,1.14363,1.143705,1.14383,1.14363
1783361100,1.143705,1.143605,1.143725,1.143515
1783361400,1.14361,1.14363,1.143665,1.14357
1783361700,1.14364,1.143705,1.143765,1.14364
1783362000,1.1437,1.14367,1.143745,1.14361
1783362300,1.14367,1.143915,1.14392,1.143665
1783362600,1.14391,1.14412,1.14417,1.14379
1783362900,1.14412,1.144225,1.14429,1.144115
1783363200,1.14422,1.144215,1.14428,1.144135
1783363500,1.14421,1.144465,1.14447,1.144195
1783363800,1.14446,1.144355,1.144495,1.14435
1783364100,1.144355,1.1443,1.144505,1.144295
1783364400,1.144295,1.144265,1.144295,1.144115
1783364700,1.144265,1.144165,1.144295,1.144165
1783365000,1.14416,1.14413,1.144225,1.144105
1783365300,1.14412,1.144095,1.14416,1.14407
1783365600,1.144095,1.143855,1.1441,1.1438
1783365900,1.14385,1.143895,1.14396,1.143845
1783366200,1.14389,1.143985,1.14407,1.14389
1783366500,1.143985,1.144015,1.144105,1.143985
1783366800,1.14402,1.14397,1.144025,1.143915
1783367100,1.143965,1.14407,1.144085,1.143965
1783367400,1.14406,1.144155,1.144195,1.14406
1783367700,1.144155,1.144105,1.14418,1.144015
1783368000,1.14411,1.144195,1.144205,1.144065
1783368300,1.144185,1.14414,1.144185,1.144075
1783368600,1.144135,1.144045,1.14419,1.144035
1783368900,1.144045,1.144065,1.14409,1.143965
1783369200,1.144065,1.144115,1.14415,1.14403
1783369500,1.14411,1.144175,1.144205,1.14409
1783369800,1.14417,1.14414,1.14418,1.144135
1783370100,1.144145,1.144035,1.144145,1.143985
1783370400,1.14404,1.144035,1.14405,1.14399
1783370700,1.144035,1.144025,1.144035,1.143975
1783371000,1.14403,1.14408,1.144095,1.14399
1783371300,1.14407,1.14415,1.144195,1.144055
1783371600,1.144165,1.144235,1.14424,1.144105
1783371900,1.14424,1.144215,1.14425,1.144195
1783372200,1.14423,1.144175,1.14424,1.144175
1783372500,1.144175,1.14417,1.144175,1.1441
1783372800,1.14417,1.14421,1.14422,1.14417
1783373100,1.144215,1.144225,1.14423,1.144185
1783373400,1.14422,1.144225,1.144225,1.14417
1783373700,1.144225,1.144195,1.144225,1.14416
1783374000,1.144195,1.144175,1.144295,1.14413
1783374300,1.144175,1.14432,1.144345,1.14414
1783374600,1.14429,1.14437,1.14442,1.144245
1783374900,1.14439,1.144565,1.144635,1.144365
1783375200,1.144595,1.14431,1.144625,1.14428
1783375500,1.14431,1.144265,1.14434,1.14424
1783375800,1.144265,1.1444,1.14441,1.14426
1783376100,1.144405,1.14437,1.144405,1.144335
1783376400,1.14437,1.14433,1.144385,1.14432
1783376700,1.14433,1.144325,1.144335,1.144315
1783377000,1.144325,1.144425,1.14443,1.144305
1783377300,1.14442,1.14437,1.14442,1.144345
1783377600,1.144365,1.144325,1.14437,1.14432
1783377900,1.144325,1.14437,1.144385,1.144325
1783378200,1.14437,1.144395,1.14441,1.144365
1783378500,1.144395,1.14451,1.144525,1.144395
1783378800,1.144515,1.144685,1.14481,1.144515
1783379100,1.144685,1.144595,1.144685,1.144555
1783379400,1.144595,1.144555,1.144595,1.144485
1783379700,1.144555,1.14462,1.144635,1.144545
1783380000,1.14462,1.14461,1.14469,1.14461
1783380300,1.144615,1.144415,1.14462,1.144415
1783380600,1.14442,1.144495,1.144505,1.14441
1783380900,1.144505,1.144395,1.144505,1.14439
1783381200,1.144395,1.144455,1.14447,1.14436
1783381500,1.14445,1.14445,1.144465,1.144395
1783381800,1.14445,1.14423,1.14445,1.144185
1783382100,1.144235,1.14415,1.14427,1.144125
1783382400,1.14414,1.14419,1.144245,1.14407
1783382700,1.144195,1.144145,1.144245,1.144095
1783383000,1.144145,1.144115,1.144215,1.144025
1783383300,1.144115,1.144015,1.144115,1.143945
1783383600,1.144015,1.143975,1.14404,1.143925
1783383900,1.143975,1.14387,1.144045,1.14382
1783384200,1.143875,1.14397,1.14403,1.143865
1783384500,1.143965,1.143825,1.144025,1.143815
1783384800,1.14382,1.14395,1.14397,1.14381
1783385100,1.14394,1.144,1.14403,1.14392
1783385400,1.144,1.144125,1.144215,1.143965
1783385700,1.14413,1.143855,1.144155,1.143845
1783386000,1.143855,1.14391,1.143985,1.143835
1783386300,1.14391,1.14393,1.14398,1.14385
1783386600,1.14393,1.14395,1.144005,1.14386
1783386900,1.143965,1.14394,1.144015,1.143855
1783387200,1.143935,1.14375,1.143935,1.143745
1783387500,1.143755,1.14395,1.14396,1.143705
1783387800,1.143955,1.144465,1.144665,1.14395
1783388100,1.144475,1.144175,1.14452,1.144165
1783388400,1.14418,1.143965,1.144255,1.143945
1783388700,1.143965,1.14427,1.144365,1.143965
1783389000,1.14427,1.144665,1.1447,1.14422
1783389300,1.14466,1.144405,1.144745,1.1443
1783389600,1.144405,1.14451,1.144615,1.144385
1783389900,1.144505,1.144335,1.14451,1.144275
1783390200,1.14433,1.144305,1.144385,1.144255
1783390500,1.144315,1.14432,1.14437,1.144225
1783390800,1.14432,1.144315,1.144385,1.14422
1783391100,1.14432,1.14417,1.144335,1.14417
1783391400,1.14417,1.14423,1.14423,1.144065
1783391700,1.14423,1.144275,1.144365,1.14423
1783392000,1.14428,1.144125,1.144355,1.1441
1783392300,1.144125,1.14409,1.14414,1.144065
1783392600,1.14409,1.14411,1.144125,1.14406
1783392900,1.144095,1.14396,1.144145,1.143955
1783393200,1.14397,1.144085,1.14412,1.14393
1783393500,1.144085,1.144125,1.144205,1.144085
1783393800,1.144125,1.14406,1.144135,1.14405
1783394100,1.14406,1.144175,1.144205,1.144045
1783394400,1.14418,1.144195,1.144275,1.144165
1783394700,1.144205,1.14395,1.144215,1.143945
1783395000,1.143945,1.143975,1.144,1.14386
1783395300,1.143975,1.14385,1.144015,1.14382
1783395600,1.14384,1.14376,1.143865,1.14369
1783395900,1.143765,1.14369,1.143815,1.14367
1783396200,1.143685,1.14371,1.143735,1.14363
1783396500,1.14371,1.14369,1.14371,1.143615
1783396800,1.143695,1.14378,1.143785,1.14365
1783397100,1.14378,1.14384,1.14387,1.14377
1783397400,1.143845,1.143765,1.143875,1.143765
1783397700,1.14376,1.143775,1.14384,1.14375
1783398000,1.143775,1.143835,1.143855,1.14369
1783398300,1.143835,1.14371,1.143835,1.14364
1783398600,1.14371,1.143745,1.143855,1.143665
1783398900,1.143745,1.143825,1.143825,1.14372
1783399200,1.143825,1.1438,1.14394,1.14377
1783399500,1.1438,1.143785,1.14386,1.143755
1783399800,1.143785,1.14374,1.14392,1.143735
1783400100,1.143745,1.14356,1.14375,1.143555
1783400400,1.14357,1.143675,1.143745,1.143495
1783400700,1.143675,1.14367,1.143735,1.143565
1783401000,1.143665,1.143425,1.143665,1.1434
1783401300,1.143425,1.14323,1.14349,1.14321
1783401600,1.14322,1.143135,1.14323,1.143005
1783401900,1.14313,1.143075,1.14313,1.143015
1783402200,1.143075,1.14327,1.143315,1.143055
1783402500,1.143265,1.143185,1.14333,1.143155
1783402800,1.143185,1.142915,1.14326,1.14289
1783403100,1.14292,1.142915,1.142955,1.142815
1783403400,1.142915,1.14313,1.14313,1.14285
1783403700,1.14312,1.143195,1.143195,1.143045
1783404000,1.143195,1.143065,1.143235,1.143015
1783404300,1.143065,1.142745,1.143085,1.14271
1783404600,1.142755,1.142715,1.142765,1.14253
1783404900,1.142725,1.14296,1.14306,1.14269
1783405200,1.142965,1.142935,1.142995,1.142815
1783405500,1.142945,1.142775,1.142985,1.142765
1783405800,1.142775,1.143035,1.143125,1.142775
1783406100,1.14302,1.143045,1.143095,1.14295
1783406400,1.14304,1.142945,1.14305,1.142885
1783406700,1.142935,1.143015,1.14302,1.142865
1783407000,1.143025,1.142855,1.14314,1.142855
1783407300,1.142855,1.14299,1.14299,1.142775
1783407600,1.143005,1.142805,1.143005,1.142605
1783407900,1.142795,1.142775,1.142905,1.142725
1783408200,1.142775,1.142855,1.14292,1.14276
1783408500,1.142865,1.143025,1.143085,1.142755
1783408800,1.14304,1.14269,1.14321,1.142665
1783409100,1.142695,1.14265,1.142845,1.142645
1783409400,1.142645,1.143025,1.143025,1.14259
1783409700,1.14302,1.14279,1.143025,1.14276
1783410000,1.142795,1.14276,1.14295,1.142745
1783410300,1.142765,1.142645,1.142785,1.142635
1783410600,1.142645,1.14262,1.14283,1.142615
1783410900,1.14262,1.14252,1.14268,1.142485
1783411200,1.142515,1.142705,1.142755,1.1425
1783411500,1.142705,1.14287,1.142875,1.142695
1783411800,1.142875,1.14314,1.143235,1.142855
1783412100,1.143135,1.142905,1.143215,1.14285
1783412400,1.142915,1.14329,1.143405,1.142825
1783412700,1.143295,1.14325,1.143375,1.143205
1783413000,1.143265,1.143475,1.14357,1.14325
1783413300,1.14347,1.143475,1.14357,1.14325
1783413600,1.14348,1.143095,1.143585,1.143095
1783413900,1.143095,1.143165,1.143355,1.143035
1783414200,1.14316,1.142795,1.14316,1.142755
1783414500,1.14279,1.142795,1.14287,1.142695
1783414800,1.142795,1.142805,1.142865,1.14265
1783415100,1.142805,1.142785,1.1429,1.142745
1783415400,1.142795,1.142695,1.14288,1.14266
1783415700,1.142705,1.142745,1.142925,1.1427
1783416000,1.142745,1.142645,1.14276,1.14255
1783416300,1.142645,1.142755,1.14283,1.14258
1783416600,1.142755,1.142755,1.142775,1.142615
1783416900,1.142745,1.142845,1.142855,1.14271
1783417200,1.14285,1.142845,1.14302,1.1428
1783417500,1.142845,1.142555,1.142955,1.142555
1783417800,1.14256,1.14265,1.14266,1.142475
1783418100,1.142645,1.14251,1.14267,1.14249
1783418400,1.1425,1.14242,1.142635,1.142345
1783418700,1.14242,1.142825,1.14284,1.142355
1783419000,1.14282,1.142885,1.14289,1.142655
1783419300,1.142885,1.14294,1.143025,1.142845
1783419600,1.142935,1.14295,1.14296,1.14286
1783419900,1.142945,1.14301,1.14305,1.142895
1783420200,1.143,1.14296,1.14313,1.14294
1783420500,1.142965,1.14315,1.143155,1.14291
1783420800,1.143155,1.143005,1.143185,1.143005
1783421100,1.143005,1.142945,1.14303,1.142915
1783421400,1.14294,1.143265,1.143265,1.142905
1783421700,1.14326,1.14338,1.14342,1.143235
1783422000,1.143385,1.14336,1.1434,1.143155
1783422300,1.143365,1.143265,1.14343,1.143205
1783422600,1.143265,1.143305,1.14344,1.143265
1783422900,1.1433,1.143595,1.143645,1.143295
1783423200,1.143595,1.14361,1.143925,1.14354
1783423500,1.1436,1.14371,1.14377,1.14354
1783423800,1.143705,1.1436,1.143705,1.143475
1783424100,1.1436,1.143615,1.14371,1.143505
1783424400,1.14361,1.14326,1.14361,1.143235
1783424700,1.14327,1.14319,1.14331,1.14316
1783425000,1.14319,1.142705,1.143355,1.142535
1783425300,1.14269,1.14324,1.14347,1.14264
1783425600,1.143245,1.14345,1.14346,1.1432
1783425900,1.14345,1.1433,1.143465,1.14326
1783426200,1.14331,1.14339,1.143465,1.14309
1783426500,1.143395,1.143345,1.143465,1.14313
1783426800,1.14333,1.143595,1.143855,1.14329
1783427100,1.14359,1.14407,1.144195,1.14359
1783427400,1.144075,1.144065,1.14423,1.144005
1783427700,1.14407,1.143855,1.14408,1.143825
1783428000,1.14386,1.143615,1.143875,1.143555
1783428300,1.14361,1.14371,1.14382,1.143605
1783428600,1.143715,1.143555,1.14372,1.14349
1783428900,1.14355,1.14366,1.143675,1.14345
1783429200,1.14367,1.14325,1.14367,1.143235
1783429500,1.143245,1.14321,1.14329,1.14305
1783429800,1.14322,1.14335,1.14347,1.14309
1783430100,1.143345,1.14347,1.143775,1.143345
1783430400,1.143475,1.14344,1.143655,1.143385
1783430700,1.143435,1.143515,1.14366,1.143275
1783431000,1.14351,1.14365,1.14394,1.1435
1783431300,1.143645,1.143895,1.144075,1.1436
1783431600,1.14389,1.144005,1.14412,1.143795
1783431900,1.14401,1.143915,1.14402,1.143755
1783432200,1.14391,1.143955,1.144195,1.14386
1783432500,1.14396,1.143635,1.144,1.143435
1783432800,1.14363,1.14283,1.143795,1.14276
1783433100,1.142835,1.14254,1.14299,1.1425
1783433400,1.142545,1.14265,1.14271,1.14237
1783433700,1.142655,1.14295,1.14296,1.142525
1783434000,1.14296,1.14286,1.143155,1.14278
1783434300,1.142855,1.143,1.143025,1.14258
1783434600,1.143005,1.143065,1.14312,1.142795
1783434900,1.14306,1.143215,1.143225,1.142885
1783435200,1.14322,1.14327,1.143345,1.14314
1783435500,1.143265,1.143495,1.143515,1.143265
1783435800,1.143495,1.143565,1.14372,1.14344
1783436100,1.14356,1.143305,1.14356,1.143165
1783436400,1.14331,1.14326,1.14337,1.143195
1783436700,1.143265,1.14324,1.143495,1.14317
1783437000,1.143245,1.143015,1.143275,1.14287
1783437300,1.14301,1.14269,1.14303,1.142545
1783437600,1.142695,1.142725,1.14287,1.142615
1783437900,1.142735,1.142845,1.14287,1.14261
1783438200,1.14285,1.142745,1.1429,1.142605
1783438500,1.14275,1.14274,1.142815,1.142655
1783438800,1.14274,1.14258,1.14283,1.142575
1783439100,1.14257,1.142475,1.14268,1.14246
1783439400,1.14248,1.14239,1.14267,1.14239
1783439700,1.142385,1.14229,1.14247,1.14222
1783440000,1.142295,1.142355,1.14259,1.142295
1783440300,1.14236,1.142455,1.142455,1.142155
1783440600,1.14246,1.142255,1.142475,1.142215
1783440900,1.14226,1.14192,1.14229,1.14188
1783441200,1.141925,1.1419,1.14194,1.141805
1783441500,1.1419,1.14186,1.14195,1.141825
1783441800,1.141865,1.14201,1.142165,1.14185
1783442100,1.142005,1.14206,1.142075,1.14188
1783442400,1.142045,1.142025,1.142075,1.141965
1783442700,1.142025,1.14225,1.14225,1.14201
1783443000,1.142255,1.14212,1.14235,1.142115
1783443300,1.142115,1.142345,1.142375,1.141985
1783443600,1.14234,1.142485,1.14253,1.14229
1783443900,1.14248,1.142525,1.142625,1.14248
1783444200,1.14252,1.14233,1.14252,1.142245
1783444500,1.142325,1.14242,1.142425,1.142225
1783444800,1.14242,1.142515,1.142545,1.14242
1783445100,1.14252,1.142405,1.14253,1.14234
1783445400,1.1424,1.14237,1.142485,1.142325
1783445700,1.142375,1.142485,1.14253,1.14235
1783446000,1.142485,1.14261,1.142655,1.14246
1783446300,1.142605,1.142615,1.142685,1.142535
1783446600,1.142615,1.14275,1.142775,1.14261
1783446900,1.142745,1.14282,1.14294,1.142745
1783447200,1.142825,1.142775,1.142855,1.142615
1783447500,1.14277,1.14284,1.14287,1.14266
1783447800,1.142845,1.14271,1.14288,1.142555
1783448100,1.14272,1.14273,1.14274,1.142665
1783448400,1.14273,1.14291,1.142995,1.14272
1783448700,1.142905,1.14277,1.14299,1.14277
1783449000,1.14278,1.142765,1.1428,1.14259
1783449300,1.14277,1.14278,1.142885,1.14277
1783449600,1.142785,1.142795,1.1428,1.142665
1783449900,1.14279,1.14259,1.14288,1.142295
1783450200,1.142585,1.14188,1.142645,1.141735
1783450500,1.14189,1.141855,1.14214,1.141755
1783450800,1.14185,1.14172,1.141945,1.14144
1783451100,1.141715,1.141505,1.14172,1.14135
1783451400,1.1415,1.14118,1.14153,1.14115
1783451700,1.14117,1.141165,1.141175,1.14081
1783452000,1.141165,1.14126,1.141315,1.14108
1783452300,1.141255,1.141245,1.141385,1.14114
1783452600,1.14124,1.14161,1.141645,1.14124
1783452900,1.14161,1.141535,1.14167,1.141465
1783453200,1.141535,1.141545,1.141645,1.14146
1783453500,1.14155,1.141505,1.141595,1.141385
1783453800,1.141515,1.141565,1.14161,1.14146
1783454100,1.14157,1.141675,1.141715,1.14155
1783454400,1.14167,1.141665,1.14173,1.141505
1783454700,1.141665,1.14148,1.141715,1.14147
1783455000,1.14148,1.141415,1.14154,1.141405
1783455300,1.141405,1.141365,1.141415,1.141235
1783455600,1.141365,1.141455,1.14147,1.14136
1783455900,1.141445,1.141395,1.14149,1.14135
1783456200,1.14139,1.141195,1.141395,1.14119
1783456500,1.141195,1.14116,1.141255,1.1411
1783456800,1.141155,1.141195,1.141205,1.141145
1783457100,1.14119,1.14115,1.141195,1.141085
1783457400,1.141155,1.14111,1.141215,1.141105
1783457700,1.141115,1.141225,1.141275,1.141045
1783458000,1.14123,1.141375,1.141525,1.14094
1783458300,1.141415,1.14139,1.141585,1.14124
1783458600,1.14139,1.14087,1.141475,1.14087
1783458900,1.14088,1.14072,1.14097,1.140665
1783459200,1.14072,1.14066,1.14076,1.14062
1783459500,1.14068,1.14075,1.140835,1.140655
1783459800,1.14075,1.140295,1.14075,1.14024
1783460100,1.140295,1.140695,1.14073,1.14024
1783460400,1.1407,1.140775,1.140775,1.14064
1783460700,1.140755,1.140355,1.14087,1.140345
1783461000,1.140355,1.14053,1.140555,1.14034
1783461300,1.14053,1.140735,1.140925,1.1405
1783461600,1.140675,1.14077,1.14088,1.14063
1783461900,1.140765,1.140615,1.140775,1.1406
1783462200,1.140615,1.14059,1.14066,1.140565
1783462500,1.140595,1.140615,1.140655,1.140565
1783462800,1.14062,1.140645,1.140685,1.140595
1783463100,1.140635,1.140525,1.140685,1.140495
1783463400,1.14052,1.140485,1.140555,1.140485
1783463700,1.140485,1.140455,1.140545,1.14031
1783464000,1.140455,1.140495,1.14055,1.140435
1783464300,1.140495,1.140505,1.140525,1.14043
1783464600,1.140505,1.14071,1.140715,1.1405
1783464900,1.14071,1.140705,1.14072,1.1407
1783465200,1.1407,1.14074,1.14084,1.140545
1783465500,1.140735,1.14059,1.140745,1.14059
1783465800,1.14059,1.140395,1.14062,1.140385
1783466100,1.140395,1.140575,1.140645,1.140345
1783466400,1.140575,1.14054,1.140585,1.140485
1783466700,1.140535,1.140495,1.140575,1.14049
1783467000,1.140495,1.140555,1.140585,1.14046
1783467300,1.14055,1.14048,1.14056,1.140435
1783467600,1.14048,1.140415,1.14051,1.140415
1783467900,1.140415,1.14025,1.14044,1.140225
1783468200,1.140245,1.140245,1.14029,1.14021
1783468500,1.14024,1.140155,1.140245,1.14001
1783468800,1.140155,1.140235,1.14024,1.14001
1783469100,1.14023,1.14051,1.140535,1.140185
1783469400,1.140505,1.140555,1.140645,1.14043
1783469700,1.140555,1.14044,1.140625,1.140325
1783470000,1.14046,1.140605,1.14064,1.1403
1783470300,1.140605,1.140715,1.14084,1.14056
1783470600,1.140715,1.14098,1.141045,1.14068
1783470900,1.140985,1.141155,1.141155,1.140915
1783471200,1.141155,1.141015,1.141155,1.14098
1783471500,1.14101,1.141015,1.141115,1.14099
1783471800,1.141015,1.140895,1.1411,1.14085
1783472100,1.140905,1.140795,1.14093,1.140705
1783472400,1.140805,1.140775,1.14094,1.14073
1783472700,1.14078,1.140605,1.14081,1.14056
1783473000,1.140605,1.140765,1.140805,1.140605
1783473300,1.140765,1.140555,1.14079,1.140545
1783473600,1.140555,1.14049,1.140625,1.14043
1783473900,1.140495,1.140415,1.14053,1.140405
1783474200,1.14041,1.14028,1.140435,1.14028
1783474500,1.140285,1.14009,1.14031,1.14007
1783474800,1.140085,1.13998,1.140175,1.13985
1783475100,1.13998,1.14044,1.140455,1.13998
1783475400,1.140445,1.14037,1.14061,1.140245
1783475700,1.140375,1.140545,1.140625,1.140365
1783476000,1.140545,1.140495,1.140755,1.14048
1783476300,1.14049,1.140605,1.14071,1.14048
1783476600,1.140605,1.14059,1.14065,1.140495
1783476900,1.14059,1.140795,1.14087,1.14059
1783477200,1.140795,1.14107,1.141185,1.14074
1783477500,1.14106,1.141085,1.1412,1.141005
1783477800,1.141085,1.141055,1.141115,1.140875
1783478100,1.14106,1.141205,1.141255,1.141045
1783478400,1.1412,1.141215,1.141245,1.141155
1783478700,1.141215,1.14112,1.14126,1.14111
1783479000,1.14111,1.141145,1.141255,1.141085
1783479300,1.141145,1.141125,1.141195,1.141065
1783479600,1.14113,1.141345,1.14141,1.14113
1783479900,1.14135,1.141315,1.141395,1.141255
1783480200,1.14131,1.141585,1.14159,1.141275
1783480500,1.14159,1.14149,1.141605,1.141455
1783480800,1.14149,1.141535,1.141655,1.14141
1783481100,1.14154,1.141535,1.14159,1.141485
1783481400,1.141535,1.14144,1.141545,1.141365
1783481700,1.14144,1.141395,1.141465,1.141395
1783482000,1.141395,1.141495,1.141515,1.141345
1783482300,1.141495,1.14153,1.14155,1.14146
1783482600,1.141525,1.141405,1.14155,1.141375
1783482900,1.14141,1.141445,1.141445,1.141335
1783483200,1.141455,1.141255,1.141455,1.141245
1783483500,1.141255,1.1413,1.141355,1.14113
1783483800,1.1413,1.14121,1.141335,1.141205
1783484100,1.141205,1.141215,1.141305,1.14119
1783484400,1.141215,1.141245,1.141265,1.141095
1783484700,1.141245,1.141355,1.14137,1.14124
1783485000,1.14135,1.14137,1.141425,1.141295
1783485300,1.141375,1.14151,1.141585,1.141365
1783485600,1.14151,1.14144,1.141555,1.141405
1783485900,1.14144,1.14134,1.14156,1.14134
1783486200,1.14135,1.141435,1.14151,1.14133
1783486500,1.14144,1.141445,1.14147,1.141355
1783486800,1.14145,1.14177,1.14177,1.141385
1783487100,1.141765,1.1418,1.14188,1.141765
1783487400,1.14179,1.141465,1.141795,1.141435
1783487700,1.141455,1.141495,1.14162,1.141445
1783488000,1.1415,1.141275,1.14154,1.141255
1783488300,1.14128,1.141355,1.14142,1.14125
1783488600,1.141355,1.141645,1.14167,1.14133
1783488900,1.141645,1.141745,1.141755,1.141615
1783489200,1.141755,1.141975,1.14208,1.141685
1783489500,1.141975,1.141865,1.142045,1.141805
1783489800,1.141855,1.141875,1.14189,1.14168
1783490100,1.141875,1.141955,1.14205,1.141865
1783490400,1.14195,1.141795,1.14235,1.141795
1783490700,1.1418,1.141955,1.142035,1.141785
1783491000,1.141955,1.14178,1.141955,1.14172
1783491300,1.14178,1.142145,1.14218,1.141775
1783491600,1.14214,1.14223,1.142305,1.14192
1783491900,1.142235,1.14221,1.142305,1.142
1783492200,1.142215,1.142145,1.142315,1.14212
1783492500,1.14214,1.142355,1.142405,1.14197
1783492800,1.142345,1.142155,1.142405,1.14206
1783493100,1.14215,1.141945,1.142205,1.141885
1783493400,1.141935,1.142145,1.142205,1.141795
1783493700,1.14214,1.14225,1.1423,1.14209
1783494000,1.142265,1.14223,1.142295,1.14205
1783494300,1.14222,1.14203,1.14224,1.141805
1783494600,1.142035,1.14194,1.14227,1.141885
1783494900,1.141945,1.142195,1.142195,1.141695
1783495200,1.142195,1.142495,1.142665,1.142045
1783495500,1.14249,1.142795,1.14285,1.142345
1783495800,1.14279,1.142895,1.143165,1.14274
1783496100,1.1429,1.142705,1.143065,1.14265
1783496400,1.14272,1.14292,1.142975,1.142685
1783496700,1.142915,1.142885,1.14306,1.142765
1783497000,1.142885,1.142725,1.14289,1.142685
1783497300,1.142715,1.142565,1.14291,1.14255
1783497600,1.14256,1.142745,1.14277,1.142435
1783497900,1.14274,1.14259,1.142745,1.142445
1783498200,1.142585,1.14226,1.142595,1.142245
1783498500,1.142255,1.14076,1.14257,1.14005
1783498800,1.140755,1.140715,1.14119,1.14051
1783499100,1.140725,1.14143,1.14154,1.14065
1783499400,1.141425,1.141335,1.14169,1.141105
1783499700,1.14133,1.140965,1.14138,1.140705
1783500000,1.14095,1.141015,1.141175,1.140505
1783500300,1.141015,1.141635,1.141865,1.141015
1783500600,1.14163,1.14116,1.141655,1.14115
1783500900,1.141165,1.141035,1.141505,1.140865
1783501200,1.141025,1.140975,1.141135,1.140535
1783501500,1.14097,1.14023,1.14097,1.14015
1783501800,1.140225,1.13965,1.14031,1.139615
1783502100,1.139645,1.140515,1.14072,1.13962
1783502400,1.14051,1.14042,1.14072,1.140295
1783502700,1.140415,1.14056,1.14062,1.140075
1783503000,1.14057,1.141155,1.141165,1.14046
1783503300,1.141145,1.141075,1.14116,1.140705
1783503600,1.141065,1.141035,1.141095,1.140755
1783503900,1.14103,1.141045,1.141115,1.140875
1783504200,1.141045,1.140975,1.141085,1.140745
1783504500,1.14098,1.14044,1.141025,1.140395
1783504800,1.140445,1.140595,1.14077,1.140435
1783505100,1.140595,1.14019,1.140645,1.14018
1783505400,1.140195,1.14032,1.14052,1.14012
1783505700,1.140315,1.14072,1.14072,1.1402
1783506000,1.14073,1.141155,1.141205,1.1407
1783506300,1.14114,1.141135,1.141185,1.14101
1783506600,1.14114,1.141315,1.141375,1.141035
1783506900,1.141315,1.141315,1.14137,1.141145
1783507200,1.14131,1.141335,1.14148,1.141165
1783507500,1.141335,1.141165,1.141355,1.14099
1783507800,1.141155,1.141015,1.14117,1.140855
1783508100,1.141015,1.140855,1.141025,1.1408
1783508400,1.14083,1.140605,1.140895,1.140485
1783508700,1.140615,1.14071,1.140815,1.140565
1783509000,1.14071,1.140665,1.140815,1.140605
1783509300,1.140665,1.140865,1.140975,1.140665
1783509600,1.14087,1.140775,1.14087,1.14058
1783509900,1.14077,1.140635,1.140775,1.140575
1783510200,1.14064,1.14031,1.140665,1.14029
1783510500,1.14031,1.13946,1.14037,1.13944
1783510800,1.139465,1.14043,1.140735,1.13932
1783511100,1.140435,1.14005,1.14045,1.13999
1783511400,1.14004,1.13994,1.140055,1.13969
1783511700,1.13993,1.139825,1.139975,1.1397
1783512000,1.13982,1.14036,1.140385,1.13975
1783512300,1.140365,1.14033,1.14055,1.14027
1783512600,1.140325,1.14024,1.14038,1.140135
1783512900,1.140245,1.140485,1.140685,1.14024
1783513200,1.14048,1.140385,1.140525,1.140325
1783513500,1.14039,1.140495,1.14056,1.14032
1783513800,1.1405,1.140415,1.140645,1.140315
1783514100,1.14042,1.14051,1.140535,1.1403
1783514400,1.140505,1.14047,1.14056,1.14037
1783514700,1.140475,1.14057,1.14065,1.140435
1783515000,1.140565,1.140575,1.14071,1.140455
1783515300,1.14058,1.139625,1.140665,1.139555
1783515600,1.13962,1.139895,1.140005,1.139575
1783515900,1.1399,1.140175,1.140175,1.13974
1783516200,1.14018,1.14008,1.140375,1.139985
1783516500,1.140075,1.13999,1.140105,1.139725
1783516800,1.139985,1.140055,1.14017,1.13992
1783517100,1.14005,1.140325,1.14063,1.13996
1783517400,1.14034,1.141135,1.141185,1.14034
1783517700,1.14113,1.14108,1.141215,1.140935
1783518000,1.141075,1.14115,1.141225,1.140755
1783518300,1.141145,1.14127,1.141385,1.14103
1783518600,1.141275,1.140935,1.141355,1.14087
1783518900,1.14094,1.140995,1.14108,1.140775
1783519200,1.14099,1.14107,1.141335,1.140865
1783519500,1.141075,1.1409,1.141135,1.140715
1783519800,1.140895,1.14062,1.14097,1.14058
1783520100,1.140625,1.14086,1.140945,1.140585
1783520400,1.14086,1.141045,1.14123,1.140835
1783520700,1.14105,1.140835,1.141085,1.14074
1783521000,1.14083,1.14047,1.140855,1.14042
1783521300,1.140475,1.1406,1.140675,1.14044
1783521600,1.140595,1.140595,1.140845,1.140575
1783521900,1.14059,1.14053,1.14073,1.140465
1783522200,1.140525,1.14059,1.140845,1.1405
1783522500,1.140585,1.140745,1.1408,1.140335
1783522800,1.14075,1.14094,1.140955,1.14047
1783523100,1.14093,1.140835,1.14119,1.140825
1783523400,1.14084,1.140295,1.140845,1.14028
1783523700,1.1403,1.140115,1.140365,1.13992
1783524000,1.14012,1.140165,1.14033,1.13997
1783524300,1.14016,1.140055,1.140235,1.14
1783524600,1.14005,1.139735,1.14013,1.139545
1783524900,1.13974,1.13934,1.13993,1.13934
1783525200,1.139345,1.13928,1.13943,1.139125
1783525500,1.139285,1.139285,1.139405,1.139175
1783525800,1.13929,1.13955,1.13962,1.139225
1783526100,1.139555,1.139515,1.139705,1.13946
1783526400,1.13952,1.13966,1.1397,1.139485
1783526700,1.13966,1.13983,1.14012,1.13966
1783527000,1.139835,1.13973,1.13997,1.139725
1783527300,1.139725,1.14012,1.140135,1.139595
1783527600,1.140125,1.14014,1.14031,1.14007
1783527900,1.14014,1.140145,1.140255,1.14003
1783528200,1.14013,1.140545,1.14062,1.140085
1783528500,1.14054,1.14086,1.14093,1.1405
1783528800,1.140855,1.141195,1.14126,1.140765
1783529100,1.1412,1.141235,1.141365,1.14109
1783529400,1.14124,1.14137,1.14139,1.141055
1783529700,1.141365,1.14142,1.141485,1.14125
1783530000,1.141425,1.14149,1.141775,1.141425
1783530300,1.1415,1.14199,1.14216,1.141485
1783530600,1.14199,1.14213,1.14239,1.14193
1783530900,1.14212,1.142215,1.14227,1.14209
1783531200,1.14222,1.142315,1.14255,1.14222
1783531500,1.14231,1.142615,1.14267,1.1422
1783531800,1.14262,1.14262,1.14271,1.1425
1783532100,1.142615,1.1424,1.142615,1.14233
1783532400,1.142395,1.14216,1.142405,1.142145
1783532700,1.14217,1.142135,1.142265,1.142105
1783533000,1.14214,1.142095,1.142235,1.142025
1783533300,1.14209,1.14191,1.14209,1.14189
1783533600,1.141905,1.14216,1.142425,1.14164
1783533900,1.14216,1.142395,1.142425,1.14211
1783534200,1.14239,1.142785,1.142805,1.14233
1783534500,1.14279,1.142645,1.14288,1.142565
1783534800,1.14264,1.14279,1.14286,1.14259
1783535100,1.142795,1.142605,1.142795,1.142555
1783535400,1.1426,1.14253,1.14262,1.14238
1783535700,1.14253,1.14277,1.142775,1.142445
1783536000,1.14277,1.142865,1.14288,1.142685
1783536300,1.14287,1.14274,1.1429,1.142685
1783536600,1.14274,1.14269,1.142815,1.142585
1783536900,1.142685,1.142545,1.14272,1.142515
1783537200,1.14255,1.142735,1.142795,1.142545
1783537500,1.142735,1.14294,1.14295,1.142705
1783537800,1.14294,1.14287,1.142945,1.142765
1783538100,1.142865,1.142795,1.142905,1.14272
1783538400,1.1428,1.142875,1.142945,1.142795
1783538700,1.142875,1.14288,1.142945,1.142795
1783539000,1.14288,1.142785,1.14304,1.142785
1783539300,1.14279,1.14286,1.142945,1.142745
1783539600,1.14286,1.142745,1.142875,1.142695
1783539900,1.142745,1.14234,1.14275,1.14227
1783540200,1.14233,1.142655,1.142665,1.14229
1783540500,1.142655,1.142755,1.14291,1.142625
1783540800,1.14276,1.142585,1.14276,1.142555
1783541100,1.14258,1.14267,1.14279,1.14256
1783541400,1.142665,1.142455,1.142675,1.14243
1783541700,1.14245,1.142275,1.14249,1.14226
1783542000,1.142275,1.14224,1.14234,1.14224
1783542300,1.142235,1.142035,1.142235,1.142035
1783542600,1.142035,1.141905,1.142035,1.1419
1783542900,1.141905,1.141605,1.141905,1.14152
1783543200,1.14161,1.141635,1.14176,1.141605
1783543500,1.14165,1.14162,1.141725,1.14162
1783543800,1.141615,1.141685,1.141715,1.141605
1783544100,1.141695,1.141675,1.141725,1.141575
1783544400,1.14173,1.14188,1.142,1.14173
1783544700,1.14188,1.14205,1.14205,1.141855
1783545000,1.14205,1.142115,1.14221,1.141885
1783545300,1.142115,1.141925,1.14223,1.14172
1783545600,1.141925,1.142085,1.142085,1.14184
1783545900,1.142085,1.14207,1.142085,1.14196
1783546200,1.14207,1.14185,1.14207,1.141735
1783546500,1.14185,1.141705,1.141915,1.141595
1783546800,1.141705,1.141765,1.141815,1.141695
1783547100,1.141765,1.14174,1.141775,1.141675
1783547400,1.14174,1.14171,1.14182,1.14171
1783547700,1.14171,1.141815,1.141815,1.14171
1783548000,1.141805,1.14163,1.14183,1.14162
1783548300,1.14164,1.141675,1.14174,1.141625
1783548600,1.14168,1.1417,1.1418,1.14167
1783548900,1.141715,1.14172,1.14173,1.14168
1783549200,1.14172,1.141695,1.14173,1.141685
1783549500,1.141695,1.14169,1.141725,1.14168
1783549800,1.141685,1.141825,1.141835,1.141685
1783550100,1.14182,1.141845,1.14189,1.14179
1783550400,1.141845,1.141835,1.141885,1.141835
1783550700,1.141835,1.14183,1.14184,1.141795
1783551000,1.14183,1.141815,1.141845,1.141815
1783551300,1.14181,1.141915,1.141935,1.141795
1783551600,1.141915,1.14194,1.14197,1.141875
1783551900,1.14194,1.14182,1.14196,1.14179
1783552200,1.141825,1.14179,1.141825,1.141765
1783552500,1.141785,1.141775,1.14179,1.14173
1783552800,1.141775,1.141775,1.141825,1.14173
1783553100,1.141775,1.141845,1.141865,1.141775
1783553400,1.141845,1.141905,1.14192,1.14183
1783553700,1.141905,1.14194,1.142005,1.141875
1783554000,1.14194,1.14206,1.14208,1.141935
1783554300,1.142055,1.14209,1.14215,1.14204
1783554600,1.142095,1.142045,1.142095,1.14198
1783554900,1.142045,1.142135,1.142245,1.14204
1783555200,1.14213,1.142395,1.14242,1.14212
1783555500,1.142395,1.14254,1.14264,1.14239
1783555800,1.142545,1.14279,1.14289,1.14254
1783556100,1.142785,1.14262,1.142845,1.1426
1783556400,1.14262,1.142655,1.14274,1.14254
1783556700,1.142655,1.142765,1.142785,1.142655
1783557000,1.142765,1.14294,1.143025,1.14273
1783557300,1.14294,1.1429,1.142995,1.14289
1783557600,1.1429,1.142675,1.14295,1.142655
1783557900,1.142675,1.14262,1.1427,1.14255
1783558200,1.142625,1.142345,1.14264,1.1423
1783558500,1.14235,1.142575,1.142605,1.1423
1783558800,1.142585,1.142475,1.14274,1.142415
1783559100,1.142475,1.142555,1.14257,1.142365
1783559400,1.14256,1.142295,1.14256,1.142275
1783559700,1.142295,1.142395,1.142415,1.142285
1783560000,1.142395,1.14236,1.14247,1.142295
1783560300,1.142355,1.14219,1.142375,1.142155
1783560600,1.142195,1.142245,1.142265,1.142
1783560900,1.142245,1.142415,1.14254,1.142235
1783561200,1.142405,1.142345,1.14241,1.142295
1783561500,1.142345,1.142255,1.142345,1.142115
1783561800,1.142255,1.142225,1.14229,1.142165
1783562100,1.14223,1.142565,1.142625,1.14223
1783562400,1.142575,1.14268,1.14273,1.142555
1783562700,1.14268,1.14269,1.142835,1.142605
1783563000,1.142685,1.142735,1.142785,1.142595
1783563300,1.142735,1.14274,1.142835,1.14269
1783563600,1.142745,1.142685,1.142745,1.142665
1783563900,1.14269,1.142635,1.14273,1.142585
1783564200,1.142625,1.14247,1.14268,1.14247
1783564500,1.142465,1.14247,1.14257,1.14232
1783564800,1.14247,1.14247,1.142515,1.14238
1783565100,1.14247,1.142685,1.14273,1.14247
1783565400,1.14268,1.142535,1.142725,1.142495
1783565700,1.14254,1.142435,1.142585,1.14243
1783566000,1.14243,1.142525,1.142525,1.142405
1783566300,1.142525,1.142585,1.14261,1.142515
1783566600,1.142585,1.142555,1.1426,1.142475
1783566900,1.142555,1.142375,1.142555,1.142325
1783567200,1.142375,1.142425,1.142435,1.142285
1783567500,1.142425,1.14263,1.14268,1.14242
1783567800,1.142635,1.142835,1.14302,1.14263
1783568100,1.142835,1.142975,1.143035,1.14282
1783568400,1.14297,1.142805,1.143005,1.142735
1783568700,1.142805,1.14262,1.142805,1.1426
1783569000,1.142625,1.142835,1.14289,1.14261
1783569300,1.14283,1.142695,1.14285,1.14264
1783569600,1.142685,1.142615,1.142705,1.14255
1783569900,1.142615,1.14269,1.14274,1.142615
1783570200,1.14269,1.142655,1.142735,1.14257
1783570500,1.142655,1.142335,1.14266,1.142325
1783570800,1.14233,1.14252,1.142585,1.14232
1783571100,1.142525,1.14254,1.142595,1.142525
1783571400,1.142535,1.14265,1.1427,1.142535
1783571700,1.142645,1.142525,1.14267,1.142525
1783572000,1.142535,1.142565,1.142575,1.14251
1783572300,1.14256,1.14261,1.142625,1.14253
1783572600,1.14261,1.14271,1.14272,1.142595
1783572900,1.142705,1.142675,1.142725,1.142645
1783573200,1.142675,1.142685,1.142805,1.142645
1783573500,1.142685,1.1427,1.14276,1.14264
1783573800,1.142705,1.143205,1.143385,1.142695
1783574100,1.143195,1.14304,1.143305,1.14297
1783574400,1.143045,1.143025,1.143045,1.14291
1783574700,1.143025,1.143245,1.143265,1.143025
1783575000,1.14324,1.143325,1.143335,1.143085
1783575300,1.143325,1.143335,1.143345,1.143215
1783575600,1.14333,1.14317,1.143335,1.142995
1783575900,1.143165,1.14329,1.14329,1.143165
1783576200,1.14329,1.143275,1.14337,1.143205
1783576500,1.143275,1.14307,1.143275,1.143055
1783576800,1.143075,1.14359,1.143685,1.143075
1783577100,1.143585,1.143595,1.14363,1.14345
1783577400,1.143595,1.143435,1.14361,1.143345
1783577700,1.14343,1.143605,1.143685,1.14337
1783578000,1.14361,1.144415,1.14455,1.143565
1783578300,1.144415,1.144685,1.144765,1.144365
1783578600,1.14467,1.14489,1.144925,1.144535
1783578900,1.144895,1.14448,1.144905,1.14424
1783579200,1.144475,1.144555,1.144555,1.144165
1783579500,1.144555,1.14436,1.144595,1.14435
1783579800,1.14435,1.144085,1.14447,1.144085
1783580100,1.144085,1.1442,1.144235,1.143965
1783580400,1.14421,1.143865,1.14423,1.143845
1783580700,1.143855,1.143775,1.14387,1.143515
1783581000,1.143775,1.143695,1.143875,1.143585
1783581300,1.14369,1.14377,1.14392,1.143605
1783581600,1.143775,1.143735,1.14388,1.143625
1783581900,1.143725,1.143785,1.14386,1.14369
1783582200,1.143795,1.143585,1.143845,1.143535
1783582500,1.14357,1.143645,1.143725,1.14351
1783582800,1.143635,1.14356,1.143685,1.143465
1783583100,1.14356,1.143425,1.14356,1.14326
1783583400,1.14342,1.143435,1.14351,1.143315
1783583700,1.14343,1.143555,1.14359,1.143275
1783584000,1.14355,1.143495,1.14359,1.14336
1783584300,1.143505,1.14373,1.1438,1.143425
1783584600,1.143725,1.143575,1.143825,1.143385
1783584900,1.143565,1.14373,1.143755,1.143515
1783585200,1.14373,1.1436,1.143775,1.1435
1783585500,1.143605,1.143665,1.1437,1.143435
1783585800,1.143655,1.143435,1.143725,1.143375
1783586100,1.143435,1.14336,1.14357,1.143325
1783586400,1.143355,1.143225,1.14336,1.143115
1783586700,1.143225,1.142935,1.143275,1.142905
1783587000,1.142935,1.143045,1.143055,1.142845
1783587300,1.143045,1.142675,1.143065,1.142555
1783587600,1.142665,1.14278,1.14286,1.14265
1783587900,1.142775,1.142485,1.142795,1.142435
1783588200,1.14248,1.142595,1.142685,1.142375
1783588500,1.1426,1.142645,1.142755,1.142535
1783588800,1.142645,1.142615,1.142835,1.142605
1783589100,1.14262,1.142735,1.14281,1.14257
1783589400,1.14274,1.142555,1.142775,1.142505
1783589700,1.142555,1.142705,1.142745,1.14251
1783590000,1.142695,1.142635,1.14277,1.142415
1783590300,1.142635,1.142725,1.14276,1.14257
1783590600,1.142735,1.142955,1.142955,1.142735
1783590900,1.142945,1.14309,1.143155,1.14289
1783591200,1.143085,1.14291,1.14311,1.14282
1783591500,1.142905,1.142895,1.14295,1.14274
1783591800,1.142895,1.14292,1.142965,1.14281
1783592100,1.14292,1.142795,1.143015,1.142735
1783592400,1.1428,1.142705,1.142855,1.14269
1783592700,1.14271,1.142715,1.14275,1.142625
1783593000,1.14272,1.14294,1.14295,1.142665
1783593300,1.142935,1.14288,1.143175,1.14288
1783593600,1.14288,1.142745,1.1429,1.14269
1783593900,1.14274,1.142815,1.14284,1.142655
1783594200,1.142815,1.142385,1.142815,1.14212
1783594500,1.14238,1.142335,1.142385,1.14212
1783594800,1.142345,1.142345,1.142475,1.142205
1783595100,1.14234,1.142415,1.142425,1.142215
1783595400,1.142415,1.142595,1.142595,1.142355
1783595700,1.142585,1.1425,1.14265,1.142465
1783596000,1.1425,1.142415,1.14254,1.14236
1783596300,1.142415,1.142365,1.142515,1.142325
1783596600,1.142365,1.14257,1.14259,1.1422
1783596900,1.142565,1.142645,1.14266,1.14245
1783597200,1.14264,1.142585,1.14268,1.142575
1783597500,1.142585,1.142645,1.142745,1.14251
1783597800,1.142645,1.14298,1.142995,1.142485
1783598100,1.142975,1.142955,1.142995,1.142845
1783598400,1.14296,1.1432,1.143295,1.14296
1783598700,1.1432,1.143455,1.14353,1.143045
1783599000,1.143455,1.143395,1.1436,1.1433
1783599300,1.1434,1.14345,1.143515,1.14337
1783599600,1.143445,1.14321,1.14346,1.14315
1783599900,1.143215,1.143265,1.1433,1.143105
1783600200,1.143275,1.143285,1.143545,1.143185
1783600500,1.143295,1.14299,1.14331,1.14296
1783600800,1.142995,1.142845,1.14314,1.142685
1783601100,1.14284,1.142685,1.142845,1.142565
1783601400,1.14269,1.14254,1.142845,1.14248
1783601700,1.142545,1.14249,1.142765,1.142275
1783602000,1.142485,1.142615,1.14271,1.14238
1783602300,1.142615,1.142985,1.143055,1.14255
1783602600,1.14299,1.143045,1.143045,1.142795
1783602900,1.14305,1.143265,1.14367,1.14304
1783603200,1.143255,1.143285,1.143325,1.143095
1783603500,1.14329,1.143435,1.14356,1.143275
1783603800,1.143455,1.14328,1.143665,1.143155
1783604100,1.143285,1.14325,1.143425,1.143215
1783604400,1.143255,1.143485,1.143695,1.143215
1783604700,1.14349,1.143705,1.14376,1.143345
1783605000,1.14371,1.1436,1.14386,1.14357
1783605300,1.143605,1.14392,1.14393,1.14359
1783605600,1.143925,1.14458,1.144595,1.14392
1783605900,1.14458,1.144015,1.144585,1.14399
1783606200,1.14402,1.144095,1.144275,1.14399
1783606500,1.14409,1.14371,1.14409,1.143645
1783606800,1.143705,1.144045,1.1441,1.143685
1783607100,1.14404,1.14392,1.14405,1.14379
1783607400,1.1439,1.144165,1.144175,1.143585
1783607700,1.14418,1.143815,1.144295,1.143735
1783608000,1.143805,1.143655,1.143825,1.143585
1783608300,1.14366,1.143555,1.143695,1.143515
1783608600,1.143555,1.143345,1.14359,1.143295
1783608900,1.143335,1.143295,1.14343,1.143135
1783609200,1.143295,1.143105,1.143345,1.142915
1783609500,1.14311,1.143585,1.143595,1.14309
1783609800,1.14359,1.143145,1.14362,1.14307
1783610100,1.14315,1.143045,1.14333,1.14304
1783610400,1.14305,1.14311,1.14316,1.14293
1783610700,1.14312,1.143335,1.143455,1.143115
1783611000,1.143335,1.143225,1.143405,1.143095
1783611300,1.143235,1.143345,1.143345,1.14311
1783611600,1.143355,1.143745,1.143745,1.143325
1783611900,1.143745,1.143705,1.143885,1.14359
1783612200,1.143725,1.144015,1.144065,1.143725
1783612500,1.144015,1.143875,1.144025,1.14379
1783612800,1.14389,1.143995,1.144045,1.14388
1783613100,1.143995,1.14393,1.14402,1.143855
1783613400,1.14393,1.143955,1.144045,1.143735
1783613700,1.143955,1.143755,1.144135,1.143735
1783614000,1.14376,1.143635,1.143765,1.143585
1783614300,1.14363,1.14371,1.143825,1.143605
1783614600,1.143705,1.143515,1.143765,1.143515
1783614900,1.14352,1.14392,1.14399,1.143515
1783615200,1.14392,1.143975,1.14406,1.143815
1783615500,1.143975,1.143975,1.14408,1.143965
1783615800,1.143975,1.143875,1.144005,1.143855
1783616100,1.143875,1.143685,1.143895,1.14365
1783616400,1.14369,1.143655,1.1438,1.143595
1783616700,1.143665,1.14359,1.143745,1.14353
1783617000,1.143595,1.14364,1.143665,1.14341
1783617300,1.143645,1.143965,1.143975,1.14355
1783617600,1.143965,1.143965,1.144065,1.143905
1783617900,1.143965,1.14401,1.14404,1.143905
1783618200,1.144005,1.143845,1.14408,1.14381
1783618500,1.14385,1.143705,1.143915,1.143685
1783618800,1.143705,1.143695,1.143705,1.1436
1783619100,1.143695,1.143745,1.143805,1.14367
1783619400,1.143745,1.14371,1.143825,1.1437
1783619700,1.143715,1.14376,1.1438,1.143665
1783620000,1.143765,1.14361,1.14382,1.1436
1783620300,1.14361,1.143615,1.14371,1.14354
1783620600,1.143615,1.143515,1.143675,1.14347
1783620900,1.14352,1.14341,1.14359,1.14341
1783621200,1.14341,1.143295,1.143445,1.143265
1783621500,1.1433,1.14321,1.143365,1.14319
1783621800,1.143215,1.14325,1.14333,1.14318
1783622100,1.143245,1.143165,1.143275,1.143145
1783622400,1.143165,1.14331,1.14338,1.14316
1783622700,1.143305,1.14343,1.14344,1.143235
1783623000,1.143425,1.143335,1.143445,1.143225
1783623300,1.143335,1.143355,1.14342,1.143335
1783623600,1.143355,1.143245,1.143435,1.1432
1783623900,1.143245,1.143155,1.143305,1.14315
1783624200,1.143155,1.143155,1.143165,1.143075
1783624500,1.14315,1.143195,1.143235,1.143125
1783624800,1.143205,1.143015,1.14324,1.143015
1783625100,1.143015,1.14291,1.143025,1.142875
1783625400,1.142915,1.142725,1.14294,1.14272
1783625700,1.14273,1.14285,1.142925,1.142725
1783626000,1.14285,1.14274,1.14291,1.14274
1783626300,1.142735,1.142705,1.14276,1.14265
1783626600,1.142695,1.142665,1.14276,1.142655
1783626900,1.142665,1.142775,1.142855,1.14256
1783627200,1.142775,1.142805,1.142885,1.142735
1783627500,1.1428,1.14291,1.142915,1.14278
1783627800,1.142905,1.14296,1.142995,1.142865
1783628100,1.14296,1.14299,1.14301,1.14291
1783628400,1.142995,1.142965,1.143005,1.142955
1783628700,1.14296,1.142895,1.14302,1.142865
1783629000,1.142895,1.142975,1.14298,1.142895
1783629300,1.142965,1.14297,1.143005,1.142935
1783629600,1.142975,1.142975,1.142985,1.142965
1783629900,1.14297,1.142925,1.14297,1.142865
1783630200,1.14292,1.14294,1.14296,1.142855
1783630500,1.142935,1.143,1.14304,1.142925
1783630800,1.142995,1.143245,1.143245,1.142995
1783631100,1.143225,1.143175,1.143225,1.143105
1783631400,1.143175,1.14319,1.1432,1.143165
1783631700,1.143195,1.14304,1.143245,1.14304
1783632000,1.143045,1.14307,1.143235,1.143045
1783632300,1.14307,1.143125,1.14326,1.142965
1783632600,1.143055,1.14304,1.14311,1.142945
1783632900,1.14304,1.14317,1.14317,1.14294
1783633200,1.14317,1.143175,1.143175,1.14308
1783633500,1.14316,1.143135,1.14318,1.1429
1783633800,1.143145,1.14315,1.14315,1.14304
1783634100,1.143155,1.143055,1.14317,1.143
1783634400,1.14299,1.143075,1.143085,1.14293
1783634700,1.14308,1.143295,1.143365,1.14308
1783635000,1.143295,1.143295,1.143315,1.14327
1783635300,1.14329,1.143335,1.14334,1.14327
1783635600,1.143335,1.1433,1.143335,1.1433
1783635900,1.1433,1.143305,1.14331,1.143295
1783636200,1.143305,1.143305,1.143315,1.1433
1783636500,1.143305,1.14331,1.14332,1.14329
1783636800,1.14331,1.14331,1.14332,1.1433
1783637100,1.14331,1.14332,1.14334,1.1433
1783637400,1.14332,1.143345,1.143365,1.14332
1783637700,1.143345,1.14335,1.14336,1.143325
1783638000,1.14335,1.14336,1.14337,1.143325
1783638300,1.14336,1.14336,1.1434,1.14334
1783638600,1.14336,1.14339,1.14339,1.143355
1783638900,1.143385,1.143345,1.14339,1.14334
1783639200,1.143345,1.143205,1.143345,1.143195
1783639500,1.143205,1.1432,1.14321,1.143145
1783639800,1.1432,1.143195,1.14321,1.143185
1783640100,1.143195,1.143275,1.14331,1.143185
1783640400,1.143275,1.14331,1.14333,1.14326
1783640700,1.143315,1.1433,1.14336,1.14328
1783641000,1.1433,1.143255,1.14331,1.14321
1783641300,1.143255,1.14331,1.143315,1.14324
1783641600,1.143315,1.143335,1.14342,1.143205
1783641900,1.14334,1.143305,1.143415,1.143265
1783642200,1.143295,1.143205,1.143355,1.143175
1783642500,1.1432,1.143215,1.143295,1.143195
1783642800,1.143215,1.143125,1.143215,1.143085
1783643100,1.143125,1.14314,1.143155,1.143095
1783643400,1.14314,1.143065,1.143155,1.14304
1783643700,1.143065,1.14327,1.143285,1.143065
1783644000,1.14327,1.143505,1.143535,1.143255
1783644300,1.143495,1.143765,1.14378,1.143495
1783644600,1.143765,1.1439,1.14391,1.143655
1783644900,1.143905,1.144025,1.14421,1.143865
1783645200,1.144005,1.143965,1.144045,1.1438
1783645500,1.143965,1.14419,1.144275,1.14381
1783645800,1.144185,1.144465,1.144485,1.14416
1783646100,1.144475,1.144695,1.144725,1.14446
1783646400,1.144695,1.144305,1.144715,1.144225
1783646700,1.14431,1.14426,1.14435,1.14415
1783647000,1.14425,1.144455,1.144465,1.14421
1783647300,1.14446,1.144385,1.144575,1.144235
1783647600,1.144385,1.14433,1.1445,1.144265
1783647900,1.14434,1.144585,1.144605,1.144205
1783648200,1.144585,1.144695,1.14477,1.14449
1783648500,1.144695,1.14473,1.14499,1.144695
1783648800,1.144735,1.14486,1.1449,1.1447
1783649100,1.14486,1.145335,1.1455,1.14486
1783649400,1.14534,1.145565,1.145605,1.14531
1783649700,1.14557,1.145915,1.145995,1.145545
1783650000,1.145915,1.145735,1.14597,1.14562
1783650300,1.145725,1.145715,1.14594,1.145695
1783650600,1.145715,1.14569,1.145795,1.145615
1783650900,1.145685,1.14565,1.145705,1.14548
1783651200,1.14565,1.14586,1.14592,1.145625
1783651500,1.145865,1.145835,1.146,1.145735
1783651800,1.145835,1.14602,1.146075,1.145835
1783652100,1.146015,1.145825,1.146015,1.145815
1783652400,1.14583,1.145785,1.145935,1.145725
1783652700,1.14576,1.14585,1.145885,1.1457
1783653000,1.145855,1.145595,1.145855,1.14558
1783653300,1.1456,1.14557,1.145625,1.14553
1783653600,1.14557,1.14538,1.145575,1.145365
1783653900,1.14538,1.145565,1.14557,1.14538
1783654200,1.14556,1.14564,1.14568,1.14554
1783654500,1.14564,1.14548,1.14565,1.145365
1783654800,1.14548,1.14542,1.145485,1.145345
1783655100,1.145415,1.14514,1.145415,1.145135
1783655400,1.145145,1.14503,1.14528,1.14502
1783655700,1.145025,1.144945,1.145075,1.144745
1783656000,1.144935,1.14483,1.144935,1.14479
1783656300,1.144825,1.144765,1.14486,1.14472
1783656600,1.144765,1.14489,1.14491,1.144705
1783656900,1.14489,1.144685,1.1449,1.144645
1783657200,1.144685,1.14444,1.144695,1.144435
1783657500,1.14444,1.144585,1.14459,1.144425
1783657800,1.144585,1.144515,1.144585,1.14446
1783658100,1.144505,1.144455,1.144525,1.14441
1783658400,1.144455,1.14419,1.144455,1.144185
1783658700,1.14418,1.14412,1.144245,1.144085
1783659000,1.14411,1.14402,1.14414,1.144015
1783659300,1.144015,1.144285,1.144285,1.14396
1783659600,1.144285,1.144355,1.14437,1.144245
1783659900,1.144345,1.144235,1.14445,1.14423
1783660200,1.144225,1.14405,1.144245,1.144035
1783660500,1.14405,1.14395,1.144105,1.14395
1783660800,1.143945,1.143815,1.143955,1.14376
1783661100,1.143815,1.143805,1.14386,1.14374
1783661400,1.143805,1.14375,1.143815,1.14371
1783661700,1.14375,1.143655,1.14384,1.14365
1783662000,1.14366,1.143755,1.14379,1.14356
1783662300,1.143755,1.143965,1.14398,1.14375
1783662600,1.14396,1.143955,1.14413,1.143915
1783662900,1.14393,1.143975,1.144045,1.143875
1783663200,1.143975,1.144035,1.144095,1.143935
1783663500,1.144045,1.144155,1.144215,1.144005
1783663800,1.144155,1.144295,1.144425,1.144155
1783664100,1.1443,1.144595,1.144615,1.144045
1783664400,1.14459,1.144565,1.14475,1.144445
1783664700,1.144575,1.1442,1.14459,1.1442
1783665000,1.144195,1.144395,1.1444,1.14415
1783665300,1.14439,1.1445,1.14462,1.144385
1783665600,1.1445,1.144025,1.14451,1.14402
1783665900,1.14402,1.143935,1.14407,1.143905
1783666200,1.14393,1.14409,1.14418,1.14391
1783666500,1.14408,1.144205,1.14431,1.14405
1783666800,1.14421,1.143915,1.144245,1.143855
1783667100,1.14391,1.14387,1.14397,1.143815
1783667400,1.14387,1.143835,1.143995,1.14376
1783667700,1.14384,1.144165,1.144165,1.143735
1783668000,1.144165,1.144025,1.14423,1.143975
1783668300,1.14402,1.143965,1.144075,1.143765
1783668600,1.143945,1.14385,1.144105,1.14383
1783668900,1.143845,1.143825,1.14396,1.143735
1783669200,1.14381,1.14401,1.144125,1.14377
1783669500,1.144005,1.143975,1.14405,1.143675
1783669800,1.143975,1.14381,1.14416,1.14381
1783670100,1.143815,1.143725,1.14385,1.143645
1783670400,1.14372,1.144,1.14422,1.143525
1783670700,1.144005,1.14406,1.144225,1.14388
1783671000,1.14407,1.143715,1.14409,1.14369
1783671300,1.143705,1.143545,1.143705,1.1435
1783671600,1.14355,1.143325,1.143575,1.143315
1783671900,1.143325,1.143405,1.143495,1.143215
1783672200,1.14341,1.143505,1.143595,1.143405
1783672500,1.1435,1.143285,1.143535,1.143175
1783672800,1.143285,1.143525,1.143545,1.14317
1783673100,1.14353,1.143405,1.143535,1.143205
1783673400,1.143395,1.143175,1.143425,1.143055
1783673700,1.143165,1.143055,1.143355,1.143035
1783674000,1.14306,1.14342,1.143435,1.14304
1783674300,1.143415,1.14322,1.143415,1.1432
1783674600,1.143225,1.143325,1.143405,1.143125
1783674900,1.143325,1.14317,1.14338,1.143135
1783675200,1.143165,1.143235,1.143235,1.14308
1783675500,1.143245,1.14326,1.14335,1.143185
1783675800,1.143255,1.143065,1.143325,1.143065
1783676100,1.14307,1.143185,1.14322,1.14298
1783676400,1.14319,1.142955,1.14331,1.142945
1783676700,1.14296,1.142895,1.143075,1.142845
1783677000,1.1429,1.142835,1.14297,1.14267
1783677300,1.14284,1.142715,1.142955,1.14271
1783677600,1.14272,1.142815,1.14287,1.142675
1783677900,1.14282,1.142805,1.14292,1.142775
1783678200,1.142805,1.142885,1.142925,1.142765
1783678500,1.14288,1.143145,1.14315,1.142835
1783678800,1.143135,1.143315,1.143355,1.143105
1783679100,1.14332,1.14333,1.14337,1.143155
1783679400,1.143325,1.14311,1.14337,1.14307
1783679700,1.14311,1.14327,1.143385,1.143095
1783680000,1.143265,1.143185,1.14327,1.143035
1783680300,1.143195,1.143255,1.143325,1.14305
1783680600,1.143255,1.143495,1.14353,1.143235
1783680900,1.143495,1.14334,1.14355,1.143205
1783681200,1.143335,1.143445,1.14353,1.143285
1783681500,1.14344,1.143145,1.143455,1.1431
1783681800,1.143145,1.143055,1.143245,1.143035
1783682100,1.143055,1.143065,1.143095,1.142955
1783682400,1.143065,1.143145,1.143195,1.143055
1783682700,1.143145,1.143025,1.143145,1.14272
1783683000,1.143025,1.14291,1.143075,1.142825
1783683300,1.142905,1.142705,1.142945,1.14266
1783683600,1.142715,1.14296,1.14311,1.14268
1783683900,1.142955,1.143015,1.14303,1.1429
1783684200,1.143015,1.142955,1.1432,1.14295
1783684500,1.14295,1.143105,1.14315,1.142895
1783684800,1.143105,1.14274,1.143185,1.142665
1783685100,1.142745,1.143,1.143075,1.14271
1783685400,1.143,1.14354,1.1442,1.14293
1783685700,1.143545,1.14334,1.143645,1.14323
1783686000,1.143335,1.143115,1.143335,1.14301
1783686300,1.1431,1.142895,1.14314,1.14288
1783686600,1.14289,1.142575,1.143035,1.142545
1783686900,1.142595,1.142925,1.142945,1.14252
1783687200,1.14293,1.142615,1.142995,1.142525
1783687500,1.14261,1.142525,1.142675,1.142325
1783687800,1.142525,1.142525,1.14264,1.14237
1783688100,1.142525,1.142915,1.14295,1.1425
1783688400,1.142915,1.1423,1.142955,1.142285
1783688700,1.142295,1.142195,1.142445,1.141975
1783689000,1.14219,1.142215,1.14236,1.141985
1783689300,1.14222,1.1422,1.142255,1.141965
1783689600,1.142205,1.14205,1.142325,1.142035
1783689900,1.142045,1.14201,1.1422,1.14197
1783690200,1.14202,1.142065,1.14233,1.141965
1783690500,1.14206,1.142405,1.14245,1.14196
1783690800,1.1424,1.142585,1.14267,1.142305
1783691100,1.142585,1.142155,1.1426,1.142135
1783691400,1.142145,1.142195,1.14246,1.142115
1783691700,1.14221,1.142075,1.14221,1.141955
1783692000,1.142085,1.141855,1.142085,1.14167
1783692300,1.14185,1.14202,1.14205,1.141765
1783692600,1.142025,1.14236,1.14237,1.14192
1783692900,1.142365,1.14229,1.14237,1.142045
1783693200,1.1423,1.14244,1.1426,1.142235
1783693500,1.142435,1.142615,1.14267,1.142405
1783693800,1.14262,1.142,1.142835,1.141185
1783694100,1.142015,1.14206,1.1424,1.141775
1783694400,1.142065,1.142055,1.142275,1.14201
1783694700,1.14205,1.142165,1.14231,1.14196
1783695000,1.14217,1.14223,1.142255,1.142015
1783695300,1.142225,1.142235,1.142275,1.141845
1783695600,1.142225,1.14238,1.142495,1.142135
1783695900,1.142375,1.14267,1.14277,1.142295
1783696200,1.142675,1.142645,1.14288,1.142585
1783696500,1.142655,1.143145,1.14324,1.142655
1783696800,1.14315,1.143185,1.143475,1.143105
1783697100,1.143195,1.143315,1.1434,1.143115
1783697400,1.14332,1.143345,1.14339,1.143205
1783697700,1.14334,1.143485,1.14349,1.143175
1783698000,1.14348,1.143145,1.14348,1.143145
1783698300,1.143155,1.14332,1.143395,1.143155
1783698600,1.14333,1.143585,1.143595,1.143285
1783698900,1.143585,1.143775,1.1439,1.14354
1783699200,1.143775,1.14374,1.14386,1.143625
1783699500,1.143735,1.143835,1.143875,1.14363
1783699800,1.14384,1.143975,1.14405,1.1437
1783700100,1.14397,1.14373,1.14413,1.143705
1783700400,1.143725,1.14383,1.143875,1.14359
1783700700,1.14384,1.143925,1.143955,1.14382
1783701000,1.14392,1.14368,1.143945,1.143675
1783701300,1.14368,1.143675,1.14378,1.14358
1783701600,1.143685,1.14346,1.14382,1.14346
1783701900,1.14346,1.143395,1.14354,1.14337
1783702200,1.1434,1.14326,1.143565,1.14318
1783702500,1.143265,1.142945,1.143315,1.142945
1783702800,1.14294,1.1428,1.143125,1.14277
1783703100,1.142805,1.14264,1.142855,1.142615
1783703400,1.142635,1.142735,1.142825,1.14261
1783703700,1.14273,1.14245,1.14277,1.14241
1783704000,1.14245,1.142295,1.14251,1.142295
1783704300,1.14229,1.14249,1.14249,1.14223
1783704600,1.14248,1.14231,1.14248,1.142265
1783704900,1.14231,1.14206,1.142315,1.142025
1783705200,1.14205,1.142175,1.14223,1.14203
1783705500,1.14217,1.142215,1.14228,1.14215
1783705800,1.142215,1.142115,1.14227,1.14207
1783706100,1.14211,1.14177,1.142155,1.141665
1783706400,1.14178,1.141705,1.141815,1.1416
1783706700,1.141705,1.14163,1.14174,1.141575
1783707000,1.141625,1.141665,1.14181,1.14162
1783707300,1.14166,1.14162,1.141695,1.14157
1783707600,1.141615,1.14143,1.14171,1.14142
1783707900,1.141425,1.14146,1.14168,1.14142
1783708200,1.141455,1.141555,1.141595,1.14136
1783708500,1.14155,1.14142,1.14164,1.14136
1783708800,1.14142,1.141295,1.141425,1.14118
1783709100,1.1413,1.141525,1.141535,1.1413
1783709400,1.14152,1.14155,1.141625,1.141465
1783709700,1.141545,1.141655,1.14166,1.14141
1783710000,1.14165,1.14149,1.14166,1.14147
1783710300,1.14149,1.141515,1.141555,1.141435
1783710600,1.141515,1.141505,1.141525,1.141395
1783710900,1.1415,1.141605,1.14165,1.141475
1783711200,1.14161,1.141615,1.141645,1.141555
1783711500,1.141615,1.141595,1.141645,1.141545
1783711800,1.14159,1.141515,1.14171,1.141505
1783712100,1.14151,1.141485,1.14161,1.141475
1783712400,1.141485,1.14149,1.14162,1.14147
1783712700,1.141495,1.14142,1.141535,1.141395
1783713000,1.141435,1.141475,1.14149,1.141415
1783713300,1.14148,1.14158,1.141685,1.14146
1783713600,1.141595,1.14178,1.14182,1.141575
1783713900,1.141785,1.14143,1.141825,1.14143
1783714200,1.141435,1.141585,1.141585,1.141435
1783714500,1.141585,1.141665,1.141685,1.14155
1783714800,1.141675,1.141595,1.141705,1.141575
1783715100,1.141585,1.141465,1.141585,1.14139
1783715400,1.14145,1.141315,1.14145,1.141315
1783715700,1.14132,1.141215,1.14133,1.141155
1783716000,1.14121,1.141295,1.141345,1.141205
1783716300,1.14129,1.14134,1.141435,1.141285
1783716600,1.141325,1.141435,1.141475,1.14132
1783716900,1.14145,1.141575,1.141575,1.14138
1783890000,1.1402,1.1403,1.1403,1.1402
1783890300,1.140295,1.140305,1.1404,1.140165
1783890600,1.140305,1.140655,1.140765,1.140305
1783890900,1.140655,1.14048,1.14069,1.14048
1783891200,1.14048,1.1405,1.1405,1.14045
1783891500,1.1405,1.14062,1.14065,1.14049
1783891800,1.14062,1.1403,1.140625,1.140295
1783892100,1.1403,1.140355,1.140365,1.1403
1783892400,1.140355,1.140355,1.14036,1.14035
1783892700,1.140355,1.14068,1.14069,1.140355
1783893000,1.14068,1.14045,1.14069,1.14045
1783893300,1.14045,1.14038,1.14047,1.140355
1783893600,1.14039,1.139695,1.140495,1.139265
1783893900,1.139655,1.13926,1.139655,1.13897
1783894200,1.13926,1.139035,1.1394,1.138845
1783894500,1.13904,1.13932,1.13939,1.13893
1783894800,1.139325,1.13943,1.139435,1.1393
1783895100,1.139425,1.13949,1.13964,1.13939
1783895400,1.139485,1.13947,1.13958,1.13939
1783895700,1.13947,1.139455,1.13956,1.13938
1783896000,1.139455,1.13942,1.13948,1.13937
1783896300,1.139425,1.139565,1.13957,1.13941
1783896600,1.139565,1.13949,1.13959,1.139395
1783896900,1.139485,1.13947,1.13952,1.13942
1783897200,1.139465,1.13938,1.13947,1.139305
1783897500,1.139375,1.1395,1.139515,1.13936
1783897800,1.1395,1.13969,1.139715,1.13945
1783898100,1.13969,1.13974,1.139745,1.13963
1783898400,1.139745,1.1398,1.139855,1.13974
1783898700,1.1398,1.13984,1.13984,1.13975
1783899000,1.139835,1.139655,1.139865,1.13962
1783899300,1.13966,1.139765,1.139765,1.139635
1783899600,1.139765,1.139855,1.139915,1.139755
1783899900,1.139855,1.140045,1.140295,1.139845
1783900200,1.140045,1.140135,1.140225,1.140035
1783900500,1.14013,1.140425,1.140425,1.13999
1783900800,1.140435,1.140285,1.140465,1.14011
1783901100,1.14029,1.14023,1.140445,1.140205
1783901400,1.140225,1.140075,1.14028,1.140035
1783901700,1.140065,1.139815,1.14013,1.13977
1783902000,1.13982,1.140405,1.14055,1.13982
1783902300,1.14041,1.140155,1.14041,1.140155
1783902600,1.14016,1.139925,1.14033,1.139915
1783902900,1.13993,1.139645,1.14007,1.13961
1783903200,1.139645,1.1397,1.13981,1.139545
1783903500,1.139695,1.139655,1.139835,1.139655
1783903800,1.139665,1.13964,1.13979,1.139525
1783904100,1.139635,1.13955,1.13974,1.139475
1783904400,1.139545,1.139245,1.139555,1.139195
1783904700,1.13925,1.13909,1.139305,1.13905
1783905000,1.139085,1.139055,1.1392,1.13904
1783905300,1.13905,1.139135,1.139245,1.139045
1783905600,1.13913,1.13864,1.139185,1.138425
1783905900,1.138635,1.13897,1.138975,1.13863
1783906200,1.138975,1.139025,1.13922,1.13891
1783906500,1.139025,1.13936,1.13951,1.139005
1783906800,1.139355,1.139515,1.13952,1.139285
1783907100,1.13952,1.13971,1.139725,1.139475
1783907400,1.139715,1.139475,1.139755,1.139445
1783907700,1.139475,1.139745,1.139755,1.13936
1783908000,1.139745,1.13943,1.13983,1.13934
1783908300,1.139435,1.139525,1.13957,1.139405
1783908600,1.139525,1.1395,1.13958,1.13949
1783908900,1.13949,1.13951,1.139605,1.13943
1783909200,1.13951,1.139515,1.13962,1.139455
1783909500,1.139515,1.139545,1.139575,1.139425
1783909800,1.139545,1.139525,1.139585,1.139425
1783910100,1.13954,1.139855,1.139925,1.13954
1783910400,1.13985,1.13997,1.13998,1.139795
1783910700,1.13997,1.13971,1.13998,1.13966
1783911000,1.139705,1.13953,1.139705,1.139485
1783911300,1.139535,1.13942,1.139595,1.13942
1783911600,1.139415,1.139285,1.139535,1.139225
1783911900,1.139285,1.13924,1.139285,1.139125
1783912200,1.13924,1.139345,1.139345,1.139065
1783912500,1.13934,1.139485,1.139505,1.13931
1783912800,1.139495,1.13951,1.139575,1.13947
1783913100,1.139515,1.139525,1.139535,1.139385
1783913400,1.139505,1.13953,1.139705,1.139475
1783913700,1.13953,1.13956,1.139585,1.139495
1783914000,1.13956,1.139615,1.139635,1.13955
1783914300,1.139615,1.139735,1.139745,1.13961
1783914600,1.13973,1.13963,1.139775,1.139565
1783914900,1.139635,1.13989,1.139905,1.139605
1783915200,1.139885,1.139735,1.139895,1.139695
1783915500,1.13974,1.139795,1.13985,1.139685
1783915800,1.13979,1.13992,1.13992,1.139705
1783916100,1.13991,1.139985,1.14,1.13984
1783916400,1.13998,1.13989,1.14001,1.139865
1783916700,1.139895,1.14015,1.140155,1.139895
1783917000,1.140145,1.140145,1.14019,1.14009
1783917300,1.14015,1.14027,1.14027,1.140115
1783917600,1.140265,1.140115,1.14027,1.14009
1783917900,1.140115,1.140115,1.140205,1.140095
1783918200,1.14012,1.140315,1.14033,1.140095
1783918500,1.14032,1.14038,1.14051,1.140315
1783918800,1.140385,1.14054,1.14055,1.14036
1783919100,1.14054,1.140725,1.140735,1.14048
1783919400,1.14072,1.140815,1.14092,1.14065
1783919700,1.14081,1.140495,1.14084,1.14049
1783920000,1.1405,1.140285,1.140535,1.140205
1783920300,1.14029,1.140155,1.140345,1.140105
1783920600,1.14015,1.14023,1.14026,1.13996
1783920900,1.140225,1.140255,1.14035,1.1402
1783921200,1.14026,1.14012,1.140315,1.140105
1783921500,1.140115,1.14031,1.140325,1.14002
1783921800,1.14032,1.14003,1.140415,1.13997
1783922100,1.14002,1.13985,1.14009,1.139685
1783922400,1.139865,1.1398,1.139945,1.13964
1783922700,1.139805,1.139745,1.13991,1.13958
1783923000,1.139745,1.13966,1.139905,1.139575
1783923300,1.139655,1.13999,1.14,1.13965
1783923600,1.139985,1.14009,1.14025,1.139925
1783923900,1.14009,1.14037,1.14039,1.140085
1783924200,1.140365,1.140495,1.14075,1.14027
1783924500,1.140495,1.140705,1.14074,1.140465
1783924800,1.14071,1.140485,1.140765,1.14042
1783925100,1.14048,1.14052,1.140545,1.14031
1783925400,1.140515,1.140315,1.140695,1.140185
1783925700,1.14032,1.1401,1.14032,1.140015
1783926000,1.140105,1.140575,1.14063,1.140095
1783926300,1.14057,1.14078,1.14083,1.14041
1783926600,1.140785,1.140825,1.14106,1.1407
1783926900,1.14083,1.14075,1.14085,1.14066
1783927200,1.140755,1.14081,1.140955,1.140675
1783927500,1.140805,1.140925,1.140935,1.14066
1783927800,1.14092,1.14103,1.14107,1.140685
1783928100,1.14102,1.141965,1.14222,1.14102
1783928400,1.14196,1.141675,1.14199,1.141635
1783928700,1.14168,1.142195,1.142255,1.14166
1783929000,1.14219,1.142565,1.142625,1.14212
1783929300,1.14256,1.14247,1.142605,1.1423
1783929600,1.142465,1.14283,1.142875,1.142405
1783929900,1.142825,1.14353,1.14354,1.142725
1783930200,1.143525,1.14397,1.144335,1.143415
1783930500,1.143965,1.144165,1.14458,1.14395
1783930800,1.14417,1.143995,1.14424,1.14399
1783931100,1.14399,1.143845,1.14409,1.143715
1783931400,1.143855,1.14382,1.143985,1.143645
1783931700,1.143815,1.143805,1.143855,1.143575
1783932000,1.1438,1.14394,1.144075,1.14375
1783932300,1.143935,1.14395,1.143985,1.1438
1783932600,1.14395,1.143865,1.143965,1.143705
1783932900,1.14386,1.143595,1.14387,1.14357
1783933200,1.1436,1.143635,1.14366,1.14339
1783933500,1.14364,1.143355,1.143735,1.143345
1783933800,1.14335,1.14315,1.14339,1.143095
1783934100,1.143145,1.143105,1.14345,1.143035
1783934400,1.143105,1.14296,1.14315,1.14285
1783934700,1.142965,1.143175,1.14327,1.14292
1783935000,1.14318,1.143005,1.143315,1.14298
1783935300,1.143005,1.142845,1.14303,1.142835
1783935600,1.14285,1.14296,1.143065,1.14276
1783935900,1.142965,1.14288,1.14311,1.142805
1783936200,1.142875,1.14296,1.14297,1.14273
1783936500,1.142965,1.14315,1.14315,1.142955
1783936800,1.143145,1.143265,1.14328,1.143055
1783937100,1.14327,1.14338,1.14348,1.14309
1783937400,1.143375,1.14318,1.143435,1.14316
1783937700,1.143175,1.14303,1.14318,1.14294
1783938000,1.143025,1.14296,1.143045,1.142915
1783938300,1.142965,1.142915,1.14308,1.14278
1783938600,1.14292,1.142755,1.143,1.142745
1783938900,1.14276,1.14299,1.143015,1.142595
1783939200,1.142995,1.14291,1.14316,1.1429
1783939500,1.14291,1.143315,1.143315,1.14283
1783939800,1.14331,1.14344,1.143485,1.14325
1783940100,1.143445,1.14356,1.143565,1.143365
1783940400,1.143565,1.143495,1.14359,1.143235
1783940700,1.1435,1.143015,1.14374,1.142995
1783941000,1.14301,1.143005,1.14303,1.14276
1783941300,1.143,1.142675,1.14302,1.14263
1783941600,1.14268,1.14274,1.14275,1.14251
1783941900,1.142735,1.1429,1.143035,1.14272
1783942200,1.142905,1.14301,1.143095,1.14285
1783942500,1.143015,1.142705,1.143015,1.14267
1783942800,1.1427,1.14301,1.14302,1.1427
1783943100,1.143015,1.14297,1.14302,1.14284
1783943400,1.142965,1.142825,1.14301,1.14276
1783943700,1.14282,1.14275,1.14288,1.142665
1783944000,1.142745,1.142705,1.143065,1.14263
1783944300,1.14271,1.14235,1.142785,1.14219
1783944600,1.142345,1.142235,1.14264,1.142045
1783944900,1.14224,1.14231,1.142425,1.14219
1783945200,1.142305,1.14244,1.142445,1.142085
1783945500,1.142445,1.14241,1.142525,1.142125
1783945800,1.142405,1.142675,1.142675,1.1423
1783946100,1.142675,1.142655,1.14286,1.142605
1783946400,1.14266,1.14254,1.14286,1.142525
1783946700,1.142535,1.142605,1.14283,1.14249
1783947000,1.142605,1.142525,1.14263,1.142175
1783947300,1.14253,1.143085,1.143085,1.14253
1783947600,1.14309,1.143085,1.143335,1.142965
1783947900,1.143085,1.143,1.143115,1.14289
1783948200,1.143005,1.14265,1.143045,1.14259
1783948500,1.142655,1.14255,1.14271,1.142485
1783948800,1.142555,1.142525,1.142735,1.14249
1783949100,1.14253,1.14245,1.142595,1.142275
1783949400,1.142455,1.14255,1.14265,1.14239
1783949700,1.142555,1.14231,1.14297,1.14229
1783950000,1.142305,1.142085,1.14242,1.141955
1783950300,1.14208,1.14183,1.14223,1.14182
1783950600,1.14184,1.141865,1.14191,1.141565
1783950900,1.14186,1.141455,1.141915,1.141435
1783951200,1.14146,1.141405,1.141605,1.141075
1783951500,1.1414,1.141515,1.141575,1.141345
1783951800,1.14151,1.141385,1.141525,1.141285
1783952100,1.14138,1.140405,1.1415,1.14007
1783952400,1.1404,1.14066,1.140755,1.14018
1783952700,1.140655,1.14079,1.140885,1.14053
1783953000,1.140795,1.14052,1.140935,1.14052
1783953300,1.140525,1.14023,1.140545,1.14019
1783953600,1.140225,1.1403,1.14031,1.13997
1783953900,1.140305,1.14036,1.14073,1.14016
1783954200,1.140365,1.13995,1.14038,1.13991
1783954500,1.139945,1.14062,1.14062,1.13982
1783954800,1.140625,1.1402,1.140665,1.140145
1783955100,1.14019,1.140285,1.140475,1.14016
1783955400,1.14029,1.139815,1.140295,1.13974
1783955700,1.13982,1.140075,1.14008,1.13965
1783956000,1.14007,1.14008,1.1402,1.140055
1783956300,1.140075,1.13995,1.14008,1.139885
1783956600,1.139955,1.139685,1.139995,1.139655
1783956900,1.13969,1.139775,1.1399,1.13965
1783957200,1.13978,1.139975,1.14011,1.13975
1783957500,1.139975,1.139805,1.14,1.13969
1783957800,1.139805,1.140105,1.140105,1.13975
1783958100,1.1401,1.14015,1.140395,1.14002
1783958400,1.140155,1.14012,1.1402,1.13999
1783958700,1.140115,1.14013,1.14022,1.14001
1783959000,1.140125,1.140145,1.14027,1.14005
1783959300,1.14015,1.13981,1.140175,1.13976
1783959600,1.139805,1.13956,1.13981,1.139555
1783959900,1.139565,1.13911,1.139665,1.13891
1783960200,1.139115,1.138405,1.139145,1.13829
1783960500,1.13841,1.13874,1.13875,1.13828
1783960800,1.13873,1.138985,1.139045,1.13848
1783961100,1.13899,1.138725,1.139225,1.13858
1783961400,1.13873,1.13862,1.13887,1.138325
1783961700,1.138625,1.138865,1.13888,1.1385
1783962000,1.13887,1.13883,1.138945,1.138535
1783962300,1.13883,1.13903,1.13908,1.13882
1783962600,1.139035,1.138715,1.139035,1.138675
1783962900,1.13871,1.138775,1.138865,1.1386
1783963200,1.138765,1.13872,1.138915,1.138715
1783963500,1.138725,1.13875,1.138835,1.138565
1783963800,1.138755,1.13879,1.1388,1.138605
1783964100,1.138795,1.13866,1.138805,1.1386
1783964400,1.138655,1.13886,1.138895,1.138545
1783964700,1.138865,1.138795,1.139015,1.13876
1783965000,1.13879,1.138705,1.13884,1.13859
1783965300,1.13871,1.138625,1.13878,1.138615
1783965600,1.13863,1.13851,1.13874,1.138475
1783965900,1.138505,1.138835,1.13888,1.13848
1783966200,1.138835,1.138665,1.138835,1.13859
1783966500,1.13866,1.13864,1.13874,1.13851
1783966800,1.138645,1.138645,1.138705,1.13856
1783967100,1.13865,1.138685,1.138795,1.138625
1783967400,1.13869,1.13867,1.13878,1.13861
1783967700,1.13867,1.13876,1.13889,1.13866
1783968000,1.13876,1.138785,1.13889,1.138685
1783968300,1.13879,1.138655,1.138825,1.138635
1783968600,1.138655,1.13872,1.138795,1.138645
1783968900,1.13872,1.13875,1.138815,1.13858
1783969200,1.13876,1.13874,1.1388,1.1386
1783969500,1.13874,1.138515,1.13877,1.138495
1783969800,1.13851,1.138215,1.138515,1.1382
1783970100,1.13822,1.138315,1.13838,1.13818
1783970400,1.13832,1.138405,1.13844,1.138295
1783970700,1.1384,1.138305,1.13847,1.138275
1783971000,1.1383,1.13843,1.138465,1.138295
1783971300,1.138425,1.138335,1.13843,1.138245
1783971600,1.13834,1.13834,1.13842,1.13832
1783971900,1.138335,1.13832,1.13834,1.13826
1783972200,1.138325,1.138275,1.138335,1.13826
1783972500,1.13828,1.138355,1.1384,1.138225
1783972800,1.13835,1.138415,1.138455,1.13829
1783973100,1.138415,1.13829,1.13844,1.13829
1783973400,1.138295,1.13798,1.138305,1.13794
1783973700,1.137985,1.137935,1.138005,1.137795
1783974000,1.137935,1.137755,1.13796,1.137745
1783974300,1.13775,1.137965,1.137995,1.13775
1783974600,1.13796,1.137975,1.13802,1.1379
1783974900,1.137975,1.13793,1.138,1.137835
1783975200,1.137935,1.137965,1.138025,1.137885
1783975500,1.13797,1.137965,1.13799,1.137935
1783975800,1.137975,1.137935,1.138005,1.137915
1783976100,1.137935,1.138215,1.138255,1.13792
1783976400,1.13821,1.13837,1.13838,1.13821
1783976700,1.138355,1.138355,1.138375,1.138325
1783977000,1.138355,1.138225,1.138405,1.138145
1783977300,1.13822,1.138175,1.13829,1.138135
1783977600,1.138175,1.138485,1.13851,1.138135
1783977900,1.138485,1.138435,1.138525,1.13831
1783978200,1.138645,1.138445,1.13882,1.138235
1783978500,1.138445,1.138475,1.13864,1.13813
1783978800,1.13846,1.138465,1.13862,1.138395
1783979100,1.138465,1.13844,1.13854,1.138355
1783979400,1.13843,1.13864,1.13869,1.138355
1783979700,1.13864,1.138395,1.13869,1.13826
1783980000,1.138415,1.13834,1.13866,1.138165
1783980300,1.138345,1.13817,1.13843,1.138155
1783980600,1.13817,1.1383,1.138305,1.138165
1783980900,1.138295,1.138375,1.138395,1.13828
1783981200,1.13837,1.13836,1.138385,1.13834
1783981500,1.13836,1.13839,1.13839,1.138325
1783981800,1.138395,1.138375,1.138425,1.138365
1783982100,1.13838,1.138345,1.13841,1.138315
1783982400,1.138345,1.138495,1.138495,1.138305
1783982700,1.138495,1.138305,1.1385,1.138305
1783983000,1.13831,1.138215,1.138315,1.138155
1783983300,1.138215,1.138105,1.138225,1.138105
1783983600,1.138105,1.138175,1.13818,1.13801
1783983900,1.138175,1.138275,1.138305,1.138175
1783984200,1.138275,1.138145,1.138275,1.13812
1783984500,1.13814,1.13808,1.138145,1.138055
1783984800,1.13808,1.138155,1.13816,1.138015
1783985100,1.138155,1.13811,1.13821,1.138085
1783985400,1.138115,1.13816,1.138195,1.138035
1783985700,1.13816,1.13822,1.13824,1.138145
1783986000,1.13822,1.13825,1.13836,1.13822
1783986300,1.138255,1.13827,1.1384,1.138165
1783986600,1.138275,1.138295,1.138375,1.13816
1783986900,1.138295,1.138345,1.138365,1.138175
1783987200,1.13835,1.138205,1.138405,1.138115
1783987500,1.13821,1.138445,1.13847,1.138175
1783987800,1.13845,1.138475,1.138655,1.138415
1783988100,1.138475,1.137935,1.138485,1.137935
1783988400,1.13794,1.137985,1.13817,1.137825
1783988700,1.13799,1.138035,1.13808,1.137905
1783989000,1.138035,1.13831,1.138425,1.13797
1783989300,1.138315,1.138485,1.138575,1.138305
1783989600,1.13848,1.13876,1.138825,1.138415
1783989900,1.138755,1.138805,1.13887,1.13863
1783990200,1.13881,1.13885,1.13893,1.138765
1783990500,1.13886,1.138485,1.13896,1.13847
1783990800,1.13848,1.13864,1.13872,1.13845
1783991100,1.138635,1.13868,1.13874,1.138615
1783991400,1.138675,1.13866,1.138735,1.13861
1783991700,1.13867,1.1389,1.13895,1.13867
1783992000,1.138905,1.13891,1.13902,1.13883
1783992300,1.138905,1.138515,1.138925,1.138505
1783992600,1.138515,1.138715,1.138755,1.1385
1783992900,1.138715,1.13862,1.138715,1.138505
1783993200,1.138615,1.13879,1.138865,1.138595
1783993500,1.138785,1.13876,1.13882,1.13865
1783993800,1.138765,1.13888,1.13896,1.138735
1783994100,1.138875,1.138885,1.139065,1.138805
1783994400,1.13889,1.139065,1.13908,1.13889
1783994700,1.13906,1.13898,1.139135,1.13896
1783995000,1.13897,1.13906,1.139085,1.138905
1783995300,1.139065,1.139265,1.139285,1.13905
1783995600,1.13927,1.13933,1.13933,1.13925
1783995900,1.139325,1.139365,1.139405,1.139305
1783996200,1.13937,1.13926,1.13943,1.13925
1783996500,1.139265,1.139365,1.1394,1.139255
1783996800,1.13936,1.139265,1.13943,1.13924
1783997100,1.139265,1.139215,1.13931,1.13919
1783997400,1.13921,1.13914,1.13921,1.139105
1783997700,1.139135,1.139075,1.13917,1.13907
1783998000,1.13908,1.13886,1.139215,1.138835
1783998300,1.138855,1.138985,1.13902,1.138835
1783998600,1.13898,1.139135,1.139235,1.138955
1783998900,1.13913,1.13899,1.139225,1.138945
1783999200,1.138995,1.139045,1.13911,1.13887
1783999500,1.13904,1.1393,1.13932,1.13904
1783999800,1.139305,1.139295,1.13948,1.13926
1784000100,1.13929,1.139545,1.13968,1.13929
1784000400,1.13955,1.1394,1.139565,1.139375
1784000700,1.1394,1.13941,1.139515,1.139395
1784001000,1.13941,1.13944,1.139515,1.13941
1784001300,1.139435,1.13936,1.139455,1.139315
1784001600,1.139365,1.139405,1.139455,1.139315
1784001900,1.139405,1.139215,1.13942,1.13915
1784002200,1.139215,1.139295,1.13932,1.139055
1784002500,1.1393,1.139395,1.13941,1.1393
1784002800,1.1394,1.139395,1.139465,1.13936
1784003100,1.13939,1.139265,1.139405,1.13926
1784003400,1.13927,1.13937,1.139405,1.139225
1784003700,1.139375,1.139315,1.1394,1.1392
1784004000,1.139315,1.13921,1.13932,1.13918
1784004300,1.139205,1.13897,1.13921,1.13896
1784004600,1.138965,1.138995,1.139035,1.138745
1784004900,1.139,1.13906,1.1391,1.138995
1784005200,1.13907,1.139165,1.139295,1.139055
1784005500,1.13917,1.13921,1.13929,1.13915
1784005800,1.13921,1.13927,1.13932,1.139195
1784006100,1.13927,1.1394,1.13941,1.13926
1784006400,1.1394,1.13937,1.139475,1.139365
1784006700,1.13938,1.139405,1.139465,1.139325
1784007000,1.1394,1.1395,1.13959,1.1394
1784007300,1.139505,1.139295,1.139595,1.139255
1784007600,1.13929,1.139405,1.139455,1.13928
1784007900,1.13941,1.139345,1.139425,1.1393
1784008200,1.13934,1.139355,1.13938,1.139225
1784008500,1.13935,1.13918,1.13935,1.1391
1784008800,1.139185,1.13892,1.139265,1.1389
1784009100,1.138925,1.139,1.13911,1.13889
1784009400,1.13901,1.138845,1.13918,1.138805
1784009700,1.138845,1.13878,1.13896,1.138685
1784010000,1.138775,1.138825,1.13887,1.13874
1784010300,1.13882,1.138725,1.13882,1.138615
1784010600,1.13872,1.139195,1.139395,1.138665
1784010900,1.1392,1.13902,1.139315,1.13897
1784011200,1.139015,1.13885,1.13902,1.138845
1784011500,1.138845,1.13856,1.13886,1.138555
1784011800,1.138555,1.13866,1.13877,1.13846
1784012100,1.138655,1.138615,1.13884,1.13858
1784012400,1.13862,1.138785,1.138815,1.13841
1784012700,1.13879,1.138905,1.13903,1.138765
1784013000,1.1389,1.138665,1.13892,1.13865
1784013300,1.13866,1.13888,1.138905,1.13864
1784013600,1.138875,1.139115,1.139195,1.13875
1784013900,1.13912,1.139375,1.13948,1.13911
1784014200,1.13937,1.13902,1.13939,1.1389
1784014500,1.139015,1.13912,1.13926,1.13892
1784014800,1.139115,1.13917,1.139185,1.13897
1784015100,1.139175,1.13973,1.139765,1.13917
1784015400,1.139725,1.1396,1.13973,1.139425
1784015700,1.139595,1.1396,1.139615,1.139365
1784016000,1.139605,1.139565,1.139835,1.139325
1784016300,1.139565,1.13978,1.1398,1.13947
1784016600,1.139775,1.139665,1.139825,1.13957
1784016900,1.13966,1.13972,1.13974,1.13955
1784017200,1.13971,1.13977,1.13981,1.139635
1784017500,1.139765,1.14001,1.140065,1.139745
1784017800,1.140015,1.13986,1.140235,1.13983
1784018100,1.139855,1.14007,1.140165,1.13983
1784018400,1.140065,1.14055,1.140595,1.140045
1784018700,1.140555,1.140135,1.140575,1.140045
1784019000,1.14014,1.140135,1.140275,1.13997
1784019300,1.14013,1.13996,1.14017,1.13991
1784019600,1.139955,1.14032,1.140345,1.139925
1784019900,1.140315,1.140065,1.14037,1.14005
1784020200,1.14006,1.140335,1.140375,1.14006
1784020500,1.140335,1.139975,1.14034,1.13982
1784020800,1.139975,1.139865,1.139995,1.13976
1784021100,1.13986,1.139825,1.139955,1.13981
1784021400,1.13983,1.139675,1.13993,1.13966
1784021700,1.13968,1.13979,1.139855,1.13967
1784022000,1.13978,1.13953,1.13985,1.1395
1784022300,1.13953,1.13999,1.14002,1.139495
1784022600,1.139995,1.14021,1.140295,1.139925
1784022900,1.140205,1.1401,1.140295,1.14005
1784023200,1.140105,1.14008,1.140165,1.13999
1784023500,1.14008,1.13979,1.14008,1.13979
1784023800,1.13979,1.13977,1.13985,1.139685
1784024100,1.139775,1.13973,1.139915,1.13969
1784024400,1.139735,1.139515,1.13975,1.1395
1784024700,1.13952,1.139515,1.1396,1.139405
1784025000,1.13951,1.13954,1.139625,1.13941
1784025300,1.13954,1.139505,1.13972,1.13941
1784025600,1.1395,1.13948,1.139555,1.13934
1784025900,1.13948,1.13949,1.13957,1.139375
1784026200,1.139485,1.139395,1.139555,1.13936
1784026500,1.13939,1.13918,1.13942,1.139105
1784026800,1.139175,1.13903,1.13921,1.13898
1784027100,1.13904,1.13932,1.13933,1.13904
1784027400,1.139325,1.13942,1.139475,1.13908
1784027700,1.139425,1.13937,1.139445,1.139255
1784028000,1.13937,1.139675,1.13969,1.13937
1784028300,1.13968,1.139545,1.13971,1.13951
1784028600,1.139535,1.13983,1.139955,1.139525
1784028900,1.139835,1.140075,1.140115,1.13982
1784029200,1.14008,1.140125,1.140145,1.139975
1784029500,1.140125,1.140565,1.140675,1.14011
1784029800,1.14057,1.1408,1.14094,1.14046
1784030100,1.140795,1.14066,1.14084,1.14058
1784030400,1.140655,1.14059,1.14075,1.140555
1784030700,1.14059,1.14049,1.140675,1.14039
1784031000,1.140485,1.14062,1.14076,1.140485
1784031300,1.140615,1.140555,1.14073,1.14042
1784031600,1.14054,1.14131,1.14134,1.14054
1784031900,1.141305,1.141395,1.141525,1.14127
1784032200,1.141385,1.14496,1.146235,1.14073
1784032500,1.14495,1.14434,1.145245,1.14378
1784032800,1.144345,1.145785,1.145895,1.14431
1784033100,1.14579,1.145225,1.14592,1.145065
1784033400,1.14521,1.144285,1.14528,1.1442
1784033700,1.14429,1.1446,1.14465,1.14412
1784034000,1.144605,1.14491,1.14546,1.14443
1784034300,1.144895,1.144845,1.14552,1.14477
1784034600,1.14485,1.14454,1.145145,1.14415
1784034900,1.14453,1.14478,1.14507,1.1444
1784035200,1.14477,1.145035,1.14525,1.14439
1784035500,1.14503,1.145005,1.14535,1.144965
1784035800,1.145,1.145055,1.14531,1.14468
1784036100,1.14505,1.145115,1.145295,1.14496
1784036400,1.145125,1.14528,1.14539,1.144905
1784036700,1.14526,1.145235,1.145295,1.144785
1784037000,1.14524,1.145285,1.14537,1.144795
1784037300,1.145305,1.14515,1.14544,1.145055
1784037600,1.145145,1.14534,1.14559,1.145045
1784037900,1.14535,1.14552,1.145865,1.14528
1784038200,1.14553,1.14551,1.145895,1.145475
1784038500,1.145515,1.14533,1.145535,1.14496
1784038800,1.145335,1.144845,1.14544,1.14478
1784039100,1.14485,1.144425,1.14491,1.14436
1784039400,1.14442,1.14486,1.14586,1.144105
1784039700,1.144855,1.144645,1.14503,1.14464
1784040000,1.14464,1.144805,1.144845,1.144455
1784040300,1.144815,1.144755,1.14496,1.144635
1784040600,1.144755,1.144195,1.144785,1.143995
1784040900,1.14419,1.14451,1.144665,1.144095
1784041200,1.144505,1.145025,1.14537,1.1442
1784041500,1.14502,1.14503,1.145245,1.1447
1784041800,1.145045,1.144845,1.145065,1.14475
1784042100,1.14484,1.14458,1.144935,1.144505
1784042400,1.144575,1.14423,1.14459,1.144215
1784042700,1.144225,1.14416,1.144265,1.14409
1784043000,1.144155,1.144125,1.144375,1.14394
1784043300,1.14413,1.14378,1.14417,1.14376
1784043600,1.143785,1.143315,1.143815,1.143025
1784043900,1.14332,1.14322,1.143635,1.143205
1784044200,1.14322,1.142915,1.143235,1.1427
1784044500,1.1429,1.14271,1.142935,1.14258
1784044800,1.142715,1.142585,1.142795,1.142495
1784045100,1.14259,1.14257,1.14263,1.142415
1784045400,1.142585,1.142815,1.1429,1.142565
1784045700,1.14281,1.14273,1.142955,1.142655
1784046000,1.14273,1.14289,1.14293,1.14271
1784046300,1.14289,1.143035,1.143085,1.142875
1784046600,1.14304,1.143205,1.143235,1.14304
1784046900,1.143205,1.1434,1.143445,1.143205
1784047200,1.14341,1.14324,1.14341,1.143195
1784047500,1.143245,1.14309,1.14331,1.14298
1784047800,1.143095,1.143285,1.143335,1.14306
1784048100,1.14329,1.14318,1.143315,1.143145
1784048400,1.14319,1.14293,1.14333,1.14292
1784048700,1.142935,1.14268,1.142955,1.142615
1784049000,1.142675,1.142305,1.142725,1.14228
1784049300,1.14231,1.141995,1.14235,1.14196
1784049600,1.14199,1.142235,1.14233,1.14192
1784049900,1.14223,1.142595,1.14265,1.14223
1784050200,1.14259,1.1425,1.142685,1.142485
1784050500,1.1425,1.142495,1.142575,1.142405
1784050800,1.1425,1.14259,1.14261,1.142445
1784051100,1.142595,1.142775,1.142795,1.1425
1784051400,1.142775,1.142735,1.14283,1.14267
1784051700,1.14274,1.14233,1.14276,1.14228
1784052000,1.142335,1.14247,1.142515,1.1423
1784052300,1.14246,1.142405,1.142505,1.14237
1784052600,1.1424,1.142415,1.142435,1.142305
1784052900,1.142415,1.14254,1.14263,1.142415
1784053200,1.14254,1.142135,1.14254,1.14209
1784053500,1.142135,1.142145,1.142265,1.14202
1784053800,1.14214,1.1423,1.14231,1.14212
1784054100,1.142305,1.14201,1.14232,1.1419
1784054400,1.142015,1.141905,1.14202,1.141605
1784054700,1.14191,1.14201,1.142085,1.141895
1784055000,1.142015,1.14211,1.142115,1.141915
1784055300,1.142115,1.142335,1.1424,1.142065
1784055600,1.14234,1.14241,1.142485,1.142315
1784055900,1.142415,1.1424,1.142465,1.142345
1784056200,1.1424,1.142545,1.142615,1.14229
1784056500,1.14255,1.1425,1.1426,1.142395
1784056800,1.142505,1.14242,1.14252,1.142315
1784057100,1.142415,1.14245,1.142505,1.14237
1784057400,1.142455,1.142295,1.142465,1.14211
1784057700,1.14229,1.142265,1.142345,1.1422
1784058000,1.14226,1.14228,1.142305,1.142185
1784058300,1.14228,1.142265,1.14241,1.14226
1784058600,1.14227,1.14233,1.14237,1.14224
1784058900,1.142335,1.14203,1.142345,1.14203
1784059200,1.142035,1.14195,1.14206,1.141845
1784059500,1.14195,1.141995,1.14201,1.14189
1784059800,1.14199,1.142055,1.14226,1.141945
1784060100,1.14205,1.141955,1.14205,1.141935
1784060400,1.14196,1.141975,1.14201,1.14194
1784060700,1.14197,1.141945,1.14211,1.141915
1784061000,1.141945,1.141945,1.142065,1.14192
1784061300,1.141945,1.14214,1.14215,1.141945
1784061600,1.142145,1.142035,1.142145,1.14203
1784061900,1.14203,1.141995,1.14203,1.141935
1784062200,1.142,1.142115,1.14214,1.141965
1784062500,1.14211,1.14208,1.142155,1.142055
1784062800,1.14208,1.14221,1.142245,1.141935
1784063100,1.14225,1.142065,1.142275,1.142055
1784063400,1.14206,1.142155,1.142195,1.14206
1784063700,1.142155,1.14215,1.142295,1.142045
1784064000,1.142155,1.14212,1.142185,1.14211
1784064300,1.14212,1.142165,1.1424,1.142115
1784064600,1.14214,1.142235,1.142365,1.14206
1784064900,1.142325,1.142045,1.142425,1.142005
1784065200,1.142045,1.142105,1.142155,1.142025
1784065500,1.142115,1.142005,1.142165,1.14194
1784065800,1.142005,1.14194,1.142005,1.14191
1784066100,1.14194,1.141935,1.14199,1.14192
1784066400,1.14196,1.141955,1.14222,1.141885
1784066700,1.141955,1.14188,1.14196,1.14175
1784067000,1.14188,1.1419,1.141935,1.141745
1784067300,1.141895,1.14186,1.14193,1.14182
1784067600,1.141855,1.14194,1.14205,1.14185
1784067900,1.141935,1.142035,1.14205,1.141875
1784068200,1.14203,1.1421,1.142115,1.141985
1784068500,1.142095,1.14216,1.142185,1.142055
1784068800,1.14216,1.14211,1.14216,1.142095
1784069100,1.142115,1.14201,1.142115,1.14196
1784069400,1.14201,1.14195,1.14203,1.14195
1784069700,1.14195,1.142065,1.142065,1.14193
1784070000,1.14206,1.14207,1.14212,1.142
1784070300,1.142065,1.14222,1.14222,1.14205
1784070600,1.142225,1.14219,1.14223,1.14215
1784070900,1.142195,1.14209,1.1422,1.142055
1784071200,1.14209,1.14212,1.142155,1.14207
1784071500,1.142115,1.142265,1.142265,1.142115
1784071800,1.14226,1.142245,1.142335,1.14215
1784072100,1.142235,1.142295,1.14232,1.142235
1784072400,1.142295,1.14244,1.142465,1.142295
1784072700,1.142445,1.14246,1.14246,1.14236
1784073000,1.14246,1.142475,1.142475,1.142335
1784073300,1.142485,1.142445,1.14249,1.142365
1784073600,1.142455,1.142705,1.142715,1.142395
1784073900,1.142715,1.142695,1.142715,1.142535
1784074200,1.142695,1.142565,1.142765,1.14253
1784074500,1.14256,1.14267,1.142745,1.14256
1784074800,1.142665,1.142695,1.142745,1.14262
1784075100,1.14269,1.142955,1.143035,1.14267
1784075400,1.14296,1.142855,1.143005,1.142845
1784075700,1.142855,1.142785,1.1429,1.142715
1784076000,1.14279,1.14271,1.142795,1.142635
1784076300,1.142705,1.14292,1.142925,1.1427
1784076600,1.142915,1.14315,1.143205,1.142915
1784076900,1.143155,1.143305,1.14342,1.143145
1784077200,1.1433,1.143395,1.143435,1.14324
1784077500,1.143395,1.14348,1.143545,1.143345
1784077800,1.143485,1.143545,1.14357,1.143395
1784078100,1.143545,1.14372,1.14375,1.143535
1784078400,1.143715,1.143625,1.14376,1.143615
1784078700,1.143625,1.1436,1.14372,1.14351
1784079000,1.1436,1.143575,1.143695,1.14348
1784079300,1.143575,1.143615,1.14366,1.14346
1784079600,1.143615,1.143385,1.143645,1.143315
1784079900,1.143385,1.143365,1.143445,1.143285
1784080200,1.143355,1.143335,1.14339,1.143265
1784080500,1.143345,1.143555,1.14358,1.143305
1784080800,1.143555,1.143735,1.143755,1.143415
1784081100,1.14373,1.14385,1.14391,1.14366
1784081400,1.143855,1.143615,1.14392,1.14359
1784081700,1.14362,1.143405,1.14362,1.1434
1784082000,1.14341,1.1434,1.1435,1.143315
1784082300,1.143395,1.14351,1.14354,1.143385
1784082600,1.143515,1.143635,1.143645,1.14349
1784082900,1.14362,1.14363,1.1437,1.14354
1784083200,1.14363,1.144095,1.14412,1.14363
1784083500,1.144095,1.14413,1.14415,1.14404
1784083800,1.14413,1.14406,1.144165,1.143945
1784084100,1.144055,1.144025,1.14423,1.144025
1784084400,1.14403,1.1442,1.14423,1.14401
1784084700,1.144205,1.14406,1.14421,1.143945
1784085000,1.14406,1.14376,1.14407,1.143755
1784085300,1.143765,1.14338,1.14377,1.143355
1784085600,1.143375,1.143395,1.14346,1.14333
1784085900,1.1434,1.143495,1.14355,1.1434
1784086200,1.14349,1.14368,1.1437,1.14345
1784086500,1.143675,1.143665,1.1437,1.14358
1784086800,1.143665,1.14342,1.143695,1.14339
1784087100,1.143415,1.143585,1.143585,1.143415
1784087400,1.14358,1.14371,1.143765,1.14358
1784087700,1.143715,1.1438,1.14385,1.14366
1784088000,1.143805,1.14381,1.143915,1.143735
1784088300,1.143815,1.14376,1.14387,1.14372
1784088600,1.143755,1.143745,1.143805,1.143685
1784088900,1.14374,1.143845,1.143865,1.143705
1784089200,1.14384,1.143865,1.143865,1.14379
1784089500,1.14386,1.14394,1.14404,1.14384
1784089800,1.143935,1.14401,1.144045,1.143905
1784090100,1.14401,1.143945,1.14408,1.14392
1784090400,1.143945,1.14382,1.143955,1.143765
1784090700,1.14382,1.143905,1.143975,1.143795
1784091000,1.1439,1.143805,1.143945,1.143805
1784091300,1.1438,1.143705,1.143855,1.143655
1784091600,1.14371,1.143615,1.143735,1.14354
1784091900,1.14361,1.1436,1.1438,1.14352
1784092200,1.143595,1.14368,1.143705,1.14353
1784092500,1.143675,1.14377,1.143795,1.14365
1784092800,1.14377,1.143755,1.143845,1.14374
1784093100,1.14375,1.14376,1.14381,1.143695
1784093400,1.14375,1.143925,1.143945,1.14373
1784093700,1.143925,1.143955,1.14398,1.14383
1784094000,1.14395,1.144095,1.1441,1.14389
1784094300,1.14409,1.14433,1.144335,1.144055
1784094600,1.144325,1.144315,1.144325,1.144195
1784094900,1.14431,1.144055,1.14431,1.144035
1784095200,1.14406,1.14415,1.14426,1.144035
1784095500,1.14415,1.144115,1.144155,1.14394
1784095800,1.14412,1.143995,1.144135,1.14394
1784096100,1.14399,1.14434,1.14435,1.14397
1784096400,1.144335,1.14427,1.14434,1.144175
1784096700,1.144275,1.144185,1.144385,1.14418
1784097000,1.14419,1.144095,1.1442,1.143875
1784097300,1.14409,1.143995,1.1441,1.14393
1784097600,1.143995,1.14387,1.14403,1.143765
1784097900,1.14386,1.143515,1.143875,1.143455
1784098200,1.143515,1.143485,1.143675,1.14329
1784098500,1.14348,1.142875,1.143615,1.142805
1784098800,1.142885,1.142875,1.14312,1.142775
1784099100,1.14287,1.142845,1.142985,1.142605
1784099400,1.14287,1.14302,1.1432,1.14287
1784099700,1.143015,1.1426,1.14306,1.142445
1784100000,1.142605,1.142385,1.1427,1.14231
1784100300,1.14239,1.14226,1.142405,1.141985
1784100600,1.142265,1.14226,1.14248,1.14212
1784100900,1.142265,1.14225,1.14231,1.14213
1784101200,1.142255,1.14239,1.14245,1.14217
1784101500,1.142395,1.142365,1.14241,1.14216
1784101800,1.14236,1.14243,1.14249,1.14229
1784102100,1.14243,1.14234,1.142525,1.142255
1784102400,1.142345,1.14268,1.142755,1.142295
1784102700,1.142675,1.142305,1.14271,1.142295
1784103000,1.14231,1.142275,1.14238,1.14214
1784103300,1.142285,1.14239,1.142435,1.14223
1784103600,1.142395,1.142485,1.14249,1.142335
1784103900,1.142485,1.142535,1.14255,1.142295
1784104200,1.14253,1.142555,1.142675,1.142495
1784104500,1.142555,1.142555,1.14265,1.14245
1784104800,1.142555,1.142465,1.142555,1.142375
1784105100,1.14246,1.142355,1.14255,1.14226
1784105400,1.142355,1.142225,1.142355,1.14213
1784105700,1.14222,1.142445,1.14245,1.142105
1784106000,1.14245,1.142325,1.14252,1.14203
1784106300,1.14232,1.14235,1.142425,1.14224
1784106600,1.142345,1.14243,1.14259,1.142345
1784106900,1.142425,1.14228,1.1425,1.14228
1784107200,1.142285,1.142465,1.142515,1.14228
1784107500,1.14247,1.142185,1.142485,1.142175
1784107800,1.14219,1.141885,1.14226,1.141795
1784108100,1.14188,1.1419,1.142075,1.14183
1784108400,1.141905,1.142065,1.14215,1.141905
1784108700,1.142065,1.14201,1.14222,1.14198
1784109000,1.142005,1.142095,1.142105,1.14175
1784109300,1.1421,1.14169,1.142145,1.14165
1784109600,1.141685,1.14173,1.141795,1.1416
1784109900,1.141735,1.14152,1.14181,1.14135
1784110200,1.141515,1.141495,1.141585,1.141365
1784110500,1.14149,1.141565,1.141725,1.14142
1784110800,1.14155,1.14126,1.141835,1.141215
1784111100,1.141265,1.14132,1.14133,1.141235
1784111400,1.141325,1.141185,1.14146,1.141185
1784111700,1.141175,1.141325,1.14142,1.14116
1784112000,1.14132,1.141275,1.141325,1.141075
1784112300,1.141265,1.14128,1.141485,1.14125
1784112600,1.141275,1.141345,1.14136,1.14123
1784112900,1.141345,1.14159,1.141605,1.14119
1784113200,1.141585,1.14176,1.141775,1.14154
1784113500,1.14176,1.14183,1.141945,1.141625
1784113800,1.14183,1.14171,1.141945,1.141675
1784114100,1.141715,1.141655,1.141795,1.14157
1784114400,1.14166,1.14177,1.14186,1.14165
1784114700,1.141775,1.14159,1.141825,1.14152
1784115000,1.141595,1.14176,1.14179,1.14153
1784115300,1.141755,1.14172,1.141915,1.1417
1784115600,1.141725,1.14147,1.141755,1.14146
1784115900,1.141475,1.141335,1.14152,1.14131
1784116200,1.14133,1.141185,1.14156,1.14103
1784116500,1.141175,1.141185,1.14128,1.14101
1784116800,1.14119,1.141025,1.14146,1.141005
1784117100,1.14103,1.140605,1.14107,1.140605
1784117400,1.14061,1.14093,1.141025,1.1406
1784117700,1.140935,1.14079,1.14109,1.140785
1784118000,1.140805,1.141395,1.141405,1.140775
1784118300,1.1414,1.141415,1.14151,1.141195
1784118600,1.14139,1.14214,1.14244,1.141365
1784118900,1.142145,1.141935,1.142185,1.141725
1784119200,1.14193,1.142525,1.142545,1.1419
1784119500,1.14252,1.14273,1.14283,1.14245
1784119800,1.142725,1.14262,1.14273,1.14248
1784120100,1.142625,1.14284,1.14303,1.14244
1784120400,1.142845,1.143205,1.143265,1.14281
1784120700,1.1432,1.14322,1.143375,1.143115
1784121000,1.14323,1.14271,1.143245,1.1427
1784121300,1.142705,1.143275,1.143355,1.142695
1784121600,1.14327,1.14274,1.143275,1.14265
1784121900,1.142735,1.14245,1.142765,1.142355
1784122200,1.14244,1.14271,1.14276,1.1424
1784122500,1.142715,1.14271,1.142815,1.142565
1784122800,1.1427,1.142655,1.14275,1.1426
1784123100,1.14267,1.143005,1.14305,1.142515
1784123400,1.143,1.14277,1.143175,1.142665
1784123700,1.142775,1.143015,1.14356,1.14262
1784124000,1.14302,1.143235,1.143305,1.143015
1784124300,1.14324,1.1432,1.143555,1.143095
1784124600,1.143195,1.143185,1.143385,1.14303
1784124900,1.14319,1.14351,1.143545,1.14318
1784125200,1.143525,1.143285,1.143555,1.14314
1784125500,1.14329,1.14323,1.143325,1.14302
1784125800,1.14324,1.143605,1.14369,1.14323
1784126100,1.14361,1.1435,1.143745,1.143445
1784126400,1.143505,1.14388,1.14393,1.14339
1784126700,1.143875,1.14415,1.144155,1.143735
1784127000,1.144145,1.1436,1.14415,1.14339
1784127300,1.14359,1.1437,1.14373,1.14328
1784127600,1.143705,1.14399,1.144085,1.143705
1784127900,1.144,1.144055,1.144155,1.143935
1784128200,1.14405,1.14355,1.14412,1.14355
1784128500,1.143545,1.143585,1.14367,1.14333
1784128800,1.14358,1.143775,1.143855,1.14354
1784129100,1.14378,1.143935,1.144005,1.14368
1784129400,1.14394,1.14379,1.14395,1.143635
1784129700,1.143775,1.14325,1.14381,1.14318
1784130000,1.143255,1.143445,1.14355,1.14325
1784130300,1.14345,1.14343,1.143715,1.14342
1784130600,1.14343,1.14342,1.14354,1.143175
1784130900,1.14343,1.143525,1.143625,1.143295
1784131200,1.14353,1.143245,1.14362,1.14314
1784131500,1.14325,1.14329,1.143355,1.143025
1784131800,1.14329,1.14345,1.143605,1.143275
1784132100,1.143445,1.143455,1.14371,1.1434
1784132400,1.14346,1.143665,1.1437,1.14341
1784132700,1.143665,1.143895,1.143985,1.143665
1784133000,1.14389,1.14371,1.143925,1.143645
1784133300,1.14371,1.143595,1.143725,1.14343
1784133600,1.1436,1.14353,1.143705,1.143455
1784133900,1.143535,1.143715,1.14412,1.14346
1784134200,1.14372,1.14405,1.1442,1.143665
1784134500,1.144055,1.144225,1.144235,1.14387
1784134800,1.14423,1.144655,1.14476,1.1442
1784135100,1.14465,1.14491,1.145,1.14457
1784135400,1.144905,1.144965,1.145015,1.144835
1784135700,1.144955,1.145165,1.14519,1.144795
1784136000,1.14516,1.145385,1.145425,1.1451
1784136300,1.14538,1.145585,1.14559,1.14537
1784136600,1.14558,1.146395,1.14659,1.14556
1784136900,1.14639,1.14667,1.146695,1.14634
1784137200,1.14668,1.147055,1.147095,1.146635
1784137500,1.14705,1.14745,1.147465,1.146685
1784137800,1.14744,1.14717,1.14744,1.147055
1784138100,1.147165,1.14733,1.147485,1.147155
1784138400,1.147335,1.14762,1.147695,1.14729
1784138700,1.147615,1.14738,1.14769,1.14738
1784139000,1.147385,1.14732,1.14749,1.147225
1784139300,1.14732,1.147735,1.147745,1.147225
1784139600,1.14774,1.14763,1.147755,1.1476
1784139900,1.147635,1.14784,1.14787,1.147615
1784140200,1.147845,1.14805,1.148255,1.147835
1784140500,1.148045,1.147935,1.148045,1.147795
1784140800,1.147935,1.14733,1.147935,1.147315
1784141100,1.147325,1.147135,1.14744,1.14712
1784141400,1.14713,1.1469,1.14719,1.146815
1784141700,1.146905,1.146665,1.147005,1.1466
1784142000,1.14666,1.147,1.147035,1.146575
1784142300,1.147005,1.14728,1.14733,1.146985
1784142600,1.14728,1.14739,1.14739,1.1472
1784142900,1.14738,1.147145,1.14747,1.147045
1784143200,1.14715,1.14724,1.14734,1.147015
1784143500,1.14724,1.14728,1.147365,1.14719
1784143800,1.147275,1.146515,1.147275,1.146465
1784144100,1.146505,1.146435,1.14663,1.146235
1784144400,1.146465,1.146305,1.146495,1.14628
1784144700,1.14631,1.14621,1.146385,1.1462
1784145000,1.14622,1.146195,1.14635,1.146145
1784145300,1.1462,1.14639,1.146485,1.1462
1784145600,1.146385,1.146335,1.146445,1.146305
1784145900,1.146335,1.14614,1.146375,1.14609
1784146200,1.14614,1.146145,1.14619,1.146125
1784146500,1.146155,1.146235,1.14624,1.14613
1784146800,1.146235,1.146355,1.14642,1.146235
1784147100,1.146345,1.146365,1.146395,1.146235
1784147400,1.14637,1.14624,1.14639,1.146105
1784147700,1.14624,1.14619,1.14628,1.14618
1784148000,1.146185,1.146255,1.1463,1.146185
1784148300,1.14625,1.146285,1.146295,1.146225
1784148600,1.14629,1.146375,1.14639,1.14625
1784148900,1.14638,1.14635,1.146405,1.14627
1784149200,1.14645,1.146645,1.14673,1.14645
1784149500,1.146615,1.146585,1.146615,1.14643
1784149800,1.146585,1.146495,1.1466,1.146475
1784150100,1.146495,1.14644,1.14654,1.14625
1784150400,1.14644,1.146625,1.146645,1.14644
1784150700,1.146625,1.14666,1.14666,1.146585
1784151000,1.14666,1.14667,1.146685,1.146585
1784151300,1.14667,1.146615,1.14671,1.14654
1784151600,1.14662,1.146555,1.146655,1.146535
1784151900,1.14657,1.146505,1.146665,1.146425
1784152200,1.146505,1.14659,1.146655,1.1465
1784152500,1.14659,1.14647,1.146625,1.146385
1784152800,1.14641,1.146625,1.14683,1.14641
1784153100,1.146625,1.146615,1.146635,1.14659
1784153400,1.146615,1.146655,1.146685,1.14661
1784153700,1.14665,1.14662,1.14666,1.146545
1784154000,1.146625,1.146595,1.146625,1.14657
1784154300,1.146595,1.146735,1.14674,1.14658
1784154600,1.14674,1.14664,1.14676,1.14664
1784154900,1.146645,1.1467,1.146715,1.146625
1784155200,1.146705,1.146675,1.146725,1.14665
1784155500,1.146675,1.14665,1.14668,1.146635
1784155800,1.14665,1.146585,1.14671,1.146525
1784156100,1.14659,1.146705,1.146705,1.14659
1784156400,1.1467,1.146705,1.146775,1.146695
1784156700,1.146705,1.146775,1.146775,1.14666
1784157000,1.146775,1.146885,1.146885,1.146765
1784157300,1.14688,1.14692,1.146955,1.146765
1784157600,1.146915,1.146815,1.14692,1.146805
1784157900,1.146815,1.146935,1.14697,1.146815
1784158200,1.14693,1.14694,1.14694,1.146845
1784158500,1.14694,1.146965,1.146975,1.146885
1784158800,1.146965,1.147055,1.147075,1.14692
1784159100,1.147055,1.147085,1.147085,1.14701
1784159400,1.14708,1.14699,1.147085,1.146945
1784159700,1.14699,1.146975,1.14704,1.14691
1784160000,1.14698,1.147045,1.14723,1.14692
1784160300,1.14705,1.14711,1.14715,1.14699
1784160600,1.147115,1.14739,1.1474,1.14709
1784160900,1.14738,1.14723,1.147395,1.147135
1784161200,1.14723,1.14723,1.14724,1.14701
1784161500,1.14723,1.147185,1.14728,1.14716
1784161800,1.14719,1.14691,1.147235,1.146855
1784162100,1.146915,1.14689,1.14694,1.1468
1784162400,1.14689,1.14698,1.1471,1.146855
1784162700,1.146975,1.146785,1.147055,1.146725
1784163000,1.14678,1.146935,1.147175,1.146755
1784163300,1.14693,1.147375,1.14746,1.14686
1784163600,1.147365,1.147285,1.1474,1.14726
1784163900,1.14729,1.147125,1.14729,1.147085
1784164200,1.147125,1.147285,1.147285,1.14705
1784164500,1.147285,1.14693,1.147305,1.14686
1784164800,1.146935,1.147155,1.147225,1.1469
1784165100,1.147155,1.14695,1.147245,1.146935
1784165400,1.146965,1.14671,1.147065,1.146655
1784165700,1.146705,1.14667,1.146715,1.146515
1784166000,1.14667,1.14669,1.146755,1.146605
1784166300,1.146695,1.146665,1.14672,1.146615
1784166600,1.14667,1.146565,1.146685,1.14656
1784166900,1.14656,1.146585,1.146585,1.1465
1784167200,1.146585,1.14645,1.146585,1.14641
1784167500,1.146445,1.146415,1.14648,1.14636
1784167800,1.14641,1.14607,1.14652,1.14604
1784168100,1.146075,1.146245,1.146265,1.14601
1784168400,1.14624,1.14641,1.14647,1.146225
1784168700,1.14641,1.14643,1.14643,1.146255
1784169000,1.146425,1.14642,1.146515,1.14633
1784169300,1.146425,1.146285,1.146455,1.14625
1784169600,1.14629,1.146315,1.14633,1.146205
1784169900,1.146315,1.146235,1.146355,1.14622
1784170200,1.14624,1.14631,1.146315,1.146155
1784170500,1.146315,1.14647,1.146485,1.146265
1784170800,1.146465,1.14642,1.14648,1.146335
1784171100,1.14642,1.146615,1.14666,1.146415
1784171400,1.14662,1.14658,1.146685,1.14648
1784171700,1.146575,1.14667,1.14672,1.146565
1784172000,1.146665,1.146735,1.146775,1.14665
1784172300,1.146735,1.1468,1.14683,1.14673
1784172600,1.146795,1.14686,1.14688,1.14676
1784172900,1.146855,1.146815,1.14688,1.146815
1784173200,1.146815,1.146715,1.146855,1.146705
1784173500,1.146715,1.1467,1.146755,1.14665
1784173800,1.146705,1.14657,1.146705,1.14656
1784174100,1.146565,1.146655,1.14666,1.146555
1784174400,1.14666,1.14652,1.14667,1.146515
1784174700,1.14652,1.14638,1.14657,1.14638
1784175000,1.146385,1.14651,1.146555,1.14638
1784175300,1.14651,1.146385,1.146515,1.146375
1784175600,1.14638,1.146465,1.14647,1.146375
1784175900,1.14646,1.14632,1.14646,1.14631
1784176200,1.14632,1.14642,1.146445,1.146315
1784176500,1.146425,1.146585,1.146595,1.146395
1784176800,1.14658,1.1466,1.14673,1.14657
1784177100,1.1466,1.14662,1.14667,1.146595
1784177400,1.146615,1.146675,1.146675,1.146585
1784177700,1.14667,1.14662,1.14667,1.146515
1784178000,1.146625,1.146635,1.14669,1.14661
1784178300,1.146635,1.14664,1.146675,1.146565
1784178600,1.14664,1.14673,1.146755,1.14663
1784178900,1.14673,1.146745,1.14684,1.146725
1784179200,1.14675,1.146705,1.14678,1.14668
1784179500,1.1467,1.14667,1.146765,1.146625
1784179800,1.146665,1.146855,1.14688,1.14661
1784180100,1.146845,1.14667,1.146845,1.146655
1784180400,1.14667,1.14671,1.14678,1.14666
1784180700,1.146715,1.14645,1.14672,1.14645
1784181000,1.146455,1.146435,1.146555,1.14638
1784181300,1.14643,1.14633,1.14654,1.146215
1784181600,1.146335,1.14656,1.14678,1.14633
1784181900,1.14656,1.146765,1.146845,1.146435
1784182200,1.14677,1.1469,1.146945,1.14667
1784182500,1.146895,1.14666,1.146895,1.146575
1784182800,1.146665,1.146865,1.146945,1.146615
1784183100,1.146865,1.14682,1.146945,1.14678
1784183400,1.146815,1.14661,1.14683,1.14659
1784183700,1.146615,1.146665,1.14671,1.14652
1784184000,1.14667,1.14667,1.14668,1.146505
1784184300,1.14667,1.146795,1.14683,1.146625
1784184600,1.146795,1.14686,1.1469,1.14674
1784184900,1.146855,1.14685,1.147095,1.146815
1784185200,1.14686,1.14701,1.147025,1.14678
1784185500,1.147015,1.146815,1.147015,1.14667
1784185800,1.14681,1.14682,1.14697,1.14673
1784186100,1.146825,1.14712,1.147175,1.146795
1784186400,1.14711,1.14708,1.147245,1.14693
1784186700,1.14707,1.146915,1.147095,1.146775
1784187000,1.14691,1.14691,1.146965,1.14673
1784187300,1.146925,1.1471,1.1472,1.14687
1784187600,1.147105,1.14714,1.1472,1.14701
1784187900,1.14714,1.147625,1.14764,1.147135
1784188200,1.14762,1.147215,1.14762,1.14706
1784188500,1.14722,1.14692,1.14734,1.146865
1784188800,1.146925,1.146805,1.147195,1.14673
1784189100,1.1468,1.146615,1.146825,1.14651
1784189400,1.14661,1.14643,1.146695,1.14635
1784189700,1.146435,1.14633,1.146505,1.14626
1784190000,1.146335,1.14632,1.146445,1.14625
1784190300,1.146325,1.146495,1.14664,1.1463
1784190600,1.14649,1.14671,1.14678,1.14649
1784190900,1.146715,1.146685,1.146785,1.14662
1784191200,1.14668,1.14672,1.14684,1.146625
1784191500,1.146725,1.14662,1.146735,1.146555
1784191800,1.14662,1.14643,1.14676,1.14636
1784192100,1.146435,1.14659,1.146605,1.146275
1784192400,1.14659,1.14632,1.14659,1.14627
1784192700,1.14632,1.14633,1.146475,1.146305
1784193000,1.14633,1.146515,1.146595,1.14633
1784193300,1.146515,1.146595,1.14669,1.14643
1784193600,1.1466,1.146405,1.14661,1.146375
1784193900,1.146405,1.146345,1.146495,1.146275
1784194200,1.14634,1.146145,1.146395,1.146085
1784194500,1.146145,1.14629,1.14639,1.146065
1784194800,1.146295,1.14652,1.14654,1.14624
1784195100,1.146525,1.146715,1.146735,1.14651
1784195400,1.14671,1.14678,1.146785,1.146525
1784195700,1.146785,1.14662,1.14683,1.146565
1784196000,1.146625,1.146505,1.14663,1.146425
1784196300,1.14651,1.14657,1.14661,1.14644
1784196600,1.146565,1.14657,1.146635,1.14648
1784196900,1.146565,1.14665,1.146745,1.146565
1784197200,1.146645,1.146735,1.146845,1.146625
1784197500,1.14674,1.146535,1.14679,1.1465
1784197800,1.14653,1.14629,1.146555,1.146205
1784198100,1.146285,1.146245,1.146395,1.146235
1784198400,1.146245,1.146465,1.146515,1.14624
1784198700,1.146465,1.146535,1.14663,1.146455
1784199000,1.14653,1.14645,1.146555,1.146325
1784199300,1.146455,1.14599,1.146455,1.145935
1784199600,1.145985,1.146045,1.146235,1.145885
1784199900,1.14604,1.14617,1.1462,1.14597
1784200200,1.146175,1.146035,1.146195,1.14598
1784200500,1.14604,1.146185,1.14621,1.14582
1784200800,1.14619,1.146285,1.14632,1.14611
1784201100,1.146285,1.146025,1.146305,1.14588
1784201400,1.14602,1.146275,1.14629,1.146015
1784201700,1.14628,1.14638,1.14638,1.146215
1784202000,1.146385,1.14646,1.14665,1.14627
1784202300,1.14646,1.14612,1.146695,1.14583
1784202600,1.14613,1.14639,1.14647,1.145645
1784202900,1.146385,1.146855,1.1469,1.14637
1784203200,1.14686,1.14692,1.14702,1.146705
1784203500,1.146915,1.14674,1.14707,1.146715
1784203800,1.146735,1.146465,1.14676,1.14636
1784204100,1.14647,1.146515,1.14654,1.146215
1784204400,1.14651,1.14624,1.146515,1.14611
1784204700,1.146235,1.14639,1.146435,1.145985
1784205000,1.146385,1.145825,1.146515,1.145755
1784205300,1.14583,1.145625,1.145945,1.14527
1784205600,1.14563,1.145265,1.145745,1.14512
1784205900,1.14526,1.14542,1.145605,1.145145
1784206200,1.145415,1.145195,1.145525,1.145145
1784206500,1.14519,1.144755,1.145225,1.144695
1784206800,1.14476,1.14453,1.14491,1.144445
1784207100,1.144535,1.14505,1.14505,1.14453
1784207400,1.145045,1.145345,1.145365,1.145
1784207700,1.14533,1.145375,1.14538,1.145085
1784208000,1.14537,1.14549,1.145565,1.145335
1784208300,1.14547,1.14582,1.145845,1.14539
1784208600,1.145825,1.145685,1.145925,1.145645
1784208900,1.14568,1.14571,1.145815,1.145445
1784209200,1.145715,1.145355,1.14589,1.14533
1784209500,1.14536,1.14534,1.14538,1.1452
1784209800,1.145335,1.145525,1.145615,1.14523
1784210100,1.14552,1.14497,1.14552,1.144955
1784210400,1.144975,1.145385,1.145395,1.144925
1784210700,1.14539,1.14503,1.145395,1.14503
1784211000,1.145025,1.14482,1.145025,1.1445
1784211300,1.144825,1.14514,1.145145,1.14469
1784211600,1.145135,1.145005,1.145245,1.144895
1784211900,1.145,1.14493,1.1452,1.144905
1784212200,1.144935,1.145155,1.14524,1.14491
1784212500,1.14515,1.14441,1.14515,1.14435
1784212800,1.144415,1.144475,1.14448,1.14424
1784213100,1.144485,1.14427,1.14463,1.14419
1784213400,1.144275,1.144145,1.14436,1.144
1784213700,1.144135,1.144295,1.14452,1.144
1784214000,1.14429,1.14378,1.14431,1.14365
1784214300,1.143785,1.143895,1.14402,1.14377
1784214600,1.1439,1.14419,1.144195,1.143895
1784214900,1.14419,1.144175,1.14434,1.14415
1784215200,1.14418,1.144,1.1444,1.144
1784215500,1.144005,1.14405,1.14419,1.14399
1784215800,1.144055,1.1445,1.144515,1.144015
1784216100,1.144495,1.14451,1.14454,1.1443
1784216400,1.1445,1.14466,1.144685,1.144445
1784216700,1.144655,1.14486,1.14489,1.14456
1784217000,1.144855,1.14495,1.14497,1.14471
1784217300,1.144945,1.144705,1.144965,1.14455
1784217600,1.1447,1.14438,1.14472,1.144345
1784217900,1.144385,1.14415,1.144415,1.144105
1784218200,1.144145,1.1442,1.14431,1.14408
1784218500,1.144195,1.144065,1.144295,1.144045
1784218800,1.14407,1.143695,1.14407,1.14361
1784219100,1.143695,1.143615,1.143775,1.143555
1784219400,1.14362,1.143805,1.143865,1.14357
1784219700,1.1438,1.14369,1.14385,1.143655
1784220000,1.14369,1.1437,1.14375,1.14346
1784220300,1.1437,1.143705,1.14376,1.143595
1784220600,1.143705,1.14356,1.14381,1.143535
1784220900,1.143555,1.14348,1.14369,1.14342
1784221200,1.143475,1.14324,1.14352,1.143145
1784221500,1.14324,1.143195,1.143245,1.14313
1784221800,1.1432,1.1432,1.143265,1.143095
1784222100,1.14321,1.14339,1.143395,1.143185
1784222400,1.143395,1.14345,1.14347,1.14336
1784222700,1.14345,1.14352,1.143535,1.1434
1784223000,1.14351,1.14339,1.14358,1.143355
1784223300,1.143395,1.14336,1.14341,1.14327
1784223600,1.143355,1.14346,1.143515,1.143345
1784223900,1.143465,1.14365,1.1437,1.143435
1784224200,1.143655,1.143765,1.14384,1.143615
1784224500,1.143765,1.143655,1.143825,1.14365
1784224800,1.14365,1.14351,1.143685,1.143505
1784225100,1.143505,1.14362,1.14369,1.143495
1784225400,1.14362,1.143765,1.1438,1.14362
1784225700,1.14377,1.1438,1.14384,1.143755
1784226000,1.143805,1.14371,1.14392,1.14369
1784226300,1.143705,1.143665,1.14376,1.143645
1784226600,1.14366,1.143615,1.143755,1.14361
1784226900,1.14361,1.14366,1.14367,1.14357
1784227200,1.143665,1.143765,1.14378,1.143625
1784227500,1.143765,1.14372,1.143865,1.14372
1784227800,1.143715,1.143755,1.14378,1.14368
1784228100,1.14375,1.14385,1.143875,1.14372
1784228400,1.143845,1.143955,1.14401,1.14379
1784228700,1.14395,1.14386,1.143955,1.143835
1784229000,1.14386,1.143745,1.14389,1.143735
1784229300,1.14374,1.14371,1.143775,1.143605
1784229600,1.143715,1.143535,1.143765,1.143525
1784229900,1.14354,1.143515,1.1436,1.14343
1784230200,1.14352,1.1436,1.143665,1.143505
1784230500,1.143605,1.143715,1.143765,1.143565
1784230800,1.14372,1.14372,1.1438,1.1437
1784231100,1.143725,1.14389,1.1439,1.14371
1784231400,1.143895,1.144145,1.14415,1.14383
1784231700,1.14415,1.14404,1.14417,1.14399
1784232000,1.144045,1.14419,1.1442,1.143985
1784232300,1.144195,1.14411,1.1442,1.144105
1784232600,1.144115,1.14403,1.144135,1.14401
1784232900,1.14403,1.144025,1.14407,1.144025
1784233200,1.14402,1.14389,1.14402,1.143885
1784233500,1.143885,1.143965,1.143965,1.14385
1784233800,1.14397,1.144265,1.14442,1.143945
1784234100,1.144265,1.14438,1.144385,1.144265
1784234400,1.144385,1.14429,1.144385,1.144275
1784234700,1.14429,1.14434,1.14439,1.144285
1784235000,1.144335,1.144365,1.144435,1.144335
1784235300,1.144375,1.144175,1.14445,1.144175
1784235600,1.14409,1.14413,1.14415,1.14409
1784235900,1.144145,1.144165,1.144165,1.144135
1784236200,1.144165,1.144375,1.144375,1.144155
1784236500,1.14436,1.14427,1.14438,1.144245
1784236800,1.14427,1.144155,1.14434,1.14415
1784237100,1.144155,1.14429,1.1443,1.144115
1784237400,1.144285,1.144235,1.14433,1.14423
1784237700,1.144235,1.144245,1.14437,1.14419
1784238000,1.144245,1.1443,1.14432,1.144175
1784238300,1.14428,1.1443,1.144365,1.144265
1784238600,1.1443,1.1443,1.144345,1.144265
1784238900,1.1443,1.144275,1.144345,1.14426
1784239200,1.14428,1.1445,1.1445,1.14422
1784239500,1.144505,1.144445,1.144505,1.1444
1784239800,1.144445,1.144435,1.144495,1.144425
1784240100,1.144435,1.144395,1.144445,1.14438
1784240400,1.1444,1.14439,1.1444,1.144375
1784240700,1.14439,1.144385,1.144395,1.144345
1784241000,1.144385,1.144345,1.14441,1.14434
1784241300,1.144345,1.144345,1.144345,1.14431
1784241600,1.144345,1.144325,1.14435,1.144325
1784241900,1.144325,1.144245,1.144325,1.144235
1784242200,1.144245,1.144245,1.14426,1.144245
1784242500,1.144245,1.14434,1.144355,1.144245
1784242800,1.144335,1.14437,1.144395,1.14432
1784243100,1.144365,1.14432,1.14437,1.1443
1784243400,1.144325,1.14442,1.144445,1.14427
1784243700,1.14442,1.144405,1.144455,1.14439
1784244000,1.144405,1.1444,1.144405,1.1444
1784244300,1.1444,1.144485,1.144555,1.1444
1784244600,1.14448,1.144495,1.144515,1.144445
1784244900,1.144495,1.144645,1.14465,1.144495
1784245200,1.144645,1.144525,1.144645,1.14452
1784245500,1.144525,1.14444,1.144535,1.14442
1784245800,1.14444,1.144385,1.144445,1.144375
1784246100,1.144385,1.144515,1.144535,1.144385
1784246400,1.144535,1.144525,1.14463,1.144445
1784246700,1.14453,1.1445,1.14459,1.14449
1784247000,1.1445,1.14444,1.144525,1.14439
1784247300,1.144435,1.144435,1.144595,1.144435
1784247600,1.144425,1.144305,1.14445,1.1443
1784247900,1.1443,1.144205,1.14435,1.14418
1784248200,1.144205,1.144195,1.144315,1.14413
1784248500,1.144195,1.144235,1.144335,1.14419
1784248800,1.144235,1.144145,1.144245,1.144135
1784249100,1.14414,1.144295,1.144295,1.14414
1784249400,1.14429,1.144515,1.14455,1.14427
1784249700,1.14452,1.144685,1.14469,1.14442
1784250000,1.14469,1.144655,1.14481,1.144625
1784250300,1.14465,1.14458,1.144745,1.1445
1784250600,1.144575,1.144455,1.144585,1.14435
1784250900,1.144455,1.144595,1.14467,1.14445
1784251200,1.14459,1.144545,1.14467,1.144495
1784251500,1.144545,1.144355,1.144565,1.14433
1784251800,1.14435,1.14436,1.144445,1.144285
1784252100,1.144355,1.144205,1.144355,1.14417
1784252400,1.144205,1.14433,1.144355,1.14418
1784252700,1.144325,1.144055,1.144325,1.144045
1784253000,1.14405,1.14378,1.14411,1.14374
1784253300,1.143785,1.14391,1.14393,1.14374
1784253600,1.14391,1.143945,1.144155,1.143895
1784253900,1.14394,1.14403,1.14408,1.143905
1784254200,1.14403,1.144105,1.14413,1.14403
1784254500,1.1441,1.144105,1.14415,1.144055
1784254800,1.1441,1.144055,1.144115,1.14394
1784255100,1.14405,1.1439,1.144065,1.143895
1784255400,1.1439,1.143755,1.144005,1.143735
1784255700,1.14376,1.143775,1.143855,1.143665
1784256000,1.14377,1.143805,1.14382,1.143695
1784256300,1.143805,1.14389,1.1439,1.14376
1784256600,1.143885,1.14371,1.14396,1.14371
1784256900,1.143705,1.14369,1.14379,1.14366
1784257200,1.143695,1.143785,1.14383,1.14364
1784257500,1.14379,1.14384,1.14402,1.14379
1784257800,1.14384,1.143785,1.14384,1.14374
1784258100,1.143785,1.14395,1.144015,1.143785
1784258400,1.143945,1.143855,1.14401,1.143855
1784258700,1.14385,1.143935,1.143945,1.143825
1784259000,1.14393,1.14386,1.14399,1.14378
1784259300,1.14386,1.14366,1.14389,1.14366
1784259600,1.143665,1.14364,1.143715,1.14359
1784259900,1.14364,1.143685,1.143695,1.14359
1784260200,1.14369,1.14391,1.143925,1.14366
1784260500,1.14391,1.143935,1.143955,1.14389
1784260800,1.14393,1.143845,1.14395,1.14381
1784261100,1.143845,1.143785,1.143865,1.143775
1784261400,1.143785,1.143795,1.14383,1.14378
1784261700,1.143795,1.14381,1.143835,1.14374
1784262000,1.14381,1.14374,1.14384,1.143735
1784262300,1.143735,1.14364,1.143745,1.143605
1784262600,1.14363,1.14371,1.14377,1.14359
1784262900,1.143715,1.14378,1.143815,1.14371
1784263200,1.143775,1.143685,1.14379,1.14363
1784263500,1.143685,1.14361,1.14379,1.14361
1784263800,1.143605,1.14361,1.14362,1.143465
1784264100,1.14361,1.143615,1.14367,1.143595
1784264400,1.14362,1.14368,1.143695,1.14357
1784264700,1.14368,1.143665,1.143705,1.1436
1784265000,1.14366,1.143665,1.143725,1.143635
1784265300,1.143665,1.143705,1.143815,1.14357
1784265600,1.143705,1.143605,1.14379,1.14359
1784265900,1.143605,1.143705,1.143745,1.14358
1784266200,1.1437,1.14389,1.143965,1.1437
1784266500,1.1439,1.14417,1.14419,1.14388
1784266800,1.144175,1.14418,1.14436,1.14409
1784267100,1.14418,1.144245,1.14427,1.144085
1784267400,1.144245,1.14426,1.14435,1.144155
1784267700,1.144255,1.14398,1.144255,1.14392
1784268000,1.14397,1.14423,1.144245,1.14394
1784268300,1.14423,1.14408,1.14427,1.144015
1784268600,1.144075,1.1446,1.1446,1.144025
1784268900,1.144595,1.144795,1.14488,1.14457
1784269200,1.1448,1.14507,1.145075,1.144625
1784269500,1.145075,1.14485,1.145135,1.144845
1784269800,1.144855,1.144975,1.145055,1.144775
1784270100,1.14498,1.144985,1.14503,1.144905
1784270400,1.14499,1.14495,1.145165,1.144905
1784270700,1.144945,1.144885,1.145125,1.144835
1784271000,1.14489,1.14495,1.145045,1.14485
1784271300,1.14494,1.144985,1.145225,1.144885
1784271600,1.14499,1.14516,1.145225,1.144975
1784271900,1.145165,1.144825,1.145215,1.14476
1784272200,1.144835,1.1449,1.14492,1.14473
1784272500,1.144895,1.14458,1.144915,1.14455
1784272800,1.144575,1.14451,1.14459,1.144425
1784273100,1.144505,1.14468,1.14471,1.14448
1784273400,1.144685,1.144595,1.145,1.14455
1784273700,1.14459,1.14464,1.144645,1.14444
1784274000,1.14464,1.14469,1.144695,1.144435
1784274300,1.144685,1.14486,1.14492,1.14463
1784274600,1.144855,1.14478,1.14496,1.1447
1784274900,1.144775,1.14448,1.144805,1.14447
1784275200,1.144485,1.144725,1.144795,1.14448
1784275500,1.14473,1.144615,1.14476,1.14458
1784275800,1.14461,1.14408,1.144645,1.14401
1784276100,1.144085,1.14362,1.14409,1.143575
1784276400,1.14362,1.143945,1.14405,1.14362
1784276700,1.14394,1.144015,1.144095,1.143785
1784277000,1.14403,1.14431,1.144375,1.143965
1784277300,1.144305,1.14419,1.144345,1.144165
1784277600,1.14418,1.14426,1.144275,1.143965
1784277900,1.144255,1.144235,1.14432,1.144075
1784278200,1.14423,1.143975,1.14425,1.143925
1784278500,1.144,1.144125,1.144245,1.144
1784278800,1.14412,1.144,1.144195,1.143855
1784279100,1.14399,1.14418,1.14424,1.143925
1784279400,1.144175,1.14387,1.14421,1.143715
1784279700,1.143865,1.143855,1.143945,1.143745
1784280000,1.14385,1.14409,1.1441,1.14383
1784280300,1.14409,1.144185,1.14425,1.144055
1784280600,1.144185,1.14378,1.14419,1.14377
1784280900,1.143775,1.14369,1.143835,1.143635
1784281200,1.143685,1.14378,1.14384,1.143645
1784281500,1.14377,1.14394,1.143995,1.143755
1784281800,1.143935,1.144,1.144005,1.14375
1784282100,1.143995,1.14405,1.14406,1.14393
1784282400,1.144045,1.143725,1.14405,1.14356
1784282700,1.14373,1.143775,1.14389,1.143705
1784283000,1.143775,1.143925,1.143965,1.143745
1784283300,1.14392,1.143535,1.144045,1.143525
1784283600,1.14353,1.14333,1.143655,1.143255
1784283900,1.143325,1.143235,1.14334,1.143125
1784284200,1.14323,1.14326,1.143385,1.14313
1784284500,1.143255,1.143215,1.1433,1.14318
1784284800,1.14321,1.143265,1.14331,1.1431
1784285100,1.14327,1.14321,1.14332,1.143095
1784285400,1.143205,1.14317,1.14321,1.142675
1784285700,1.14316,1.142675,1.143245,1.142615
1784286000,1.14267,1.14259,1.142895,1.14253
1784286300,1.142595,1.142895,1.142895,1.14246
1784286600,1.142895,1.142905,1.143035,1.1428
1784286900,1.14291,1.14302,1.14307,1.142735
1784287200,1.143015,1.14289,1.14306,1.14279
1784287500,1.14289,1.143045,1.14309,1.14279
1784287800,1.14304,1.14328,1.143285,1.143
1784288100,1.14328,1.14354,1.143605,1.14326
1784288400,1.143545,1.143345,1.143605,1.14332
1784288700,1.14335,1.143135,1.14349,1.14312
1784289000,1.143135,1.143225,1.143285,1.142935
1784289300,1.14322,1.143015,1.14322,1.142935
1784289600,1.14302,1.14326,1.143415,1.143005
1784289900,1.14326,1.143475,1.14353,1.1432
1784290200,1.143485,1.143295,1.143535,1.14312
1784290500,1.14329,1.14319,1.143315,1.1431
1784290800,1.1432,1.143315,1.14337,1.14309
1784291100,1.14332,1.14344,1.143445,1.14323
1784291400,1.143435,1.14283,1.14344,1.142805
1784291700,1.142835,1.14279,1.142995,1.142745
1784292000,1.142785,1.142695,1.142805,1.142595
1784292300,1.14269,1.142855,1.14295,1.142485
1784292600,1.14286,1.142675,1.142905,1.14266
1784292900,1.14268,1.142915,1.14293,1.14268
1784293200,1.14292,1.142745,1.143025,1.142575
1784293500,1.14275,1.142795,1.14286,1.142575
1784293800,1.1428,1.14295,1.143185,1.142745
1784294100,1.142945,1.142595,1.142985,1.142445
1784294400,1.14259,1.142615,1.142845,1.14247
1784294700,1.14262,1.142535,1.14281,1.142505
1784295000,1.14254,1.14293,1.143,1.142485
1784295300,1.142935,1.143185,1.143305,1.142925
1784295600,1.14318,1.14321,1.143245,1.14294
1784295900,1.1432,1.14334,1.14336,1.14302
1784296200,1.143335,1.14354,1.143705,1.14331
1784296500,1.14355,1.1436,1.143655,1.143445
1784296800,1.143605,1.14353,1.14374,1.143295
1784297100,1.143525,1.143615,1.14375,1.143475
1784297400,1.14361,1.143645,1.143755,1.14355
1784297700,1.14364,1.144075,1.144095,1.14364
1784298000,1.14407,1.14391,1.14411,1.14391
1784298300,1.143905,1.143545,1.144015,1.14344
1784298600,1.143545,1.143645,1.14386,1.143495
1784298900,1.14364,1.14386,1.143905,1.143555
1784299200,1.143855,1.14421,1.144255,1.143805
1784299500,1.144215,1.14415,1.144415,1.14411
1784299800,1.144155,1.14409,1.144235,1.14398
1784300100,1.144085,1.14397,1.1441,1.1438
1784300400,1.143975,1.144195,1.144195,1.143895
1784300700,1.1442,1.144185,1.14433,1.14414
1784301000,1.14418,1.14394,1.144235,1.14387
1784301300,1.143945,1.14406,1.14413,1.143925
1784301600,1.144065,1.14423,1.144445,1.144055
1784301900,1.14423,1.144155,1.14427,1.144125
1784302200,1.14416,1.144005,1.14426,1.143965
1784302500,1.14401,1.144035,1.1442,1.143875
1784302800,1.14404,1.14373,1.144055,1.14371
1784303100,1.143735,1.143965,1.144115,1.143735
1784303400,1.143965,1.14395,1.144085,1.1439
1784303700,1.14396,1.144,1.14407,1.143855
1784304000,1.144005,1.14362,1.14407,1.14341
1784304300,1.143625,1.143955,1.14397,1.143485
1784304600,1.14396,1.14399,1.14401,1.143755
1784304900,1.143995,1.14385,1.14403,1.14383
1784305200,1.143855,1.143935,1.14395,1.143795
1784305500,1.14393,1.144095,1.14417,1.14384
1784305800,1.144095,1.14408,1.144155,1.144035
1784306100,1.144085,1.14394,1.1441,1.143885
1784306400,1.143935,1.143985,1.14405,1.143935
1784306700,1.14398,1.143835,1.14399,1.14371
1784307000,1.14384,1.143925,1.143935,1.143785
1784307300,1.14393,1.14383,1.14393,1.14373
1784307600,1.143835,1.143735,1.143885,1.14368
1784307900,1.14373,1.143575,1.143765,1.14354
1784308200,1.14357,1.143465,1.14363,1.143425
1784308500,1.14346,1.14337,1.143555,1.143335
1784308800,1.143365,1.143405,1.143495,1.14333
1784309100,1.143405,1.14358,1.143615,1.143395
1784309400,1.14358,1.1436,1.1436,1.14347
1784309700,1.143595,1.143505,1.143615,1.14348
1784310000,1.1435,1.143395,1.1435,1.14338
1784310300,1.1434,1.143485,1.14349,1.14338
1784310600,1.143485,1.143485,1.143505,1.143425
1784310900,1.143485,1.143435,1.143495,1.143395
1784311200,1.14344,1.143435,1.14344,1.14336
1784311500,1.14343,1.14347,1.143525,1.14338
1784311800,1.143475,1.14353,1.14362,1.14343
1784312100,1.143525,1.14361,1.143675,1.14344
1784312400,1.1436,1.14355,1.143735,1.143535
1784312700,1.143555,1.14369,1.14369,1.14353
1784313000,1.143685,1.1437,1.143745,1.143635
1784313300,1.143705,1.143635,1.143715,1.143595
1784313600,1.14364,1.14358,1.14364,1.14355
1784313900,1.143585,1.14351,1.143635,1.1435
1784314200,1.143505,1.1436,1.14362,1.14348
1784314500,1.143605,1.143535,1.143645,1.14353
1784314800,1.14353,1.143585,1.14364,1.143505
1784315100,1.14359,1.143635,1.14365,1.14359
1784315400,1.143635,1.143595,1.143655,1.143575
1784315700,1.143595,1.143535,1.1436,1.14348
1784316000,1.14353,1.14349,1.143715,1.14349
1784316300,1.143495,1.143585,1.14364,1.143375
1784316600,1.14359,1.14362,1.14366,1.14358
1784316900,1.14362,1.143425,1.14364,1.14342
1784317200,1.143425,1.14381,1.14391,1.14339
1784317500,1.143805,1.143805,1.14388,1.14378
1784317800,1.14381,1.143915,1.143935,1.14378
1784318100,1.14392,1.144085,1.14414,1.14387
1784318400,1.14409,1.144115,1.14424,1.14409
1784318700,1.14411,1.14404,1.14418,1.14402
1784319000,1.14404,1.14392,1.14404,1.143915
1784319300,1.143925,1.143925,1.143975,1.143905
1784319600,1.14392,1.14375,1.14392,1.143625
1784319900,1.143745,1.143775,1.1438,1.143685
1784320200,1.14378,1.143785,1.143855,1.143775
1784320500,1.14379,1.143735,1.14379,1.143705
1784320800,1.143735,1.143755,1.143755,1.143675
1784321100,1.14375,1.14378,1.14381,1.14363
1784321400,1.143785,1.1438,1.14386,1.14374
1784321700,1.143805,1.14395,1.14399,1.1437
1784494800,1.14395,1.14271,1.14395,1.142605
1784495100,1.142675,1.14298,1.142985,1.142675
1784495400,1.14298,1.1431,1.143105,1.142895
1784495700,1.143095,1.14294,1.1431,1.142925
1784496000,1.14294,1.143,1.143025,1.142915
1784496300,1.143,1.142995,1.143025,1.142985
1784496600,1.142995,1.14298,1.14306,1.14295
1784496900,1.14298,1.143145,1.143215,1.14298
1784497200,1.14314,1.143115,1.143215,1.14309
1784497500,1.14312,1.143115,1.143215,1.143115
1784497800,1.143135,1.14313,1.143135,1.14311
1784498100,1.14313,1.142965,1.14314,1.142875
1784498400,1.14295,1.14262,1.14303,1.142475
1784498700,1.142625,1.14295,1.14295,1.142625
1784499000,1.142945,1.14298,1.14311,1.14284
1784499300,1.14297,1.14291,1.143145,1.142755
1784499600,1.142905,1.142785,1.142975,1.14278
1784499900,1.142785,1.142745,1.142805,1.142635
1784500200,1.14274,1.14288,1.143,1.14264
1784500500,1.14288,1.142855,1.142905,1.142835
1784500800,1.142855,1.142825,1.14291,1.142785
1784501100,1.14283,1.142795,1.142835,1.142755
1784501400,1.142795,1.142665,1.1428,1.14265
1784501700,1.142675,1.14265,1.142715,1.142635
1784502000,1.142655,1.14254,1.1427,1.14254
1784502300,1.14254,1.1426,1.142625,1.14254
1784502600,1.142605,1.142535,1.142635,1.14251
1784502900,1.142535,1.142435,1.14259,1.142395
1784503200,1.142435,1.14249,1.142495,1.142365
1784503500,1.14249,1.142555,1.142575,1.14246
1784503800,1.142555,1.142495,1.142555,1.142475
1784504100,1.142495,1.142545,1.14264,1.14249
1784504400,1.142545,1.142675,1.142705,1.142545
1784504700,1.14268,1.142685,1.142715,1.142525
1784505000,1.14268,1.142595,1.142755,1.142535
1784505300,1.142605,1.142745,1.142755,1.142595
1784505600,1.14275,1.14291,1.14295,1.142645
1784505900,1.14291,1.14305,1.143115,1.142905
1784506200,1.143045,1.142975,1.143105,1.14295
1784506500,1.14298,1.143155,1.143205,1.14298
1784506800,1.14315,1.14324,1.14328,1.143055
1784507100,1.143235,1.14324,1.143285,1.14315
1784507400,1.143235,1.143115,1.143235,1.14309
1784507700,1.14311,1.143075,1.14316,1.143035
1784508000,1.143075,1.14316,1.1432,1.14307
1784508300,1.143165,1.143205,1.143265,1.143165
1784508600,1.143205,1.1433,1.14334,1.143195
1784508900,1.143305,1.143345,1.143355,1.143275
1784509200,1.143345,1.143515,1.143565,1.143345
1784509500,1.143515,1.143515,1.143555,1.143385
1784509800,1.143515,1.143195,1.143515,1.143125
1784510100,1.143205,1.14321,1.143315,1.143155
1784510400,1.143215,1.143325,1.143335,1.143155
1784510700,1.143315,1.143455,1.143455,1.1433
1784511000,1.143455,1.14347,1.143565,1.143425
1784511300,1.143465,1.143425,1.143485,1.143395
1784511600,1.143425,1.143295,1.14349,1.143165
1784511900,1.1433,1.143345,1.14338,1.14324
1784512200,1.14335,1.143355,1.143415,1.14326
1784512500,1.14336,1.143605,1.143645,1.14336
1784512800,1.143605,1.143655,1.143715,1.14346
1784513100,1.14366,1.14369,1.143775,1.143585
1784513400,1.14369,1.14364,1.14381,1.143585
1784513700,1.143645,1.14364,1.14371,1.143615
1784514000,1.143635,1.143695,1.143705,1.14363
1784514300,1.143695,1.1439,1.14392,1.143695
1784514600,1.143905,1.143845,1.143925,1.143825
1784514900,1.14385,1.14395,1.14402,1.143795
1784515200,1.143945,1.144075,1.144295,1.143925
1784515500,1.14408,1.14419,1.144195,1.143965
1784515800,1.14419,1.144225,1.14425,1.144185
1784516100,1.144225,1.144095,1.14423,1.144085
1784516400,1.1441,1.144075,1.14414,1.144005
1784516700,1.144065,1.143995,1.144085,1.14397
1784517000,1.143995,1.14407,1.144125,1.143985
1784517300,1.144065,1.144095,1.1441,1.144015
1784517600,1.144095,1.1441,1.14415,1.14408
1784517900,1.1441,1.144095,1.144115,1.144045
1784518200,1.1441,1.144105,1.14414,1.144075
1784518500,1.14411,1.14411,1.144135,1.144045
1784518800,1.144115,1.14423,1.14426,1.144085
1784519100,1.144235,1.144195,1.14424,1.144195
1784519400,1.144195,1.144245,1.14426,1.144175
1784519700,1.14425,1.14419,1.144255,1.14417
1784520000,1.144185,1.144195,1.144255,1.14415
1784520300,1.144195,1.144185,1.144215,1.144135
1784520600,1.14419,1.144245,1.144295,1.144185
1784520900,1.144255,1.144285,1.144335,1.144255
1784521200,1.144285,1.144345,1.144345,1.144245
1784521500,1.144345,1.14446,1.144465,1.144345
1784521800,1.144455,1.144445,1.14446,1.14437
1784522100,1.144445,1.144415,1.14451,1.144385
1784522400,1.14441,1.144485,1.144505,1.144405
1784522700,1.14449,1.144425,1.14449,1.14441
1784523000,1.144425,1.144475,1.14451,1.14442
1784523300,1.14447,1.144445,1.144475,1.144405
1784523600,1.144445,1.14435,1.1445,1.14431
1784523900,1.14435,1.14435,1.1444,1.144335
1784524200,1.14435,1.144305,1.14438,1.144235
1784524500,1.144305,1.14429,1.144375,1.144265
1784524800,1.14429,1.14429,1.144295,1.144235
1784525100,1.144295,1.1442,1.144295,1.144175
1784525400,1.144195,1.144135,1.14421,1.144115
1784525700,1.144135,1.14405,1.14415,1.144025
1784526000,1.14405,1.14404,1.144125,1.14404
1784526300,1.144045,1.144025,1.14411,1.14401
1784526600,1.14402,1.14423,1.14423,1.144005
1784526900,1.144225,1.14401,1.14423,1.144005
1784527200,1.144015,1.14413,1.14422,1.14398
1784527500,1.144125,1.143785,1.14413,1.14377
1784527800,1.14378,1.143695,1.14378,1.143615
1784528100,1.1437,1.14378,1.143945,1.14367
1784528400,1.143775,1.14378,1.143935,1.14377
1784528700,1.143775,1.14365,1.143785,1.143625
1784529000,1.143655,1.14355,1.14369,1.14341
1784529300,1.143545,1.14379,1.143825,1.143455
1784529600,1.143795,1.14358,1.143925,1.14353
1784529900,1.143575,1.143765,1.14395,1.143565
1784530200,1.14377,1.14374,1.143855,1.14365
1784530500,1.143735,1.143515,1.143845,1.14349
1784530800,1.143525,1.143915,1.14395,1.14345
1784531100,1.143925,1.143635,1.143935,1.143615
1784531400,1.14364,1.14348,1.14364,1.143425
1784531700,1.14348,1.1437,1.14372,1.14344
1784532000,1.143695,1.144095,1.144195,1.14362
1784532300,1.14409,1.14425,1.144255,1.14399
1784532600,1.144255,1.144895,1.14496,1.14419
1784532900,1.14489,1.14479,1.14493,1.14464
1784533200,1.144785,1.1448,1.14493,1.14468
1784533500,1.144795,1.144675,1.144885,1.144595
1784533800,1.14467,1.14433,1.144695,1.144315
1784534100,1.144325,1.14441,1.144455,1.14421
1784534400,1.144415,1.14432,1.14456,1.144305
1784534700,1.144315,1.144315,1.144365,1.14422
1784535000,1.14431,1.144235,1.144325,1.14417
1784535300,1.14423,1.14406,1.144315,1.144055
1784535600,1.144055,1.14401,1.144075,1.14392
1784535900,1.144015,1.14381,1.144075,1.14378
1784536200,1.143815,1.1439,1.143945,1.143735
1784536500,1.143895,1.14426,1.144265,1.14386
1784536800,1.144255,1.144095,1.14437,1.144055
1784537100,1.14409,1.144145,1.14415,1.14401
1784537400,1.144145,1.144065,1.14415,1.14376
1784537700,1.14407,1.143895,1.144165,1.14383
1784538000,1.14389,1.14365,1.14397,1.14362
1784538300,1.14364,1.14336,1.14365,1.14332
1784538600,1.143365,1.14343,1.14351,1.143355
1784538900,1.14343,1.14323,1.143535,1.14322
1784539200,1.14323,1.143435,1.14345,1.143185
1784539500,1.14343,1.143075,1.143455,1.14305
1784539800,1.14307,1.143135,1.14326,1.14306
1784540100,1.14313,1.143035,1.14322,1.143015
1784540400,1.143035,1.14317,1.143245,1.14292
1784540700,1.143165,1.142995,1.143165,1.142945
1784541000,1.14299,1.14297,1.14312,1.142935
1784541300,1.142965,1.14301,1.143035,1.142745
1784541600,1.14302,1.142925,1.143065,1.14288
1784541900,1.142925,1.14314,1.14319,1.142835
1784542200,1.143135,1.14317,1.143335,1.14312
1784542500,1.143165,1.143165,1.14323,1.14312
1784542800,1.143165,1.143185,1.14324,1.143115
1784543100,1.14318,1.14318,1.143285,1.143165
1784543400,1.143175,1.14336,1.14338,1.14312
1784543700,1.14336,1.143585,1.143595,1.14336
1784544000,1.14358,1.14346,1.143625,1.1434
1784544300,1.14345,1.143355,1.143505,1.143315
1784544600,1.14335,1.14332,1.14341,1.143245
1784544900,1.143325,1.143115,1.14346,1.14305
1784545200,1.143125,1.143115,1.143365,1.14308
1784545500,1.14311,1.143005,1.14315,1.14293
1784545800,1.143005,1.14304,1.143095,1.14286
1784546100,1.14304,1.143125,1.14316,1.14301
1784546400,1.143125,1.14312,1.143195,1.143055
1784546700,1.143115,1.143345,1.143355,1.14308
1784547000,1.14334,1.14386,1.14406,1.14334
1784547300,1.143855,1.1436,1.14391,1.143445
1784547600,1.143605,1.1435,1.143695,1.14347
1784547900,1.1435,1.143415,1.143525,1.14332
1784548200,1.143415,1.1433,1.14343,1.14328
1784548500,1.143305,1.14294,1.143305,1.1428
1784548800,1.142935,1.142865,1.142945,1.14252
1784549100,1.142865,1.14257,1.14302,1.1425
1784549400,1.142575,1.14224,1.142625,1.142095
1784549700,1.14225,1.141925,1.14225,1.141845
1784550000,1.14192,1.141975,1.14199,1.14172
1784550300,1.14197,1.14193,1.14199,1.141725
1784550600,1.141925,1.14194,1.142035,1.1417
1784550900,1.14195,1.142245,1.14237,1.141935
1784551200,1.14224,1.141995,1.14225,1.14197
1784551500,1.142,1.14239,1.14241,1.142
1784551800,1.142385,1.142605,1.142795,1.14236
1784552100,1.1426,1.14237,1.142735,1.14234
1784552400,1.142375,1.142055,1.14246,1.142015
1784552700,1.14206,1.141935,1.14209,1.14178
1784553000,1.14193,1.14196,1.142025,1.14188
1784553300,1.14196,1.14177,1.14199,1.1417
1784553600,1.141775,1.141975,1.14198,1.141745
1784553900,1.141975,1.14193,1.142075,1.14176
1784554200,1.141935,1.14187,1.142,1.141795
1784554500,1.141875,1.141715,1.1419,1.141635
1784554800,1.14171,1.14151,1.14183,1.14146
1784555100,1.141515,1.141775,1.14182,1.141435
1784555400,1.14178,1.141725,1.14182,1.141595
1784555700,1.14172,1.14152,1.141855,1.141515
1784556000,1.14152,1.141525,1.141615,1.14144
1784556300,1.141535,1.141375,1.141635,1.141365
1784556600,1.141365,1.14143,1.141485,1.141205
1784556900,1.141445,1.141675,1.141775,1.141405
1784557200,1.14167,1.14137,1.141675,1.14132
1784557500,1.141365,1.141635,1.141735,1.14126
1784557800,1.14164,1.141205,1.14164,1.14109
1784558100,1.14121,1.14103,1.14121,1.140945
1784558400,1.141035,1.140655,1.141035,1.14063
1784558700,1.14066,1.14097,1.14105,1.14056
1784559000,1.140965,1.140565,1.14097,1.140555
1784559300,1.14056,1.14066,1.14077,1.140245
1784559600,1.14067,1.14089,1.140895,1.140475
1784559900,1.140885,1.14099,1.141055,1.140755
1784560200,1.140985,1.140745,1.14104,1.14072
1784560500,1.14075,1.14058,1.140755,1.14054
1784560800,1.140575,1.14088,1.140895,1.140535
1784561100,1.14088,1.14094,1.14098,1.14082
1784561400,1.140945,1.140975,1.141085,1.14092
1784561700,1.14098,1.14087,1.14114,1.14078
1784562000,1.140875,1.14082,1.140945,1.14071
1784562300,1.140825,1.141115,1.14116,1.14081
1784562600,1.14111,1.141025,1.14125,1.14096
1784562900,1.14103,1.14114,1.14123,1.141015
1784563200,1.14113,1.14124,1.14138,1.141085
1784563500,1.141235,1.141495,1.14152,1.141185
1784563800,1.14149,1.14158,1.14159,1.14147
1784564100,1.141575,1.141585,1.14171,1.14154
1784564400,1.14158,1.14153,1.14163,1.141485
1784564700,1.141525,1.1414,1.14157,1.141335
1784565000,1.141405,1.141355,1.14153,1.14135
1784565300,1.141355,1.14133,1.14143,1.141315
1784565600,1.141325,1.14112,1.14136,1.14073
1784565900,1.141115,1.14111,1.14116,1.14097
1784566200,1.141105,1.141115,1.141155,1.14099
1784566500,1.14112,1.141155,1.141185,1.141045
1784566800,1.14115,1.14126,1.1414,1.14115
1784567100,1.14126,1.14147,1.14147,1.14126
1784567400,1.14146,1.141185,1.14147,1.141125
1784567700,1.14118,1.1414,1.141415,1.141175
1784568000,1.141395,1.14143,1.14151,1.14134
1784568300,1.141425,1.141485,1.141545,1.14141
1784568600,1.14148,1.14144,1.14151,1.14141
1784568900,1.141435,1.141325,1.141455,1.14132
1784569200,1.141325,1.14133,1.141365,1.14128
1784569500,1.141335,1.141365,1.14138,1.14126
1784569800,1.14136,1.14137,1.141435,1.141325
1784570100,1.141375,1.141395,1.141475,1.14137
1784570400,1.1414,1.141525,1.14155,1.1414
1784570700,1.14152,1.141625,1.141655,1.14144
1784571000,1.141625,1.141675,1.14168,1.14158
1784571300,1.14167,1.141825,1.141895,1.14167
1784571600,1.14182,1.141655,1.141845,1.14164
1784571900,1.14165,1.14173,1.141775,1.141625
1784572200,1.141735,1.141535,1.14174,1.141515
1784572500,1.141535,1.14157,1.14162,1.141525
1784572800,1.14157,1.14141,1.14157,1.14138
1784573100,1.141415,1.141425,1.141485,1.14132
1784573400,1.14142,1.14143,1.141485,1.141375
1784573700,1.141425,1.14154,1.141565,1.141315
1784574000,1.141545,1.141545,1.14165,1.14148
1784574300,1.14154,1.141595,1.1416,1.141515
1784574600,1.14159,1.14143,1.14159,1.14138
1784574900,1.141425,1.141485,1.141485,1.141345
1784575200,1.14149,1.14156,1.141575,1.141445
1784575500,1.141555,1.141725,1.14179,1.141475
1784575800,1.14173,1.14166,1.14182,1.141655
1784576100,1.141665,1.141645,1.14172,1.141555
1784576400,1.141645,1.14163,1.141695,1.14161
1784576700,1.141635,1.14172,1.14173,1.141565
1784577000,1.14171,1.141675,1.14175,1.141615
1784577300,1.14168,1.14157,1.14168,1.141465
1784577600,1.141565,1.141575,1.1417,1.14152
1784577900,1.14157,1.14142,1.14158,1.141365
1784578200,1.141425,1.14141,1.141445,1.14139
1784578500,1.14141,1.141315,1.141415,1.14127
1784578800,1.14131,1.14145,1.14145,1.14131
1784579100,1.141445,1.141475,1.141505,1.141415
1784579400,1.14148,1.141435,1.141485,1.14142
1784579700,1.141435,1.14129,1.14144,1.14128
1784580000,1.141295,1.141335,1.141395,1.141295
1784580300,1.14133,1.141325,1.141365,1.141285
1784580600,1.141335,1.141335,1.141365,1.141285
1784580900,1.141335,1.141545,1.141545,1.14132
1784581200,1.14149,1.14144,1.14163,1.14144
1784581500,1.14145,1.141465,1.141715,1.14145
1784581800,1.141465,1.1416,1.14161,1.14143
1784582100,1.1416,1.141365,1.14167,1.1413
1784582400,1.141365,1.14126,1.141365,1.14126
1784582700,1.14126,1.14134,1.14134,1.14118
1784583000,1.14134,1.14109,1.14135,1.141085
1784583300,1.14109,1.14109,1.141225,1.14109
1784583600,1.14109,1.14114,1.141225,1.14109
1784583900,1.14115,1.141115,1.141165,1.1411
1784584200,1.141115,1.14115,1.14117,1.141105
1784584500,1.14115,1.14119,1.1412,1.141075
1784584800,1.141175,1.141075,1.141195,1.14105
1784585100,1.14107,1.141185,1.141245,1.141025
1784585400,1.141185,1.141205,1.14123,1.14118
1784585700,1.14121,1.14121,1.141225,1.14118
1784586000,1.14121,1.141265,1.14127,1.14121
1784586300,1.141265,1.1412,1.141265,1.14116
1784586600,1.1412,1.14119,1.14121,1.141185
1784586900,1.14119,1.141215,1.14123,1.14116
1784587200,1.141215,1.141225,1.141225,1.14115
1784587500,1.141225,1.14129,1.14138,1.141225
1784587800,1.141295,1.141325,1.141325,1.14126
1784588100,1.14133,1.14132,1.14134,1.141265
1784588400,1.14132,1.14127,1.141335,1.14126
1784588700,1.14127,1.141315,1.141325,1.141255
1784589000,1.141315,1.14136,1.14137,1.14131
1784589300,1.14136,1.141365,1.14141,1.141325
1784589600,1.141365,1.14131,1.14137,1.14128
1784589900,1.14131,1.141315,1.141335,1.141295
1784590200,1.141315,1.141365,1.14137,1.141315
1784590500,1.141365,1.14132,1.14137,1.14132
1784590800,1.14132,1.14132,1.14134,1.141315
1784591100,1.14132,1.141375,1.14138,1.14131
1784591400,1.14138,1.141455,1.141455,1.14134
1784591700,1.141455,1.14159,1.14161,1.14142
1784592000,1.141585,1.141725,1.141835,1.141525
1784592300,1.14173,1.141625,1.14173,1.141545
1784592600,1.14162,1.1416,1.141685,1.14154
1784592900,1.141605,1.141515,1.141625,1.141475
1784593200,1.141515,1.141225,1.14153,1.14122
1784593500,1.14123,1.14128,1.141315,1.14122
1784593800,1.14128,1.14122,1.14128,1.14114
1784594100,1.141215,1.14123,1.14128,1.14118
1784594400,1.141225,1.141425,1.14143,1.141225
1784594700,1.14143,1.14157,1.141625,1.14141
1784595000,1.141565,1.14147,1.141585,1.14141
1784595300,1.141465,1.14133,1.141565,1.14131
1784595600,1.141325,1.141375,1.14141,1.14122
1784595900,1.14138,1.1414,1.14154,1.14138
1784596200,1.141405,1.14133,1.141505,1.14132
1784596500,1.141325,1.1416,1.141665,1.1413
1784596800,1.141595,1.14137,1.141625,1.141315
1784597100,1.141365,1.14146,1.14154,1.1413
1784597400,1.141465,1.141515,1.1416,1.141305
1784597700,1.14152,1.14132,1.14156,1.14126
1784598000,1.141315,1.14159,1.14162,1.14131
1784598300,1.141585,1.141555,1.14163,1.141485
1784598600,1.14156,1.141505,1.14156,1.14143
1784598900,1.1415,1.141465,1.14154,1.141425
1784599200,1.14147,1.14151,1.14157,1.14147
1784599500,1.14151,1.14151,1.14161,1.14147
1784599800,1.14151,1.141505,1.14158,1.141475
1784600100,1.141505,1.14143,1.141505,1.141405
1784600400,1.14143,1.141605,1.141625,1.141395
1784600700,1.14161,1.14135,1.14161,1.14135
1784601000,1.141355,1.141405,1.141465,1.141355
1784601300,1.141405,1.141435,1.141525,1.1414
1784601600,1.141435,1.141355,1.141455,1.141355
1784601900,1.141355,1.14126,1.141355,1.14126
1784602200,1.14126,1.14106,1.14126,1.14105
1784602500,1.141065,1.141115,1.141165,1.141065
1784602800,1.14111,1.140965,1.14126,1.14093
1784603100,1.140965,1.14101,1.14101,1.14089
1784603400,1.141015,1.14097,1.1411,1.14093
1784603700,1.14097,1.141085,1.14109,1.14095
1784604000,1.14108,1.14108,1.14117,1.14102
1784604300,1.14108,1.14111,1.14112,1.14103
1784604600,1.141115,1.14127,1.14127,1.14111
1784604900,1.141265,1.14127,1.141275,1.141175
1784605200,1.141265,1.14129,1.14132,1.14123
1784605500,1.14129,1.14152,1.141545,1.14129
1784605800,1.141525,1.14138,1.14153,1.141375
1784606100,1.141375,1.14124,1.14138,1.14124
1784606400,1.141235,1.14127,1.14132,1.14122
1784606700,1.141275,1.14142,1.141425,1.14126
1784607000,1.141425,1.14149,1.141525,1.141415
1784607300,1.141485,1.141495,1.141575,1.14147
1784607600,1.1415,1.141535,1.141565,1.141485
1784607900,1.141535,1.141465,1.141555,1.14145
1784608200,1.14147,1.141535,1.14158,1.141465
1784608500,1.14153,1.141605,1.141615,1.14153
1784608800,1.141605,1.141655,1.14169,1.141515
1784609100,1.14166,1.14167,1.141705,1.14163
1784609400,1.141665,1.14172,1.141745,1.141605
1784609700,1.141725,1.141795,1.141815,1.141725
1784610000,1.14179,1.14173,1.141805,1.141655
1784610300,1.14173,1.14192,1.14193,1.14168
1784610600,1.141915,1.14161,1.14192,1.14158
1784610900,1.141615,1.14172,1.141765,1.1416
1784611200,1.14172,1.141665,1.141765,1.141615
1784611500,1.141665,1.141735,1.14175,1.14166
1784611800,1.14173,1.14188,1.141935,1.14173
1784612100,1.141875,1.14196,1.14198,1.141865
1784612400,1.141965,1.14216,1.14218,1.141965
1784612700,1.14215,1.141905,1.14216,1.141905
1784613000,1.14191,1.141905,1.14202,1.141815
1784613300,1.1419,1.141775,1.1419,1.14171
1784613600,1.141765,1.14202,1.142055,1.141725
1784613900,1.14202,1.14196,1.14203,1.1418
1784614200,1.141955,1.14192,1.14199,1.141855
1784614500,1.141925,1.14197,1.14202,1.141865
1784614800,1.141965,1.14215,1.1422,1.141885
1784615100,1.142155,1.14201,1.142205,1.141935
1784615400,1.142015,1.14201,1.142055,1.14191
1784615700,1.14201,1.14204,1.14224,1.141965
1784616000,1.142035,1.142215,1.14227,1.142015
1784616300,1.14221,1.14227,1.142385,1.14219
1784616600,1.142265,1.142065,1.142285,1.142055
1784616900,1.14206,1.142125,1.14228,1.14201
1784617200,1.14213,1.14252,1.142575,1.14213
1784617500,1.142515,1.142485,1.142665,1.142485
1784617800,1.14248,1.1422,1.14248,1.14219
1784618100,1.142205,1.14261,1.14261,1.14219
1784618400,1.1426,1.14253,1.14277,1.14253
1784618700,1.142525,1.142435,1.14268,1.14242
1784619000,1.14244,1.142445,1.142505,1.14221
1784619300,1.14244,1.14245,1.1425,1.14235
1784619600,1.142445,1.14227,1.142525,1.142215
1784619900,1.142265,1.142295,1.142325,1.142205
1784620200,1.1423,1.142145,1.1423,1.142055
1784620500,1.142135,1.14229,1.142355,1.142105
1784620800,1.142295,1.142255,1.14238,1.14213
1784621100,1.14225,1.14233,1.142395,1.14219
1784621400,1.142335,1.142325,1.14238,1.14224
1784621700,1.14232,1.142505,1.14256,1.142205
1784622000,1.1425,1.14247,1.14263,1.14237
1784622300,1.142475,1.14226,1.14252,1.142235
1784622600,1.142255,1.14214,1.142265,1.1421
1784622900,1.14214,1.14214,1.14225,1.141825
1784623200,1.142145,1.14232,1.14235,1.14211
1784623500,1.14232,1.14215,1.142355,1.142095
1784623800,1.142145,1.142175,1.142305,1.14212
1784624100,1.14217,1.142105,1.142185,1.14204
1784624400,1.14211,1.14225,1.142325,1.142085
1784624700,1.142255,1.142225,1.14233,1.14222
1784625000,1.142225,1.14223,1.142255,1.142105
1784625300,1.142225,1.14247,1.142495,1.14221
1784625600,1.142475,1.14226,1.14252,1.142255
1784625900,1.142255,1.142105,1.14232,1.142075
1784626200,1.1421,1.14232,1.142345,1.14202
1784626500,1.14232,1.142535,1.142885,1.14228
1784626800,1.14254,1.14236,1.14254,1.142335
1784627100,1.14236,1.142435,1.14247,1.142285
1784627400,1.14243,1.1425,1.142545,1.142405
1784627700,1.142505,1.142245,1.14251,1.14224
1784628000,1.14224,1.14229,1.142455,1.14218
1784628300,1.142285,1.14239,1.142425,1.142215
1784628600,1.142395,1.142445,1.142765,1.14239
1784628900,1.14245,1.142465,1.14253,1.1424
1784629200,1.142465,1.14251,1.142555,1.142415
1784629500,1.142505,1.142705,1.142745,1.1425
1784629800,1.14271,1.14275,1.14277,1.142665
1784630100,1.142745,1.142605,1.14286,1.1426
1784630400,1.14261,1.14247,1.14261,1.14243
1784630700,1.142465,1.142265,1.142465,1.14224
1784631000,1.14226,1.142225,1.14226,1.14205
1784631300,1.14222,1.142015,1.142265,1.142005
1784631600,1.14202,1.142065,1.14212,1.141975
1784631900,1.142065,1.141815,1.14212,1.14172
1784632200,1.14181,1.141975,1.14205,1.141655
1784632500,1.14197,1.142,1.142165,1.14192
1784632800,1.142005,1.14205,1.14205,1.14183
1784633100,1.14205,1.142055,1.142125,1.14195
1784633400,1.14205,1.14202,1.14222,1.14201
1784633700,1.142025,1.142275,1.142295,1.142015
1784634000,1.14228,1.14227,1.142295,1.142115
1784634300,1.14226,1.142205,1.14226,1.142105
1784634600,1.14221,1.14181,1.14226,1.141795
1784634900,1.141805,1.14191,1.141935,1.141775
1784635200,1.141905,1.14174,1.142055,1.14164
1784635500,1.14174,1.14176,1.142015,1.14174
1784635800,1.141755,1.14172,1.1418,1.141595
1784636100,1.14172,1.14174,1.14177,1.14151
1784636400,1.141745,1.14169,1.141765,1.141645
1784636700,1.141685,1.141565,1.14174,1.141475
1784637000,1.14157,1.1418,1.141885,1.14156
1784637300,1.141795,1.1417,1.141825,1.14162
1784637600,1.141705,1.14152,1.141715,1.14133
1784637900,1.141525,1.14182,1.141855,1.14152
1784638200,1.14182,1.14167,1.14182,1.141495
1784638500,1.141675,1.14172,1.14176,1.141505
1784638800,1.14173,1.14161,1.14177,1.141365
1784639100,1.14161,1.14157,1.14174,1.141565
1784639400,1.14157,1.141655,1.14182,1.14156
1784639700,1.14166,1.141345,1.141665,1.141275
1784640000,1.14135,1.141115,1.14141,1.14107
1784640300,1.14112,1.141065,1.14114,1.140945
1784640600,1.14106,1.14119,1.14136,1.14102
1784640900,1.141185,1.14074,1.141185,1.140575
1784641200,1.140745,1.14064,1.14087,1.140555
1784641500,1.140635,1.14122,1.141265,1.140595
1784641800,1.14123,1.14109,1.141235,1.14085
1784642100,1.141085,1.141135,1.1412,1.140995
1784642400,1.14114,1.14149,1.141525,1.141135
1784642700,1.141495,1.141505,1.141715,1.14149
1784643000,1.1415,1.141895,1.14197,1.14146
1784643300,1.14189,1.14149,1.14189,1.141475
1784643600,1.141485,1.141345,1.14156,1.14128
1784643900,1.141345,1.14101,1.141435,1.14096
1784644200,1.141,1.14061,1.14111,1.14061
1784644500,1.14061,1.14054,1.14069,1.140375
1784644800,1.14054,1.140785,1.140865,1.14054
1784645100,1.14079,1.14064,1.140885,1.140435
1784645400,1.140635,1.140455,1.14064,1.140265
1784645700,1.14046,1.14059,1.14073,1.140425
1784646000,1.140585,1.14049,1.140605,1.14032
1784646300,1.140495,1.140425,1.140585,1.14027
1784646600,1.14043,1.140535,1.14063,1.14042
1784646900,1.14054,1.140875,1.140885,1.14053
1784647200,1.14088,1.14094,1.1411,1.140785
1784647500,1.14093,1.140885,1.141155,1.14088
1784647800,1.14089,1.14109,1.14109,1.14078
1784648100,1.141085,1.140785,1.141165,1.14076
1784648400,1.14079,1.14059,1.14085,1.140575
1784648700,1.140595,1.14045,1.14066,1.140395
1784649000,1.140455,1.14056,1.140635,1.140455
1784649300,1.140565,1.14074,1.14074,1.1405
1784649600,1.140735,1.14086,1.140865,1.140695
1784649900,1.140855,1.140855,1.140945,1.14081
1784650200,1.140855,1.1408,1.14097,1.140745
1784650500,1.140805,1.140795,1.14086,1.14075
1784650800,1.140795,1.14086,1.14091,1.140735
1784651100,1.140865,1.140835,1.140895,1.140735
1784651400,1.14083,1.140805,1.14095,1.140695
1784651700,1.14081,1.14085,1.14086,1.14074
1784652000,1.140845,1.141,1.14109,1.140845
1784652300,1.141,1.140975,1.141005,1.14091
1784652600,1.14097,1.14082,1.140975,1.140785
1784652900,1.14082,1.140815,1.140945,1.14078
1784653200,1.14082,1.14079,1.140945,1.140775
1784653500,1.14079,1.14077,1.140835,1.140735
1784653800,1.140775,1.1409,1.14093,1.14072
1784654100,1.1409,1.14085,1.14092,1.140795
1784654400,1.140845,1.140935,1.140935,1.140845
1784654700,1.14093,1.141025,1.141025,1.1409
1784655000,1.14102,1.14094,1.14105,1.140935
1784655300,1.14094,1.14084,1.14094,1.14082
1784655600,1.140835,1.14077,1.14084,1.140695
1784655900,1.140775,1.1407,1.14078,1.140665
1784656200,1.140695,1.140785,1.14084,1.14068
1784656500,1.14079,1.14068,1.1408,1.14064
1784656800,1.140685,1.14029,1.140705,1.14029
1784657100,1.140295,1.14036,1.140375,1.140105
1784657400,1.140365,1.14019,1.140445,1.140185
1784657700,1.14018,1.14007,1.14019,1.14003
1784658000,1.14007,1.14004,1.14007,1.13986
1784658300,1.140035,1.14026,1.140335,1.14003
1784658600,1.14025,1.140025,1.14029,1.14002
1784658900,1.14002,1.140025,1.14003,1.13992
1784659200,1.14002,1.14012,1.14015,1.13999
1784659500,1.140125,1.14014,1.14025,1.14009
1784659800,1.14014,1.14019,1.140245,1.14008
1784660100,1.140185,1.140305,1.140305,1.14012
1784660400,1.14031,1.14022,1.14041,1.14021
1784660700,1.140215,1.140205,1.140295,1.140185
1784661000,1.1402,1.14018,1.1403,1.140095
1784661300,1.14018,1.14023,1.14024,1.14016
1784661600,1.14023,1.140335,1.14038,1.14022
1784661900,1.14034,1.140315,1.1404,1.14028
1784662200,1.140315,1.140305,1.140345,1.14024
1784662500,1.140305,1.140115,1.140305,1.140035
1784662800,1.140115,1.14011,1.140195,1.1401
1784663100,1.140105,1.14019,1.140215,1.14008
1784663400,1.14018,1.14029,1.140305,1.14015
1784663700,1.14029,1.14016,1.14029,1.140125
1784664000,1.140165,1.14026,1.14028,1.1401
1784664300,1.14027,1.14017,1.14031,1.140165
1784664600,1.14017,1.140115,1.140185,1.140115
1784664900,1.140115,1.139995,1.14012,1.139985
1784665200,1.14,1.140065,1.140075,1.13996
1784665500,1.14006,1.140115,1.14013,1.140035
1784665800,1.14012,1.14007,1.140135,1.14006
1784666100,1.14007,1.140085,1.1401,1.140065
1784666400,1.14008,1.140065,1.140115,1.14005
1784666700,1.14007,1.140055,1.14011,1.14005
1784667000,1.140045,1.139885,1.14008,1.139885
1784667300,1.139895,1.139865,1.139915,1.13974
1784667600,1.139835,1.139865,1.13987,1.139705
1784667900,1.13988,1.13988,1.139925,1.139825
1784668200,1.13988,1.13988,1.139895,1.13987
1784668500,1.13988,1.13983,1.13989,1.139825
1784668800,1.13983,1.139835,1.139865,1.13981
1784669100,1.139835,1.139835,1.13984,1.13981
1784669400,1.139855,1.139845,1.139955,1.139845
1784669700,1.139845,1.140055,1.14008,1.139845
1784670000,1.140055,1.140125,1.140275,1.140045
1784670300,1.140135,1.140075,1.140135,1.140065
1784670600,1.140075,1.140095,1.14011,1.140065
1784670900,1.140095,1.14011,1.14011,1.14008
1784671200,1.140105,1.139975,1.14011,1.13995
1784671500,1.13998,1.139965,1.139985,1.139955
1784671800,1.139965,1.139925,1.140015,1.139905
1784672100,1.139925,1.139925,1.139935,1.139915
1784672400,1.139925,1.13992,1.13997,1.13992
1784672700,1.139925,1.140015,1.14005,1.139915
1784673000,1.14002,1.140025,1.140035,1.139965
1784673300,1.140025,1.13998,1.140055,1.13998
1784673600,1.13998,1.140015,1.140025,1.13998
1784673900,1.140015,1.13995,1.14002,1.13992
1784674200,1.13995,1.13993,1.139975,1.139925
1784674500,1.139935,1.139935,1.139945,1.13992
1784674800,1.13993,1.13988,1.13997,1.13986
1784675100,1.13988,1.13992,1.13994,1.13981
1784675400,1.13992,1.13992,1.139945,1.139885
1784675700,1.139925,1.13996,1.13997,1.13991
1784676000,1.13996,1.139915,1.13996,1.139875
1784676300,1.139915,1.13991,1.13996,1.139895
1784676600,1.13992,1.139975,1.13999,1.13992
1784676900,1.139975,1.14002,1.14003,1.13997
1784677200,1.14002,1.140075,1.140085,1.13998
1784677500,1.14007,1.14003,1.140075,1.14003
1784677800,1.140035,1.140205,1.14021,1.13999
1784678100,1.1402,1.14023,1.14025,1.14017
1784678400,1.140225,1.14039,1.140405,1.140115
1784678700,1.140395,1.14028,1.140405,1.14016
1784679000,1.140275,1.140365,1.1404,1.14024
1784679300,1.140365,1.14058,1.14058,1.14034
1784679600,1.140575,1.14064,1.14071,1.14055
1784679900,1.140635,1.14068,1.140695,1.14061
1784680200,1.140685,1.14059,1.14072,1.140565
1784680500,1.140585,1.1403,1.140605,1.14029
1784680800,1.140305,1.14033,1.14035,1.140255
1784681100,1.140325,1.14032,1.140365,1.14025
1784681400,1.14032,1.140255,1.14038,1.14021
1784681700,1.14025,1.1404,1.140445,1.140165
1784682000,1.140395,1.140505,1.14065,1.140395
1784682300,1.14051,1.140635,1.140675,1.14051
1784682600,1.14064,1.140585,1.140655,1.14055
1784682900,1.14058,1.140385,1.140625,1.14037
1784683200,1.140385,1.14028,1.14048,1.14026
1784683500,1.140285,1.140365,1.140365,1.14023
1784683800,1.14037,1.14,1.140375,1.139945
1784684100,1.14,1.14006,1.140085,1.13987
1784684400,1.140055,1.140115,1.140125,1.140015
1784684700,1.14012,1.14023,1.140275,1.14011
1784685000,1.140235,1.140245,1.14028,1.14017
1784685300,1.14024,1.140295,1.140305,1.1402
1784685600,1.1403,1.14019,1.14035,1.14013
1784685900,1.14019,1.14029,1.14032,1.140115
1784686200,1.14029,1.14047,1.140505,1.14027
1784686500,1.140465,1.140405,1.140485,1.1404
1784686800,1.140405,1.140625,1.140645,1.140405
1784687100,1.14063,1.140775,1.141005,1.140615
1784687400,1.14078,1.14076,1.14083,1.140655
1784687700,1.140765,1.140665,1.140765,1.140615
1784688000,1.14066,1.14072,1.14081,1.140655
1784688300,1.14072,1.140565,1.14073,1.140565
1784688600,1.14057,1.140675,1.140695,1.140555
1784688900,1.14068,1.140565,1.140855,1.14056
1784689200,1.14056,1.14067,1.14072,1.140545
1784689500,1.14067,1.140525,1.14074,1.140525
1784689800,1.140525,1.140575,1.14061,1.14043
1784690100,1.14057,1.140625,1.140685,1.140565
1784690400,1.140625,1.140665,1.1407,1.140615
1784690700,1.140665,1.14076,1.140805,1.140665
1784691000,1.140765,1.14068,1.14078,1.14063
1784691300,1.140675,1.14065,1.14069,1.14057
1784691600,1.14065,1.140635,1.14068,1.140595
1784691900,1.140635,1.140645,1.140705,1.140595
1784692200,1.14064,1.14062,1.14066,1.14058
1784692500,1.140615,1.140745,1.14075,1.14059
1784692800,1.14074,1.140635,1.14076,1.140635
1784693100,1.14064,1.140675,1.140725,1.140615
1784693400,1.14067,1.14058,1.14067,1.14049
1784693700,1.140585,1.140635,1.140695,1.14058
1784694000,1.140635,1.14068,1.14069,1.14057
1784694300,1.14068,1.140735,1.140745,1.140615
1784694600,1.140735,1.14076,1.14078,1.14071
1784694900,1.14076,1.14076,1.14077,1.140715
1784695200,1.14076,1.140825,1.140855,1.140755
1784695500,1.140825,1.14077,1.14083,1.140755
1784695800,1.14076,1.140765,1.140795,1.14073
1784696100,1.14076,1.14084,1.14084,1.140745
1784696400,1.140845,1.140915,1.14094,1.14076
1784696700,1.140915,1.14081,1.14093,1.140785
1784697000,1.14081,1.14081,1.140945,1.140765
1784697300,1.140815,1.14081,1.14084,1.14073
1784697600,1.140805,1.14087,1.140965,1.1408
1784697900,1.14087,1.14072,1.140885,1.140705
1784698200,1.140725,1.140625,1.14074,1.140555
1784698500,1.14062,1.14069,1.14071,1.14061
1784698800,1.14069,1.14073,1.140755,1.14055
1784699100,1.14073,1.140665,1.14074,1.140605
1784699400,1.140665,1.14076,1.14084,1.14062
1784699700,1.14077,1.14095,1.140965,1.140715
1784700000,1.14093,1.14123,1.14138,1.140885
1784700300,1.141225,1.14106,1.141225,1.14102
1784700600,1.141055,1.14112,1.14125,1.14098
1784700900,1.14111,1.14114,1.141175,1.141045
1784701200,1.14115,1.141065,1.141255,1.141025
1784701500,1.141065,1.14084,1.14109,1.14076
1784701800,1.140835,1.141065,1.141125,1.140705
1784702100,1.141065,1.14091,1.14115,1.1409
1784702400,1.14091,1.141115,1.141175,1.14088
1784702700,1.14112,1.14116,1.14122,1.14104
1784703000,1.141165,1.14104,1.141215,1.140945
1784703300,1.141035,1.1412,1.141235,1.14082
1784703600,1.141195,1.14101,1.14124,1.140865
1784703900,1.141,1.1412,1.1412,1.1409
1784704200,1.14119,1.141255,1.141305,1.14109
1784704500,1.14126,1.14135,1.14139,1.141075
1784704800,1.141355,1.141235,1.14152,1.14122
1784705100,1.14123,1.1413,1.141375,1.141215
1784705400,1.141295,1.14139,1.14184,1.14129
1784705700,1.141385,1.1411,1.141515,1.1411
1784706000,1.141105,1.140665,1.14114,1.14056
1784706300,1.14066,1.140575,1.14068,1.140345
1784706600,1.14057,1.14098,1.141,1.14054
1784706900,1.140975,1.14093,1.141115,1.14089
1784707200,1.140935,1.140765,1.14103,1.140715
1784707500,1.14076,1.14067,1.140815,1.14054
1784707800,1.140665,1.140525,1.140735,1.140525
1784708100,1.14052,1.14055,1.140695,1.140395
1784708400,1.140565,1.140885,1.140895,1.14052
1784708700,1.14088,1.140835,1.14098,1.14063
1784709000,1.14084,1.141035,1.141195,1.14083
1784709300,1.14104,1.14104,1.14116,1.14098
1784709600,1.141045,1.141145,1.141245,1.141045
1784709900,1.141145,1.14093,1.14123,1.140885
1784710200,1.14092,1.14092,1.140945,1.14081
1784710500,1.140925,1.141005,1.14105,1.14085
1784710800,1.14099,1.141125,1.14118,1.14098
1784711100,1.14113,1.141165,1.141235,1.14102
1784711400,1.14117,1.140965,1.141195,1.140815
1784711700,1.140965,1.14097,1.14099,1.140835
1784712000,1.140975,1.140905,1.14101,1.140765
1784712300,1.14091,1.14092,1.140965,1.14083
1784712600,1.140915,1.14128,1.14134,1.14084
1784712900,1.141285,1.14114,1.141295,1.141125
1784713200,1.14114,1.140865,1.141175,1.14085
1784713500,1.14087,1.14071,1.14095,1.14068
1784713800,1.140705,1.14064,1.140705,1.140455
1784714100,1.140645,1.14049,1.140685,1.140425
1784714400,1.1405,1.14016,1.140595,1.140145
1784714700,1.140165,1.14015,1.14034,1.140045
1784715000,1.14015,1.140305,1.140405,1.140145
1784715300,1.1403,1.1406,1.140605,1.14022
1784715600,1.1406,1.140675,1.140765,1.14059
1784715900,1.14068,1.14051,1.14068,1.140505
1784716200,1.140515,1.14052,1.14062,1.140425
1784716500,1.14052,1.14052,1.140605,1.14036
1784716800,1.140515,1.140515,1.140525,1.140345
1784717100,1.140515,1.140605,1.140625,1.14046
1784717400,1.1406,1.140565,1.14071,1.14054
1784717700,1.14057,1.14036,1.14067,1.14028
1784718000,1.140365,1.14031,1.140505,1.14024
1784718300,1.14031,1.14045,1.14046,1.14028
1784718600,1.14046,1.14046,1.140495,1.140395
1784718900,1.140455,1.140345,1.140645,1.14032
1784719200,1.140345,1.140405,1.140555,1.140345
1784719500,1.140405,1.140415,1.14047,1.140255
1784719800,1.14041,1.140535,1.140625,1.14038
1784720100,1.14053,1.14064,1.140665,1.140445
1784720400,1.14064,1.140505,1.14066,1.140335
1784720700,1.14049,1.14054,1.140735,1.14039
1784721000,1.140535,1.1405,1.14061,1.14043
1784721300,1.14049,1.140685,1.140725,1.14045
1784721600,1.1407,1.14082,1.140935,1.140665
1784721900,1.140825,1.14079,1.141035,1.14074
1784722200,1.140795,1.141145,1.141145,1.140795
1784722500,1.14115,1.14105,1.141165,1.140985
1784722800,1.141055,1.140935,1.14109,1.140885
1784723100,1.14094,1.141015,1.14107,1.1409
1784723400,1.14101,1.14129,1.14137,1.141
1784723700,1.141285,1.141235,1.141375,1.14119
1784724000,1.14123,1.141135,1.141235,1.14108
1784724300,1.14113,1.140865,1.14114,1.14068
1784724600,1.14086,1.14106,1.1411,1.140805
1784724900,1.141055,1.14079,1.14106,1.14038
1784725200,1.140785,1.14101,1.14113,1.14074
1784725500,1.14101,1.14122,1.141255,1.14096
1784725800,1.141215,1.141005,1.14126,1.14095
1784726100,1.141,1.141245,1.14128,1.1409
1784726400,1.14124,1.14159,1.1416,1.14112
1784726700,1.14159,1.141525,1.1417,1.141495
1784727000,1.14153,1.14164,1.142165,1.14153
1784727300,1.141635,1.141745,1.141935,1.141555
1784727600,1.14174,1.14179,1.14192,1.1416
1784727900,1.141795,1.14155,1.141855,1.14153
1784728200,1.141545,1.141595,1.14177,1.141445
1784728500,1.14159,1.141345,1.141615,1.141185
1784728800,1.14135,1.14145,1.141555,1.14133
1784729100,1.141445,1.141185,1.14149,1.14106
1784729400,1.14118,1.141635,1.14175,1.14111
1784729700,1.14163,1.14159,1.141845,1.14158
1784730000,1.141585,1.14134,1.141745,1.141275
1784730300,1.141335,1.141145,1.141395,1.14108
1784730600,1.14115,1.141285,1.141335,1.141
1784730900,1.14128,1.14122,1.14131,1.14106
1784731200,1.141225,1.141115,1.14128,1.14105
1784731500,1.14111,1.14119,1.14124,1.141065
1784731800,1.14118,1.1412,1.14131,1.14104
1784732100,1.141195,1.14092,1.1412,1.140785
1784732400,1.140925,1.141025,1.14114,1.140825
1784732700,1.14102,1.14112,1.14114,1.140965
1784733000,1.141115,1.140995,1.141145,1.140985
1784733300,1.140995,1.140905,1.1411,1.140835
1784733600,1.14091,1.14124,1.141315,1.14091
1784733900,1.141245,1.141365,1.1414,1.14124
1784734200,1.141375,1.140835,1.141385,1.14083
1784734500,1.14083,1.140795,1.14104,1.14076
1784734800,1.1408,1.141025,1.141035,1.14075
1784735100,1.14102,1.141285,1.1413,1.140975
1784735400,1.14129,1.14114,1.14135,1.141065
1784735700,1.141135,1.14138,1.141395,1.14099
1784736000,1.14137,1.141155,1.14141,1.141145
1784736300,1.14115,1.14099,1.141195,1.140935
1784736600,1.140995,1.140745,1.14102,1.14064
1784736900,1.140745,1.14081,1.140845,1.140615
1784737200,1.140805,1.14109,1.1411,1.140745
1784737500,1.141095,1.1411,1.14118,1.140945
1784737800,1.141105,1.140905,1.14123,1.140895
1784738100,1.14091,1.14078,1.141045,1.14078
1784738400,1.140785,1.14088,1.14089,1.14075
1784738700,1.14088,1.140915,1.140935,1.14076
1784739000,1.14091,1.140915,1.14095,1.140875
1784739300,1.14091,1.14093,1.141,1.140885
1784739600,1.140925,1.14105,1.14106,1.14088
1784739900,1.141045,1.141095,1.14113,1.141015
1784740200,1.1411,1.14114,1.141255,1.1411
1784740500,1.141145,1.141105,1.14128,1.14107
1784740800,1.141105,1.141155,1.14126,1.141085
1784741100,1.141155,1.141155,1.14124,1.14111
1784741400,1.14115,1.141,1.14116,1.14099
1784741700,1.141005,1.1409,1.14102,1.140845
1784742000,1.140905,1.14098,1.141015,1.140805
1784742300,1.140985,1.141035,1.14107,1.140935
1784742600,1.141035,1.14099,1.141135,1.14099
1784742900,1.140985,1.141,1.14105,1.14089
1784743200,1.141005,1.14095,1.14107,1.140895
1784743500,1.140955,1.140835,1.14099,1.140825
1784743800,1.14083,1.14088,1.1409,1.1408
1784744100,1.14088,1.14094,1.14095,1.14084
1784744400,1.14093,1.141015,1.141075,1.1409
1784744700,1.14102,1.141035,1.141075,1.140985
1784745000,1.14104,1.14098,1.141045,1.140905
1784745300,1.14098,1.14109,1.141105,1.14095
1784745600,1.14109,1.140925,1.1411,1.1409
1784745900,1.14092,1.140985,1.140995,1.140905
1784746200,1.14098,1.141055,1.141095,1.140935
1784746500,1.141055,1.1411,1.141135,1.141035
1784746800,1.141105,1.141185,1.1412,1.141045
1784747100,1.141185,1.141045,1.14123,1.141045
1784747400,1.141045,1.14098,1.14105,1.14097
1784747700,1.14098,1.14109,1.1411,1.140965
1784748000,1.141085,1.14114,1.14119,1.14108
1784748300,1.14114,1.141115,1.141145,1.14107
1784748600,1.14111,1.14108,1.14111,1.141025
1784748900,1.14108,1.141085,1.141125,1.141025
1784749200,1.141085,1.141115,1.141135,1.14107
1784749500,1.14112,1.14109,1.14121,1.14107
1784749800,1.141095,1.141025,1.14112,1.140995
1784750100,1.14101,1.14113,1.14116,1.14093
1784750400,1.141135,1.1411,1.141285,1.14106
1784750700,1.141095,1.141225,1.141245,1.14107
1784751000,1.14123,1.141175,1.141235,1.14117
1784751300,1.14118,1.14118,1.141195,1.141145
1784751600,1.141175,1.14118,1.14126,1.14116
1784751900,1.141185,1.14117,1.141255,1.14116
1784752200,1.14116,1.141105,1.14119,1.141095
1784752500,1.141105,1.141195,1.1412,1.141085
1784752800,1.14119,1.14123,1.14125,1.14119
1784753100,1.141235,1.14116,1.14125,1.141145
1784753400,1.141155,1.141195,1.14121,1.14115
1784753700,1.14119,1.14117,1.14126,1.14117
1784754000,1.14115,1.14102,1.14115,1.14082
1784754300,1.140935,1.14087,1.14095,1.140865
1784754600,1.14087,1.14088,1.14095,1.14087
1784754900,1.14088,1.14075,1.140925,1.140745
1784755200,1.14075,1.14088,1.140945,1.14075
1784755500,1.14088,1.14086,1.140885,1.14079
1784755800,1.14086,1.140845,1.140995,1.140795
1784756100,1.140845,1.14077,1.14089,1.1407
1784756400,1.14078,1.140745,1.140815,1.140735
1784756700,1.140715,1.14081,1.14087,1.1407
1784757000,1.14081,1.140795,1.14093,1.14079
1784757300,1.14079,1.14094,1.14095,1.14079
1784757600,1.140945,1.14084,1.140985,1.14075
1784757900,1.14084,1.14082,1.140925,1.14082
1784758200,1.14082,1.140785,1.14082,1.14072
1784758500,1.14078,1.140755,1.14083,1.14073
1784758800,1.14076,1.14078,1.1408,1.140745
1784759100,1.14078,1.14077,1.14081,1.140755
1784759400,1.14077,1.140755,1.140815,1.140755
1784759700,1.140755,1.14069,1.140765,1.140685
1784760000,1.14069,1.14065,1.14069,1.140605
1784760300,1.14065,1.1407,1.1407,1.140615
1784760600,1.1407,1.14081,1.14082,1.14066
1784760900,1.14081,1.140815,1.140835,1.14076
1784761200,1.14082,1.140875,1.14092,1.14082
1784761500,1.140875,1.140865,1.1409,1.14085
1784761800,1.14087,1.140935,1.140975,1.14082
1784762100,1.140935,1.141005,1.14103,1.14089
1784762400,1.14101,1.14096,1.141045,1.14096
1784762700,1.14096,1.14101,1.141015,1.14096
1784763000,1.14101,1.141045,1.141075,1.140995
1784763300,1.141045,1.14101,1.141065,1.14101
1784763600,1.141015,1.1411,1.14112,1.14098
1784763900,1.141095,1.141095,1.141135,1.141005
1784764200,1.141095,1.141065,1.141105,1.14104
1784764500,1.141065,1.141155,1.141175,1.141065
1784764800,1.14116,1.14134,1.14137,1.141145
1784765100,1.141335,1.141265,1.14134,1.14124
1784765400,1.141265,1.14114,1.141265,1.14111
1784765700,1.14114,1.141115,1.141185,1.14105
1784766000,1.141115,1.14136,1.141365,1.141095
1784766300,1.14136,1.141195,1.14141,1.14117
1784766600,1.141185,1.141235,1.14127,1.14118
1784766900,1.14123,1.14129,1.14133,1.14123
1784767200,1.141295,1.14135,1.14139,1.141255
1784767500,1.141345,1.14125,1.141445,1.14122
1784767800,1.141255,1.141425,1.141455,1.141175
1784768100,1.14143,1.141725,1.141765,1.14136
1784768400,1.14173,1.14176,1.14204,1.14173
1784768700,1.141755,1.14185,1.141875,1.141705
1784769000,1.141845,1.141735,1.141875,1.141715
1784769300,1.14174,1.141735,1.141815,1.14166
1784769600,1.14173,1.14177,1.141845,1.14168
1784769900,1.14177,1.141765,1.14187,1.14174
1784770200,1.1418,1.14198,1.142,1.14174
1784770500,1.141985,1.141755,1.14203,1.141725
1784770800,1.14176,1.141755,1.142,1.1417
1784771100,1.141755,1.14169,1.14177,1.1416
1784771400,1.141685,1.14174,1.141805,1.141615
1784771700,1.141745,1.14163,1.14176,1.14161
1784772000,1.14163,1.14177,1.141785,1.141615
1784772300,1.141765,1.141805,1.14187,1.14169
1784772600,1.141805,1.141835,1.14187,1.141735
1784772900,1.14184,1.141865,1.14188,1.14178
1784773200,1.141865,1.142025,1.142045,1.141835
1784773500,1.14202,1.142035,1.14204,1.14196
1784773800,1.14203,1.14232,1.142405,1.142025
1784774100,1.142325,1.14242,1.142475,1.142295
1784774400,1.142415,1.14256,1.142605,1.14241
1784774700,1.14256,1.14264,1.14277,1.142545
1784775000,1.14264,1.14267,1.14268,1.142575
1784775300,1.142665,1.14276,1.14283,1.142645
1784775600,1.142775,1.14266,1.14292,1.14266
1784775900,1.14266,1.142675,1.14269,1.14257
1784776200,1.142675,1.14235,1.142695,1.14235
1784776500,1.142355,1.14268,1.142685,1.142325
1784776800,1.14268,1.142815,1.14282,1.14266
1784777100,1.142815,1.14286,1.14289,1.14275
1784777400,1.142855,1.14295,1.142965,1.14278
1784777700,1.142945,1.142945,1.142995,1.142905
1784778000,1.14295,1.14297,1.143005,1.14293
1784778300,1.142975,1.14297,1.143055,1.142865
1784778600,1.14297,1.142985,1.143,1.142925
1784778900,1.14298,1.14292,1.143035,1.14289
1784779200,1.142915,1.14292,1.142975,1.14283
1784779500,1.142925,1.14342,1.143425,1.142865
1784779800,1.143415,1.14339,1.14356,1.143335
1784780100,1.14339,1.143085,1.143425,1.14307
1784780400,1.143085,1.14325,1.14326,1.143065
1784780700,1.14325,1.14349,1.143505,1.14324
1784781000,1.14349,1.143475,1.143575,1.14339
1784781300,1.143475,1.143355,1.14349,1.14335
1784781600,1.14336,1.1432,1.143375,1.14319
1784781900,1.1432,1.14325,1.143425,1.143185
1784782200,1.143255,1.14318,1.14328,1.143135
1784782500,1.143175,1.143255,1.14328,1.14298
1784782800,1.14326,1.14336,1.14351,1.14325
1784783100,1.14337,1.14341,1.143455,1.14331
1784783400,1.14341,1.14324,1.143455,1.14324
1784783700,1.14324,1.14303,1.14324,1.14299
1784784000,1.14303,1.14296,1.143095,1.14287
1784784300,1.142955,1.143045,1.143055,1.14292
1784784600,1.14304,1.14298,1.14306,1.142895
1784784900,1.142985,1.14297,1.1431,1.142895
1784785200,1.14297,1.142995,1.143015,1.1429
1784785500,1.14299,1.14298,1.143075,1.14298
1784785800,1.14298,1.142945,1.14299,1.142935
1784786100,1.14294,1.14299,1.14317,1.142925
1784786400,1.14298,1.143075,1.1433,1.142925
1784786700,1.14307,1.14289,1.14314,1.142835
1784787000,1.142895,1.143145,1.143165,1.14288
1784787300,1.14314,1.142915,1.14318,1.1429
1784787600,1.14292,1.14296,1.143005,1.142875
1784787900,1.142955,1.14286,1.14296,1.14278
1784788200,1.142865,1.142695,1.142865,1.142655
1784788500,1.1427,1.14255,1.142745,1.14253
1784788800,1.142555,1.14265,1.142725,1.14244
1784789100,1.142645,1.14274,1.142795,1.14261
1784789400,1.142745,1.14259,1.14276,1.14255
1784789700,1.14259,1.14254,1.142605,1.142375
1784790000,1.14255,1.142205,1.14266,1.142205
1784790300,1.14221,1.142365,1.142415,1.142205
1784790600,1.142365,1.142695,1.1427,1.1423
1784790900,1.14269,1.1427,1.14276,1.14257
1784791200,1.142695,1.1424,1.142715,1.14239
1784791500,1.142415,1.14256,1.142605,1.14238
1784791800,1.142555,1.142665,1.14275,1.142495
1784792100,1.14267,1.14256,1.142695,1.14251
1784792400,1.14256,1.142255,1.14261,1.142215
1784792700,1.142255,1.14238,1.142405,1.141965
1784793000,1.142375,1.14226,1.14256,1.1422
1784793300,1.142255,1.14245,1.14255,1.142185
1784793600,1.14247,1.14225,1.14251,1.14224
1784793900,1.142245,1.142285,1.142425,1.14214
1784794200,1.142285,1.141945,1.14234,1.14193
1784794500,1.141945,1.14171,1.14195,1.14168
1784794800,1.14171,1.14171,1.141905,1.14168
1784795100,1.141715,1.14171,1.141755,1.14159
1784795400,1.14171,1.14124,1.14171,1.141235
1784795700,1.141245,1.141015,1.14135,1.140975
1784796000,1.14101,1.14092,1.14106,1.140695
1784796300,1.140915,1.14089,1.141075,1.140855
1784796600,1.140895,1.14116,1.14117,1.14087
1784796900,1.141155,1.14106,1.1412,1.141045
1784797200,1.141055,1.141495,1.141495,1.141015
1784797500,1.1415,1.141355,1.141525,1.141275
1784797800,1.14135,1.14108,1.14142,1.141075
1784798100,1.141085,1.141215,1.141325,1.14107
1784798400,1.14122,1.141165,1.14127,1.14107
1784798700,1.14117,1.14101,1.14122,1.140975
1784799000,1.141005,1.14108,1.14113,1.14096
1784799300,1.141075,1.141175,1.141235,1.14105
1784799600,1.14117,1.141415,1.141445,1.141095
1784799900,1.14142,1.14126,1.14148,1.141185
1784800200,1.141255,1.141375,1.14138,1.14116
1784800500,1.14138,1.1413,1.14143,1.141225
1784800800,1.141295,1.141205,1.141335,1.141165
1784801100,1.1412,1.141015,1.14128,1.140955
1784801400,1.14101,1.141015,1.14107,1.140875
1784801700,1.14102,1.14076,1.141055,1.140755
1784802000,1.14076,1.140695,1.14083,1.140585
1784802300,1.1407,1.14077,1.14082,1.14069
1784802600,1.140775,1.140765,1.14101,1.140655
1784802900,1.14077,1.14086,1.140875,1.14066
1784803200,1.14085,1.14068,1.14086,1.14063
1784803500,1.140685,1.14049,1.140705,1.140365
1784803800,1.140495,1.140765,1.140775,1.140315
1784804100,1.140755,1.140445,1.140825,1.1404
1784804400,1.14044,1.140395,1.140455,1.140245
1784804700,1.1404,1.140445,1.14049,1.14025
1784805000,1.14045,1.140575,1.14067,1.140395
1784805300,1.14058,1.14026,1.1406,1.140225
1784805600,1.140255,1.139945,1.14026,1.139895
1784805900,1.13995,1.1398,1.14005,1.13972
1784806200,1.139805,1.139165,1.139865,1.13907
1784806500,1.13916,1.13868,1.13916,1.1386
1784806800,1.138685,1.13873,1.138775,1.138325
1784807100,1.138735,1.13913,1.139235,1.138735
1784807400,1.139125,1.139245,1.139635,1.13912
1784807700,1.13924,1.13947,1.13952,1.139155
1784808000,1.13946,1.139165,1.139495,1.139015
1784808300,1.13917,1.139245,1.13934,1.13906
1784808600,1.13924,1.139485,1.13953,1.13922
1784808900,1.13947,1.138685,1.13959,1.138585
1784809200,1.13869,1.13825,1.13869,1.1381
1784809500,1.138255,1.13847,1.13864,1.13812
1784809800,1.138465,1.138455,1.138575,1.13817
1784810100,1.13845,1.1382,1.138525,1.13799
1784810400,1.138195,1.137835,1.1382,1.13769
1784810700,1.13784,1.138005,1.13809,1.137555
1784811000,1.138,1.1382,1.138205,1.137765
1784811300,1.138205,1.138515,1.13859,1.13816
1784811600,1.13852,1.13808,1.138635,1.13796
1784811900,1.138085,1.13745,1.138155,1.13738
1784812200,1.137455,1.13689,1.13754,1.13679
1784812500,1.13688,1.13721,1.137315,1.136815
1784812800,1.137215,1.13745,1.1375,1.137195
1784813100,1.137455,1.137825,1.137885,1.13735
1784813400,1.13783,1.13823,1.13823,1.13774
1784813700,1.138225,1.138215,1.138565,1.13811
1784814000,1.138215,1.137865,1.138325,1.137845
1784814300,1.13786,1.13794,1.13794,1.1376
1784814600,1.137945,1.137775,1.137965,1.13763
1784814900,1.13777,1.13725,1.13791,1.137215
1784815200,1.13726,1.136955,1.13761,1.13694
1784815500,1.13696,1.137005,1.137305,1.136765
1784815800,1.13701,1.13717,1.137225,1.13684
1784816100,1.137175,1.136555,1.137265,1.13646
1784816400,1.13655,1.1369,1.13691,1.136395
1784816700,1.136895,1.137045,1.137055,1.13678
1784817000,1.13704,1.13711,1.13727,1.136895
1784817300,1.137115,1.13728,1.137365,1.13696
1784817600,1.137275,1.136755,1.13737,1.136745
1784817900,1.13676,1.136605,1.136965,1.13658
1784818200,1.1366,1.136495,1.136755,1.13645
1784818500,1.13649,1.13715,1.13716,1.136465
1784818800,1.137155,1.13741,1.13745,1.13705
1784819100,1.137415,1.13708,1.137545,1.13704
1784819400,1.137085,1.137365,1.137435,1.13703
1784819700,1.13736,1.137195,1.137565,1.13717
1784820000,1.1372,1.137025,1.13727,1.136805
1784820300,1.13703,1.13714,1.13735,1.13701
1784820600,1.137145,1.13683,1.137145,1.13667
1784820900,1.136825,1.137345,1.13741,1.13659
1784821200,1.13735,1.137345,1.137615,1.137295
1784821500,1.137345,1.137295,1.137365,1.137095
1784821800,1.1373,1.13747,1.13749,1.137125
1784822100,1.137475,1.13728,1.137555,1.13706
1784822400,1.137285,1.13742,1.137605,1.13725
1784822700,1.13743,1.13735,1.137495,1.137295
1784823000,1.137345,1.13774,1.13779,1.137345
1784823300,1.137745,1.137385,1.13785,1.137285
1784823600,1.13739,1.13748,1.137565,1.137365
1784823900,1.13748,1.13783,1.137835,1.137475
1784824200,1.137835,1.137785,1.137975,1.13774
1784824500,1.13779,1.137695,1.137845,1.13759
1784824800,1.137695,1.137835,1.137945,1.137585
1784825100,1.13783,1.137905,1.13794,1.137685
1784825400,1.1379,1.137865,1.138,1.13784
1784825700,1.13787,1.138005,1.138035,1.137865
1784826000,1.13801,1.13794,1.1381,1.13783
1784826300,1.13794,1.13784,1.138065,1.137685
1784826600,1.137835,1.13769,1.137835,1.137675
1784826900,1.137685,1.137755,1.137845,1.13762
1784827200,1.13776,1.137685,1.13785,1.13763
1784827500,1.13769,1.137595,1.13771,1.13755
1784827800,1.13759,1.13755,1.13763,1.13746
1784828100,1.13754,1.13756,1.13756,1.137405
1784828400,1.13756,1.137395,1.13757,1.137375
1784828700,1.137395,1.13739,1.13748,1.137315
1784829000,1.13739,1.13745,1.13752,1.13734
1784829300,1.137445,1.13714,1.13745,1.13712
1784829600,1.137145,1.13725,1.137295,1.13711
1784829900,1.137235,1.137395,1.13746,1.13723
1784830200,1.13739,1.137415,1.137515,1.137345
1784830500,1.13741,1.13732,1.13754,1.13728
1784830800,1.137325,1.13731,1.137365,1.13728
1784831100,1.13731,1.13751,1.137545,1.1373
1784831400,1.137505,1.137565,1.137635,1.137495
1784831700,1.13757,1.13748,1.137595,1.137455
1784832000,1.13748,1.13745,1.13749,1.137385
1784832300,1.137455,1.13749,1.13754,1.137405
1784832600,1.137505,1.13746,1.137515,1.137445
1784832900,1.137465,1.13761,1.13765,1.137425
1784833200,1.137625,1.137645,1.13782,1.137585
1784833500,1.13765,1.13757,1.137675,1.137535
1784833800,1.137585,1.137515,1.13763,1.137505
1784834100,1.13751,1.13741,1.13758,1.13741
1784834400,1.137415,1.13746,1.13748,1.137385
1784834700,1.137465,1.1377,1.1377,1.137445
1784835000,1.137695,1.13774,1.137995,1.137695
1784835300,1.13774,1.13773,1.13777,1.137685
1784835600,1.137725,1.1376,1.13774,1.137585
1784835900,1.137605,1.13761,1.13764,1.137505
1784836200,1.137615,1.137785,1.1378,1.137615
1784836500,1.13779,1.137745,1.137875,1.13771
1784836800,1.13775,1.137915,1.13795,1.137745
1784837100,1.137915,1.13789,1.13794,1.13786
1784837400,1.137885,1.137815,1.137895,1.13779
1784837700,1.137815,1.137735,1.137825,1.137715
1784838000,1.13774,1.137785,1.137795,1.137735
1784838300,1.13778,1.13793,1.137935,1.13777
1784838600,1.137925,1.137765,1.138,1.137745
1784838900,1.137765,1.13772,1.137765,1.137685
1784839200,1.137725,1.137785,1.1378,1.13769
1784839500,1.13779,1.137755,1.13784,1.13774
1784839800,1.13775,1.137725,1.137755,1.13767
1784840100,1.137725,1.13768,1.13778,1.13765
1784840400,1.13755,1.13759,1.13764,1.137505
1784840700,1.137535,1.13765,1.13767,1.1375
1784841000,1.137665,1.13774,1.13774,1.13762
1784841300,1.13774,1.137705,1.13774,1.13769
1784841600,1.137705,1.13771,1.13773,1.1377
1784841900,1.13771,1.13775,1.13775,1.137695
1784842200,1.13773,1.137745,1.137755,1.13768
1784842500,1.137745,1.13765,1.137755,1.137645
1784842800,1.137645,1.13784,1.13792,1.13761
1784843100,1.13784,1.137885,1.137995,1.137835
1784843400,1.137885,1.13788,1.137905,1.137875
1784843700,1.13788,1.13768,1.138035,1.137535
1784844000,1.13764,1.1378,1.13788,1.13764
1784844300,1.1378,1.137845,1.13791,1.137795
1784844600,1.137825,1.137805,1.137825,1.137785
1784844900,1.137795,1.13779,1.13781,1.13779
1784845200,1.13779,1.137935,1.13794,1.13779
1784845500,1.137935,1.137785,1.137935,1.137765
1784845800,1.13779,1.137795,1.137795,1.13771
1784846100,1.137795,1.137795,1.13783,1.137785
1784846400,1.137795,1.13784,1.13786,1.13779
1784846700,1.137845,1.137885,1.137895,1.137845
1784847000,1.137885,1.13795,1.13799,1.137885
1784847300,1.13795,1.13796,1.13799,1.13794
1784847600,1.137965,1.13789,1.137985,1.137885
1784847900,1.137895,1.13789,1.137905,1.13788
1784848200,1.13789,1.13788,1.137935,1.137875
1784848500,1.137885,1.137895,1.13791,1.137885
1784848800,1.137895,1.1379,1.137935,1.13789
1784849100,1.1379,1.137885,1.13792,1.137885
1784849400,1.137885,1.13792,1.137985,1.13788
1784849700,1.13792,1.137875,1.13793,1.137865
1784850000,1.137875,1.13773,1.137875,1.13763
1784850300,1.13773,1.137765,1.13789,1.137725
1784850600,1.137775,1.137585,1.13779,1.13758
1784850900,1.137585,1.13765,1.137725,1.137585
1784851200,1.137645,1.13768,1.13789,1.137515
1784851500,1.137685,1.137965,1.138035,1.137585
1784851800,1.13796,1.137895,1.138035,1.13786
1784852100,1.1379,1.13789,1.137945,1.13782
1784852400,1.13789,1.137975,1.138025,1.13784
1784852700,1.13797,1.137965,1.138005,1.137875
1784853000,1.13797,1.13786,1.137975,1.13784
1784853300,1.137855,1.137815,1.137915,1.13781
1784853600,1.137815,1.13773,1.137815,1.13771
1784853900,1.13773,1.137775,1.13781,1.137655
1784854200,1.137775,1.13781,1.137895,1.137735
1784854500,1.13782,1.138425,1.138425,1.137805
1784854800,1.13843,1.138435,1.13863,1.138355
1784855100,1.138435,1.13832,1.138435,1.13824
1784855400,1.138325,1.13839,1.13846,1.138295
1784855700,1.13839,1.138525,1.138545,1.138315
1784856000,1.13852,1.138575,1.1386,1.13845
1784856300,1.13857,1.1382,1.13857,1.13819
1784856600,1.138195,1.13843,1.138465,1.13818
1784856900,1.138445,1.138465,1.138595,1.13841
1784857200,1.13847,1.13861,1.13864,1.138465
1784857500,1.138595,1.138715,1.13873,1.138575
1784857800,1.13871,1.13865,1.13871,1.13854
1784858100,1.138655,1.138395,1.138655,1.138345
1784858400,1.1384,1.13842,1.13849,1.13833
1784858700,1.138415,1.13835,1.13844,1.13829
1784859000,1.138345,1.138475,1.13849,1.138305
1784859300,1.13847,1.13842,1.13851,1.138345
1784859600,1.13842,1.1384,1.138565,1.138385
1784859900,1.13839,1.13844,1.138495,1.13837
1784860200,1.138435,1.138655,1.13876,1.138425
1784860500,1.13866,1.13851,1.13866,1.1385
1784860800,1.138515,1.13848,1.13856,1.13845
1784861100,1.138485,1.13821,1.13851,1.13819
1784861400,1.138215,1.13819,1.138355,1.13818
1784861700,1.138195,1.138085,1.13829,1.13808
1784862000,1.13809,1.138035,1.13814,1.138015
1784862300,1.13803,1.137925,1.13808,1.13792
1784862600,1.13794,1.137845,1.13794,1.137785
1784862900,1.13785,1.137835,1.137945,1.13783
1784863200,1.13784,1.137785,1.137905,1.137785
1784863500,1.13779,1.13789,1.13795,1.137785
1784863800,1.137895,1.13816,1.13816,1.137885
1784864100,1.138155,1.13813,1.138245,1.138095
1784864400,1.138135,1.138205,1.138245,1.13813
1784864700,1.13821,1.13811,1.138215,1.13809
1784865000,1.138115,1.138195,1.13825,1.1381
1784865300,1.13819,1.138235,1.13825,1.13807
1784865600,1.13824,1.138305,1.13834,1.138215
1784865900,1.138305,1.138325,1.13834,1.138215
1784866200,1.138325,1.13834,1.138355,1.138225
1784866500,1.138345,1.138295,1.138395,1.138255
1784866800,1.13829,1.138135,1.1383,1.13813
1784867100,1.138135,1.138075,1.138135,1.13807
1784867400,1.13808,1.13804,1.13815,1.138
1784867700,1.13804,1.13804,1.138085,1.137985
1784868000,1.138045,1.13778,1.138045,1.13778
1784868300,1.137785,1.13773,1.137845,1.1377
1784868600,1.13773,1.13773,1.13779,1.13767
1784868900,1.137735,1.13792,1.137935,1.137735
1784869200,1.137925,1.13795,1.13798,1.13783
1784869500,1.137955,1.138055,1.138075,1.137945
1784869800,1.13805,1.138035,1.138125,1.13797
1784870100,1.138035,1.13813,1.13815,1.13803
1784870400,1.13813,1.13817,1.13824,1.138115
1784870700,1.138165,1.138175,1.13825,1.138155
1784871000,1.13818,1.13823,1.138345,1.13813
1784871300,1.138225,1.13817,1.13825,1.138115
1784871600,1.138175,1.138095,1.13824,1.138045
1784871900,1.1381,1.138085,1.13815,1.13802
1784872200,1.13809,1.13784,1.1381,1.137805
1784872500,1.13786,1.13779,1.13791,1.137655
1784872800,1.137785,1.137795,1.137965,1.13773
1784873100,1.1378,1.13788,1.13795,1.137765
1784873400,1.137875,1.137995,1.137995,1.13777
1784873700,1.13799,1.138345,1.13836,1.13799
1784874000,1.13835,1.13854,1.138555,1.13833
1784874300,1.138545,1.13856,1.13866,1.13847
1784874600,1.138555,1.138625,1.13865,1.138355
1784874900,1.13863,1.13857,1.13865,1.13852
1784875200,1.13858,1.138385,1.138605,1.138335
1784875500,1.13838,1.138435,1.138565,1.13837
1784875800,1.13844,1.138345,1.13856,1.138315
1784876100,1.13834,1.13869,1.1387,1.138315
1784876400,1.138695,1.138845,1.13894,1.138635
1784876700,1.13884,1.139345,1.139365,1.138825
1784877000,1.13934,1.139385,1.13959,1.13931
1784877300,1.13939,1.13924,1.13955,1.139025
1784877600,1.13923,1.139655,1.139655,1.13923
1784877900,1.13965,1.139755,1.13996,1.13964
1784878200,1.13975,1.1397,1.14012,1.139605
1784878500,1.139705,1.139185,1.13977,1.13912
1784878800,1.13918,1.139285,1.13935,1.13898
1784879100,1.13928,1.139145,1.139285,1.139035
1784879400,1.13914,1.13918,1.1392,1.138985
1784879700,1.139185,1.13899,1.139285,1.138925
1784880000,1.138995,1.13873,1.139055,1.138715
1784880300,1.138735,1.13878,1.13879,1.13859
1784880600,1.13878,1.1388,1.13891,1.138725
1784880900,1.138795,1.138595,1.13884,1.138475
1784881200,1.13859,1.1385,1.138655,1.138365
1784881500,1.138495,1.138745,1.1388,1.13844
1784881800,1.13876,1.13858,1.13878,1.138565
1784882100,1.138585,1.13866,1.138735,1.13847
1784882400,1.138665,1.13859,1.13875,1.138535
1784882700,1.138585,1.138155,1.13862,1.138155
1784883000,1.13815,1.138365,1.1384,1.13813
1784883300,1.13837,1.138355,1.13838,1.13818
1784883600,1.13835,1.13829,1.138505,1.13825
1784883900,1.138285,1.138665,1.13867,1.138265
1784884200,1.13866,1.138525,1.138665,1.13845
1784884500,1.13852,1.13868,1.13871,1.138375
1784884800,1.13867,1.138465,1.138695,1.13834
1784885100,1.13846,1.138705,1.13877,1.13844
1784885400,1.138705,1.13862,1.13874,1.13858
1784885700,1.13861,1.1385,1.1387,1.13846
1784886000,1.138495,1.13861,1.13869,1.138355
1784886300,1.138615,1.138595,1.13871,1.138535
1784886600,1.13859,1.138695,1.13874,1.138545
1784886900,1.13869,1.138915,1.138925,1.138645
1784887200,1.13891,1.13901,1.139075,1.138725
1784887500,1.13901,1.138915,1.13901,1.13877
1784887800,1.13891,1.13881,1.138985,1.13876
1784888100,1.138805,1.13893,1.13898,1.138755
1784888400,1.138935,1.139155,1.139165,1.13887
1784888700,1.13916,1.139005,1.139295,1.13899
1784889000,1.139,1.139085,1.13918,1.13896
1784889300,1.139085,1.13896,1.139145,1.138955
1784889600,1.13896,1.13872,1.13896,1.138695
1784889900,1.13871,1.138665,1.138805,1.13861
1784890200,1.13867,1.13824,1.13868,1.13822
1784890500,1.138245,1.138305,1.138425,1.138095
1784890800,1.13831,1.13846,1.1385,1.13815
1784891100,1.138465,1.13854,1.138555,1.138355
1784891400,1.13854,1.138815,1.138815,1.138505
1784891700,1.13881,1.13858,1.13882,1.13857
1784892000,1.138585,1.138465,1.13863,1.138465
1784892300,1.138465,1.13822,1.13853,1.13822
1784892600,1.138225,1.138185,1.138285,1.13813
1784892900,1.138195,1.137965,1.138215,1.13794
1784893200,1.13797,1.13798,1.13799,1.137835
1784893500,1.13799,1.137985,1.13811,1.1379
1784893800,1.137985,1.137645,1.13801,1.137565
1784894100,1.13764,1.13747,1.13764,1.13712
1784894400,1.137475,1.13732,1.137675,1.13718
1784894700,1.13733,1.13772,1.137795,1.137225
1784895000,1.137715,1.137765,1.13783,1.13758
1784895300,1.13777,1.137685,1.137795,1.13758
1784895600,1.13768,1.13756,1.13769,1.137475
1784895900,1.13757,1.137405,1.13758,1.137245
1784896200,1.13741,1.13703,1.13762,1.137025
1784896500,1.137035,1.1372,1.13728,1.137035
1784896800,1.137195,1.136825,1.137195,1.136745
1784897100,1.136825,1.136885,1.13716,1.13677
1784897400,1.13688,1.13695,1.13705,1.136775
1784897700,1.136955,1.136975,1.13706,1.13674
1784898000,1.13698,1.1368,1.13715,1.13671
1784898300,1.136795,1.13669,1.13685,1.136635
1784898600,1.13669,1.137045,1.13727,1.136485
1784898900,1.13704,1.137215,1.13727,1.13692
1784899200,1.13721,1.13714,1.13741,1.137035
1784899500,1.13715,1.13706,1.13721,1.136925
1784899800,1.13705,1.13687,1.137105,1.136775
1784900100,1.136875,1.137255,1.13726,1.136815
1784900400,1.13726,1.137195,1.13735,1.13717
1784900700,1.13719,1.137005,1.137205,1.13696
1784901000,1.13701,1.137315,1.13733,1.136875
1784901300,1.13731,1.13767,1.13768,1.137185
1784901600,1.137675,1.13761,1.137945,1.13761
1784901900,1.137615,1.13736,1.137665,1.137045
1784902200,1.137355,1.137215,1.13752,1.137135
1784902500,1.13722,1.13729,1.13748,1.1372
1784902800,1.137285,1.137535,1.13764,1.13727
1784903100,1.13754,1.137545,1.13784,1.137525
1784903400,1.13755,1.13788,1.13789,1.13747
1784903700,1.137885,1.137655,1.13791,1.137635
1784904000,1.13765,1.137605,1.137755,1.13758
1784904300,1.137605,1.13784,1.137885,1.137585
1784904600,1.137845,1.13771,1.137885,1.1375
1784904900,1.137705,1.13782,1.13809,1.13769
1784905200,1.13783,1.13793,1.138035,1.137705
1784905500,1.137935,1.138295,1.138345,1.13787
1784905800,1.1383,1.13873,1.13893,1.13829
1784906100,1.13872,1.13858,1.13908,1.138505
1784906400,1.138585,1.138535,1.138735,1.138515
1784906700,1.13854,1.13847,1.13869,1.138435
1784907000,1.138475,1.13853,1.13872,1.13837
1784907300,1.138535,1.13889,1.13892,1.13846
1784907600,1.138895,1.138455,1.13894,1.1384
1784907900,1.13846,1.13853,1.13864,1.13844
1784908200,1.138535,1.138485,1.13866,1.138435
1784908500,1.138485,1.13846,1.138555,1.138255
1784908800,1.138455,1.13828,1.138465,1.138165
1784909100,1.13827,1.138435,1.138535,1.13818
1784909400,1.13843,1.138525,1.1386,1.13839
1784909700,1.13853,1.13854,1.13865,1.138475
1784910000,1.138535,1.138335,1.138555,1.13828
1784910300,1.13834,1.13833,1.138345,1.13818
1784910600,1.138335,1.13834,1.13839,1.13814
1784910900,1.138345,1.13805,1.138385,1.138035
1784911200,1.138055,1.13804,1.13812,1.137955
1784911500,1.138035,1.13794,1.13805,1.13785
1784911800,1.137935,1.137935,1.137955,1.13785
1784912100,1.137935,1.137775,1.13807,1.13777
1784912400,1.13777,1.137655,1.137795,1.13764
1784912700,1.13765,1.13723,1.137675,1.13703
1784913000,1.13723,1.13713,1.13723,1.13703
1784913300,1.13713,1.13698,1.137245,1.13698
1784913600,1.13698,1.136975,1.13704,1.136865
1784913900,1.13698,1.137185,1.137195,1.136975
1784914200,1.13718,1.137115,1.13726,1.137095
1784914500,1.13712,1.13696,1.13714,1.13692
1784914800,1.13696,1.13692,1.136985,1.136835
1784915100,1.136915,1.136845,1.13694,1.136815
1784915400,1.136845,1.13688,1.136885,1.136755
1784915700,1.136885,1.136955,1.137035,1.136885
1784916000,1.13696,1.136875,1.13699,1.136785
1784916300,1.13688,1.137025,1.13703,1.13685
1784916600,1.13703,1.13698,1.13707,1.13695
1784916900,1.13698,1.13698,1.137125,1.13697
1784917200,1.13698,1.13692,1.136985,1.136785
1784917500,1.13692,1.13692,1.136985,1.13688
1784917800,1.136925,1.13677,1.136985,1.13676
1784918100,1.136775,1.13687,1.136935,1.13674
1784918400,1.13687,1.13689,1.13692,1.136775
1784918700,1.13689,1.136955,1.137075,1.136885
1784919000,1.13696,1.136935,1.13699,1.136925
1784919300,1.136935,1.13699,1.137025,1.13693
1784919600,1.136995,1.13703,1.137125,1.136975
1784919900,1.137025,1.13703,1.13708,1.136975
1784920200,1.13703,1.137035,1.137125,1.137
1784920500,1.13704,1.13702,1.137065,1.13698
1784920800,1.13703,1.136895,1.13708,1.13687
1784921100,1.13689,1.13686,1.136915,1.1368
1784921400,1.136865,1.136915,1.13701,1.13682
1784921700,1.136915,1.13716,1.137225,1.136895
1784922000,1.13716,1.137125,1.13722,1.13711
1784922300,1.137135,1.1371,1.13716,1.13703
1784922600,1.137115,1.13706,1.13713,1.13702
1784922900,1.137065,1.137,1.137095,1.136995
1784923200,1.136995,1.13704,1.13707,1.136995
1784923500,1.137045,1.137005,1.13705,1.136965
1784923800,1.137,1.136985,1.13701,1.13698
1784924100,1.13699,1.13689,1.136995,1.13689
1784924400,1.136885,1.13691,1.13692,1.136865
1784924700,1.1369,1.13685,1.13691,1.13681
1784925000,1.136855,1.13676,1.13686,1.136755
1784925300,1.13676,1.136765,1.136815,1.136755
1784925600,1.136765,1.136875,1.13692,1.136755
1784925900,1.13687,1.13703,1.137065,1.13686
1784926200,1.137035,1.137005,1.13712,1.136975
1784926500,1.13702,1.136555,1.137365,1.136555
1785099600,1.136555,1.139545,1.139695,1.136555
1785099900,1.139545,1.139235,1.13957,1.13917
1785100200,1.139235,1.13938,1.13938,1.139095
1785100500,1.13938,1.13951,1.13965,1.13938
1785100800,1.13951,1.13954,1.13958,1.139335
1785101100,1.139565,1.13936,1.139595,1.13931
1785101400,1.13935,1.139295,1.13946,1.13916
1785101700,1.139295,1.139365,1.13958,1.13911
1785102000,1.13936,1.139365,1.13951,1.13935
1785102300,1.139355,1.139485,1.1397,1.13929
1785102600,1.139485,1.139335,1.139555,1.13915
1785102900,1.139335,1.13908,1.139335,1.138945
1785103200,1.13909,1.139785,1.14,1.13898
1785103500,1.139795,1.13959,1.140005,1.139575
1785103800,1.139585,1.13934,1.139675,1.139215
1785104100,1.13934,1.139345,1.13939,1.13919
1785104400,1.13935,1.139165,1.13943,1.139125
1785104700,1.13916,1.139175,1.139205,1.13907
1785105000,1.139175,1.13912,1.13918,1.139065
1785105300,1.13912,1.13912,1.13917,1.139075
1785105600,1.139125,1.139195,1.13921,1.139075
1785105900,1.139195,1.139025,1.139195,1.13899
1785106200,1.13903,1.139045,1.139145,1.13903
1785106500,1.13904,1.13893,1.13904,1.138825
1785106800,1.13893,1.138975,1.139045,1.13891
1785107100,1.13898,1.139075,1.13912,1.13898
1785107400,1.139075,1.13891,1.139075,1.138905
1785107700,1.138915,1.138905,1.13901,1.13888
1785108000,1.138905,1.138855,1.138975,1.138855
1785108300,1.13886,1.13891,1.138955,1.138835
1785108600,1.138915,1.13908,1.139085,1.13891
1785108900,1.13908,1.139125,1.139185,1.13907
1785109200,1.13912,1.139265,1.13932,1.13912
1785109500,1.139265,1.139265,1.13932,1.139175
1785109800,1.13926,1.139165,1.139265,1.139135
1785110100,1.13916,1.13946,1.139525,1.139155
1785110400,1.139465,1.139755,1.139835,1.139465
1785110700,1.13976,1.13984,1.139865,1.139645
1785111000,1.139835,1.140365,1.140375,1.13981
1785111300,1.14035,1.14038,1.14045,1.140125
1785111600,1.14038,1.140715,1.14077,1.14028
1785111900,1.140715,1.141095,1.141245,1.14069
1785112200,1.141105,1.141125,1.141305,1.14099
1785112500,1.141125,1.140525,1.14114,1.140475
1785112800,1.140525,1.14045,1.140635,1.14042
1785113100,1.140445,1.140405,1.140535,1.14037
1785113400,1.1404,1.140055,1.14041,1.140055
1785113700,1.140065,1.14017,1.14023,1.140055
1785114000,1.14018,1.140365,1.140595,1.140175
1785114300,1.140375,1.140615,1.140725,1.140365
1785114600,1.140615,1.140535,1.140705,1.140535
1785114900,1.140535,1.14063,1.140685,1.140505
1785115200,1.14063,1.14055,1.140765,1.14048
1785115500,1.140545,1.140615,1.140615,1.140485
1785115800,1.140625,1.14066,1.140875,1.140625
1785116100,1.140655,1.140455,1.140655,1.14035
1785116400,1.14045,1.140755,1.140775,1.140445
1785116700,1.14076,1.141005,1.141015,1.14076
1785117000,1.141015,1.14087,1.14103,1.140785
1785117300,1.14087,1.141435,1.14144,1.14086
1785117600,1.14144,1.1412,1.14144,1.141175
1785117900,1.141215,1.141125,1.141305,1.141105
1785118200,1.141125,1.14101,1.141185,1.140985
1785118500,1.141015,1.140815,1.14107,1.14075
1785118800,1.140815,1.140915,1.140915,1.140775
1785119100,1.140915,1.141025,1.141095,1.140915
1785119400,1.14103,1.140985,1.14103,1.140805
1785119700,1.140985,1.140785,1.141065,1.14078
1785120000,1.140795,1.14086,1.140915,1.140785
1785120300,1.14086,1.140775,1.14089,1.140725
1785120600,1.140775,1.140825,1.140865,1.140715
1785120900,1.140805,1.140555,1.140805,1.140555
1785121200,1.140555,1.140505,1.140715,1.140455
1785121500,1.140505,1.140445,1.14057,1.140415
1785121800,1.140445,1.140355,1.14046,1.1403
1785122100,1.140355,1.140415,1.14047,1.140305
1785122400,1.14042,1.140375,1.14042,1.140305
1785122700,1.14038,1.140365,1.140465,1.140345
1785123000,1.140365,1.14021,1.140365,1.140125
1785123300,1.14021,1.14028,1.14031,1.140185
1785123600,1.14028,1.14033,1.140395,1.14025
1785123900,1.14033,1.140375,1.140415,1.14033
1785124200,1.140375,1.140365,1.14047,1.140365
1785124500,1.140365,1.140365,1.140425,1.140325
1785124800,1.140365,1.140405,1.140485,1.140315
1785125100,1.140405,1.140375,1.14045,1.140375
1785125400,1.140375,1.140455,1.140455,1.140315
1785125700,1.14046,1.140505,1.14052,1.140385
1785126000,1.140505,1.14032,1.140505,1.14032
1785126300,1.140325,1.140315,1.14035,1.140255
1785126600,1.140315,1.140355,1.140365,1.140305
1785126900,1.140355,1.140355,1.140365,1.140305
1785127200,1.14035,1.14033,1.140485,1.14031
1785127500,1.140335,1.140315,1.140365,1.140305
1785127800,1.140315,1.140255,1.14032,1.14021
1785128100,1.14025,1.140355,1.14044,1.14023
1785128400,1.14036,1.14032,1.140375,1.14026
1785128700,1.140315,1.140455,1.140475,1.140275
1785129000,1.140455,1.140705,1.14071,1.140415
1785129300,1.1407,1.14069,1.14077,1.140645
1785129600,1.14069,1.140545,1.1407,1.140545
1785129900,1.14054,1.14061,1.140625,1.14046
1785130200,1.140615,1.140425,1.140685,1.14036
1785130500,1.14042,1.140465,1.140525,1.140375
1785130800,1.140465,1.14047,1.140525,1.14041
1785131100,1.14047,1.140485,1.140555,1.14037
1785131400,1.14048,1.140695,1.14072,1.14047
1785131700,1.140695,1.14063,1.14073,1.14058
1785132000,1.14062,1.141065,1.14112,1.14056
1785132300,1.14106,1.14102,1.14108,1.14087
1785132600,1.141025,1.14121,1.141385,1.141025
1785132900,1.141225,1.14086,1.14127,1.14085
1785133200,1.140865,1.14109,1.141095,1.140735
1785133500,1.141085,1.141295,1.141345,1.14105
1785133800,1.141295,1.141235,1.141325,1.14095
1785134100,1.14123,1.14149,1.1415,1.14106
1785134400,1.141485,1.14152,1.14184,1.141375
1785134700,1.14152,1.141075,1.14152,1.14106
1785135000,1.141075,1.140895,1.1411,1.14088
1785135300,1.14089,1.14081,1.140995,1.140715
1785135600,1.140805,1.14064,1.140975,1.140465
1785135900,1.140635,1.140615,1.140785,1.14056
1785136200,1.140615,1.14098,1.140985,1.14049
1785136500,1.140985,1.14071,1.141,1.140575
1785136800,1.140705,1.14073,1.14097,1.14057
1785137100,1.140725,1.140715,1.140885,1.140615
1785137400,1.14071,1.14053,1.14071,1.14035
1785137700,1.140535,1.140315,1.1407,1.140255
1785138000,1.14031,1.14026,1.140485,1.140125
1785138300,1.140265,1.14008,1.140305,1.140055
1785138600,1.140085,1.140215,1.140235,1.139975
1785138900,1.14022,1.13964,1.140265,1.139615
1785139200,1.13963,1.139665,1.139855,1.1396
1785139500,1.13966,1.139585,1.13995,1.139565
1785139800,1.13959,1.13964,1.139765,1.13953
1785140100,1.139635,1.13968,1.139735,1.139515
1785140400,1.139685,1.139655,1.13973,1.139465
1785140700,1.13965,1.139545,1.139685,1.139485
1785141000,1.139555,1.13959,1.139685,1.13955
1785141300,1.13959,1.139845,1.139945,1.13959
1785141600,1.13985,1.139885,1.140145,1.13983
1785141900,1.139885,1.139755,1.14,1.13975
1785142200,1.13976,1.14019,1.140205,1.13966
1785142500,1.14018,1.140225,1.14033,1.140175
1785142800,1.14022,1.1403,1.14034,1.140115
1785143100,1.140295,1.14009,1.140335,1.14008
1785143400,1.140085,1.1398,1.140095,1.13977
1785143700,1.139795,1.139795,1.13989,1.139665
1785144000,1.139795,1.13982,1.13991,1.139725
1785144300,1.139815,1.13953,1.139955,1.139525
1785144600,1.139525,1.13971,1.1398,1.13946
1785144900,1.13971,1.139835,1.13984,1.139655
1785145200,1.139835,1.13973,1.139845,1.139685
1785145500,1.13973,1.13971,1.13987,1.13967
1785145800,1.139715,1.139725,1.139785,1.13958
1785146100,1.13973,1.13964,1.13983,1.1396
1785146400,1.139635,1.1401,1.140135,1.13957
1785146700,1.140105,1.139795,1.140125,1.13979
1785147000,1.13979,1.13953,1.13984,1.13934
1785147300,1.13952,1.139765,1.13988,1.13952
1785147600,1.13977,1.13988,1.139995,1.13965
1785147900,1.139875,1.13976,1.13993,1.139715
1785148200,1.139755,1.139835,1.13994,1.13974
1785148500,1.139835,1.13972,1.13987,1.13967
1785148800,1.13972,1.14006,1.140145,1.139705
1785149100,1.14006,1.13993,1.14006,1.139805
1785149400,1.13993,1.139925,1.139935,1.139725
1785149700,1.13993,1.13953,1.140015,1.13945
1785150000,1.139535,1.139395,1.139595,1.13936
1785150300,1.13939,1.13927,1.13939,1.139145
1785150600,1.139265,1.13917,1.139315,1.139155
1785150900,1.139175,1.139335,1.13944,1.13913
1785151200,1.13933,1.13918,1.139375,1.13918
1785151500,1.13918,1.13913,1.13943,1.13912
1785151800,1.139135,1.13931,1.13951,1.13909
1785152100,1.13932,1.13928,1.13953,1.13922
1785152400,1.13928,1.13917,1.139535,1.13916
1785152700,1.13917,1.13896,1.13924,1.138855
1785153000,1.138955,1.13882,1.13899,1.138765
1785153300,1.138825,1.13866,1.138825,1.138515
1785153600,1.138665,1.138935,1.13899,1.13866
1785153900,1.13893,1.13893,1.13904,1.13886
1785154200,1.13892,1.138415,1.13892,1.13836
1785154500,1.13842,1.13854,1.138635,1.138415
1785154800,1.138535,1.13837,1.13858,1.13837
1785155100,1.138375,1.13834,1.1385,1.13833
1785155400,1.138335,1.13832,1.138385,1.138105
1785155700,1.13833,1.13782,1.13835,1.137755
1785156000,1.137815,1.13805,1.138095,1.13763
1785156300,1.13806,1.13807,1.138295,1.13799
1785156600,1.138065,1.138325,1.138435,1.13802
1785156900,1.13833,1.13833,1.13856,1.138305
1785157200,1.138335,1.137985,1.13837,1.13793
1785157500,1.13798,1.13855,1.13856,1.13792
1785157800,1.138555,1.13837,1.138655,1.13837
1785158100,1.13838,1.13815,1.13839,1.138125
1785158400,1.138145,1.137965,1.13823,1.137965
1785158700,1.13797,1.13794,1.138035,1.137735
1785159000,1.13795,1.138005,1.138345,1.13787
1785159300,1.13801,1.13804,1.138155,1.137885
1785159600,1.138035,1.138055,1.138165,1.137895
1785159900,1.13805,1.137995,1.13813,1.137845
1785160200,1.13799,1.13763,1.138065,1.137625
1785160500,1.137625,1.13742,1.137645,1.13724
1785160800,1.137425,1.13747,1.1376,1.137105
1785161100,1.137475,1.13749,1.137685,1.13746
1785161400,1.137485,1.137605,1.13762,1.137405
1785161700,1.13761,1.13737,1.13762,1.13727
1785162000,1.13737,1.137415,1.13743,1.137275
1785162300,1.13741,1.137045,1.13743,1.137045
1785162600,1.13704,1.137065,1.137235,1.13697
1785162900,1.13706,1.13733,1.137365,1.136975
1785163200,1.137325,1.137125,1.13745,1.137015
1785163500,1.13713,1.137335,1.137505,1.13713
1785163800,1.13734,1.136975,1.137445,1.136925
1785164100,1.13698,1.13724,1.13729,1.1369
1785164400,1.137235,1.137295,1.137335,1.13706
1785164700,1.1373,1.137045,1.13733,1.137035
1785165000,1.137045,1.13714,1.13714,1.13684
1785165300,1.137135,1.137325,1.137365,1.13711
1785165600,1.13732,1.137515,1.13758,1.13731
1785165900,1.137515,1.137625,1.13767,1.13738
1785166200,1.13762,1.13741,1.137635,1.13736
1785166500,1.137415,1.13754,1.137645,1.13738
1785166800,1.137535,1.137535,1.13761,1.13743
1785167100,1.13753,1.13742,1.13754,1.137345
1785167400,1.137415,1.13763,1.137775,1.137415
1785167700,1.137625,1.13751,1.137825,1.137505
1785168000,1.137505,1.137635,1.137715,1.13736
1785168300,1.137635,1.13763,1.13769,1.137505
1785168600,1.137625,1.13763,1.13775,1.13756
1785168900,1.137635,1.13802,1.13807,1.13762
1785169200,1.13802,1.13815,1.138225,1.138015
1785169500,1.138155,1.13824,1.13839,1.138105
1785169800,1.138245,1.13846,1.13847,1.13818
1785170100,1.138465,1.13841,1.138515,1.13833
1785170400,1.138405,1.13827,1.138485,1.138235
1785170700,1.13827,1.138025,1.138275,1.13802
1785171000,1.138025,1.13801,1.1381,1.137965
1785171300,1.138015,1.137975,1.13802,1.137865
1785171600,1.13797,1.137335,1.13797,1.137255
1785171900,1.13733,1.137435,1.13759,1.137235
1785172200,1.13743,1.137345,1.13757,1.13734
1785172500,1.13735,1.13717,1.137365,1.13713
1785172800,1.13717,1.13707,1.137235,1.13705
1785173100,1.13707,1.137015,1.13712,1.13695
1785173400,1.13702,1.137175,1.137285,1.13692
1785173700,1.137175,1.13696,1.137185,1.136955
1785174000,1.136955,1.136935,1.137015,1.136875
1785174300,1.136935,1.137005,1.137015,1.136875
1785174600,1.137,1.137225,1.137225,1.136995
1785174900,1.137225,1.13723,1.13728,1.137155
1785175200,1.13723,1.137275,1.1373,1.13712
1785175500,1.13728,1.13731,1.13737,1.13725
1785175800,1.13731,1.137285,1.13734,1.137225
1785176100,1.137285,1.137175,1.13729,1.13713
1785176400,1.13717,1.13703,1.13717,1.13697
1785176700,1.137025,1.137045,1.13706,1.13692
1785177000,1.13705,1.13696,1.13715,1.13695
1785177300,1.136955,1.136895,1.137045,1.136895
1785177600,1.136895,1.13698,1.13729,1.136825
1785177900,1.13698,1.136835,1.13704,1.136825
1785178200,1.13683,1.13691,1.13693,1.13678
1785178500,1.1369,1.136845,1.136995,1.13674
1785178800,1.13684,1.136795,1.137005,1.136785
1785179100,1.13679,1.136835,1.136895,1.13678
1785179400,1.136835,1.13678,1.13694,1.13673
1785179700,1.13677,1.13681,1.13685,1.13673
1785180000,1.136815,1.13692,1.13695,1.136815
1785180300,1.136915,1.137055,1.137055,1.136895
1785180600,1.13705,1.137125,1.1372,1.137035
1785180900,1.13713,1.13729,1.13729,1.137095
1785181200,1.137285,1.13724,1.13734,1.13715
1785181500,1.13724,1.13704,1.137295,1.13703
1785181800,1.137045,1.13707,1.137115,1.13704
1785182100,1.137065,1.137,1.137105,1.136985
1785182400,1.136995,1.137065,1.137145,1.13698
1785182700,1.137065,1.13712,1.137125,1.13702
1785183000,1.137125,1.1372,1.137215,1.1371
1785183300,1.1372,1.13709,1.13722,1.13709
1785183600,1.13709,1.13709,1.1371,1.13703
1785183900,1.137085,1.137065,1.137145,1.13706
1785184200,1.13706,1.136825,1.13706,1.136795
1785184500,1.13682,1.136805,1.136835,1.13678
1785184800,1.13681,1.136735,1.136835,1.1367
1785185100,1.136725,1.13674,1.13675,1.13671
1785185400,1.13675,1.136785,1.136805,1.13674
1785185700,1.13678,1.136875,1.136875,1.136735
1785186000,1.136775,1.136905,1.13736,1.136775
1785186300,1.136895,1.137225,1.13735,1.13687
1785186600,1.137225,1.13725,1.137325,1.13712
1785186900,1.137205,1.137295,1.13735,1.1372
1785187200,1.137295,1.137295,1.13744,1.137215
1785187500,1.137295,1.13732,1.137345,1.13724
1785187800,1.13729,1.13716,1.13729,1.137095
1785188100,1.13716,1.13709,1.137245,1.13705
1785188400,1.13708,1.13727,1.13733,1.137055
1785188700,1.137265,1.137235,1.137305,1.13715
1785189000,1.13724,1.13718,1.137265,1.13717
1785189300,1.13718,1.13726,1.137335,1.13718
1785189600,1.137255,1.137095,1.1373,1.136955
1785189900,1.1371,1.137065,1.137205,1.137045
1785190200,1.137065,1.137,1.137065,1.136895
1785190500,1.137,1.13709,1.137125,1.136975
1785190800,1.137095,1.136935,1.1371,1.136925
1785191100,1.13694,1.13694,1.13696,1.136935
1785191400,1.13694,1.13696,1.13697,1.13693
1785191700,1.136965,1.13699,1.137045,1.13696
1785192000,1.13699,1.13693,1.136995,1.13693
1785192300,1.136935,1.13693,1.136945,1.136915
1785192600,1.136925,1.136935,1.136945,1.136915
1785192900,1.136935,1.136935,1.136935,1.13689
1785193200,1.136935,1.13694,1.13695,1.136835
1785193500,1.136945,1.13705,1.13705,1.136945
1785193800,1.13705,1.136985,1.13705,1.13697
1785194100,1.136985,1.13703,1.137045,1.136985
1785194400,1.13703,1.13699,1.137035,1.13697
1785194700,1.13699,1.137045,1.137045,1.13699
1785195000,1.137045,1.13699,1.137045,1.136945
1785195300,1.13697,1.13691,1.136985,1.136885
1785195600,1.13691,1.13697,1.13699,1.13691
1785195900,1.136975,1.13683,1.13702,1.13678
1785196200,1.136835,1.136805,1.13689,1.136795
1785196500,1.136805,1.13692,1.13694,1.1368
1785196800,1.136925,1.13673,1.136935,1.13673
1785197100,1.13673,1.136885,1.13689,1.13667
1785197400,1.136885,1.136845,1.136895,1.136835
1785197700,1.13684,1.13704,1.13706,1.136805
1785198000,1.137045,1.137105,1.13715,1.137045
1785198300,1.137105,1.137215,1.137295,1.137105
1785198600,1.13722,1.13723,1.13733,1.13719
1785198900,1.13723,1.137315,1.137375,1.137185
1785199200,1.13732,1.137235,1.137325,1.13717
1785199500,1.13723,1.137265,1.137305,1.13718
1785199800,1.137265,1.137055,1.137265,1.13702
1785200100,1.13705,1.137435,1.13746,1.137
1785200400,1.13744,1.137535,1.13773,1.13742
1785200700,1.13753,1.137715,1.137715,1.13753
1785201000,1.13771,1.137535,1.13771,1.137485
1785201300,1.13753,1.137465,1.137545,1.137375
1785201600,1.13747,1.13754,1.137575,1.137465
1785201900,1.13754,1.13753,1.137575,1.13744
1785202200,1.137535,1.137515,1.137595,1.137465
1785202500,1.13752,1.137465,1.137565,1.137435
1785202800,1.13746,1.13734,1.13749,1.1373
1785203100,1.13734,1.13725,1.137415,1.137245
1785203400,1.137245,1.13721,1.13728,1.137055
1785203700,1.137225,1.13731,1.137335,1.13721
1785204000,1.137315,1.137265,1.13735,1.13719
1785204300,1.13727,1.137445,1.137465,1.137265
1785204600,1.13744,1.137405,1.137465,1.137355
1785204900,1.137405,1.13742,1.13743,1.137345
1785205200,1.137425,1.137455,1.13753,1.137375
1785205500,1.13745,1.13718,1.13745,1.13718
1785205800,1.137175,1.13718,1.137275,1.13711
1785206100,1.13718,1.13721,1.13724,1.137165
1785206400,1.137205,1.13732,1.137325,1.137185
1785206700,1.13732,1.13746,1.137465,1.137265
1785207000,1.13746,1.137835,1.13787,1.137455
1785207300,1.13784,1.13771,1.13787,1.1377
1785207600,1.137715,1.13771,1.137775,1.13765
1785207900,1.13771,1.137625,1.13774,1.137605
1785208200,1.13762,1.137565,1.13762,1.1375
1785208500,1.137565,1.137695,1.137745,1.137535
1785208800,1.137695,1.137785,1.13779,1.137665
1785209100,1.137785,1.137765,1.1378,1.13775
1785209400,1.13777,1.13799,1.138025,1.13777
1785209700,1.13799,1.13772,1.13799,1.137635
1785210000,1.137715,1.13762,1.137735,1.13757
1785210300,1.137615,1.13754,1.13762,1.13752
1785210600,1.13754,1.137495,1.13755,1.13743
1785210900,1.1375,1.13746,1.1375,1.137385
1785211200,1.137455,1.137185,1.13746,1.13711
1785211500,1.13719,1.13718,1.13725,1.13712
1785211800,1.137185,1.13707,1.137225,1.13706
1785212100,1.13707,1.137175,1.1372,1.13701
1785212400,1.13718,1.137085,1.137185,1.137025
1785212700,1.13708,1.13708,1.13709,1.13697
1785213000,1.137085,1.13709,1.137115,1.137
1785213300,1.13709,1.13704,1.137115,1.13701
1785213600,1.13704,1.137095,1.137095,1.137015
1785213900,1.137095,1.137045,1.13715,1.137025
1785214200,1.13705,1.136835,1.137095,1.13683
1785214500,1.13684,1.13686,1.13689,1.136805
1785214800,1.136865,1.1368,1.13689,1.13672
1785215100,1.136805,1.136415,1.13681,1.136355
1785215400,1.13641,1.13623,1.13641,1.136175
1785215700,1.136225,1.13627,1.13634,1.136175
1785216000,1.13627,1.136235,1.136345,1.13619
1785216300,1.13624,1.13652,1.13653,1.13623
1785216600,1.136535,1.136495,1.13663,1.13649
1785216900,1.136485,1.136415,1.13655,1.136315
1785217200,1.13641,1.136545,1.136635,1.13632
1785217500,1.13654,1.13641,1.1366,1.13641
1785217800,1.136415,1.1365,1.13654,1.13641
1785218100,1.136495,1.13659,1.13665,1.13648
1785218400,1.136595,1.136685,1.136805,1.136535
1785218700,1.13668,1.13659,1.136705,1.136495
1785219000,1.136595,1.136685,1.136795,1.136555
1785219300,1.136685,1.136735,1.13683,1.13668
1785219600,1.136735,1.1369,1.1369,1.136675
1785219900,1.13691,1.13708,1.137115,1.13685
1785220200,1.137085,1.137075,1.137295,1.137025
1785220500,1.13707,1.13704,1.13713,1.136985
1785220800,1.137045,1.13697,1.137165,1.13689
1785221100,1.13697,1.13683,1.136975,1.136805
1785221400,1.136835,1.13714,1.13715,1.136825
1785221700,1.13714,1.13687,1.137155,1.13673
1785222000,1.13686,1.136785,1.13694,1.1367
1785222300,1.136785,1.13719,1.137255,1.1367
1785222600,1.137195,1.13731,1.137355,1.13709
1785222900,1.13731,1.137185,1.13736,1.13717
1785223200,1.13718,1.136995,1.137285,1.136995
1785223500,1.137,1.136995,1.13715,1.13694
1785223800,1.136995,1.13705,1.137095,1.136965
1785224100,1.137055,1.13708,1.1372,1.13696
1785224400,1.13708,1.13691,1.13713,1.13685
1785224700,1.13691,1.13666,1.136925,1.136625
1785225000,1.136655,1.13651,1.136655,1.136325
1785225300,1.136515,1.13649,1.13664,1.136455
1785225600,1.136495,1.13679,1.136835,1.136475
1785225900,1.136795,1.13694,1.137045,1.13675
1785226200,1.136945,1.13681,1.136965,1.13666
1785226500,1.13681,1.136935,1.13708,1.13681
1785226800,1.13693,1.137135,1.13723,1.13692
1785227100,1.13713,1.137005,1.137135,1.13681
1785227400,1.13701,1.136955,1.137045,1.136825
1785227700,1.136955,1.137,1.137155,1.13694
1785228000,1.136995,1.13712,1.137145,1.13694
1785228300,1.137125,1.137215,1.137255,1.137015
1785228600,1.13722,1.13711,1.13727,1.137055
1785228900,1.13711,1.137255,1.13727,1.137085
1785229200,1.13726,1.13714,1.13731,1.137125
1785229500,1.137135,1.13685,1.137185,1.13677
1785229800,1.136855,1.13669,1.136855,1.13664
1785230100,1.13669,1.136745,1.136805,1.136685
1785230400,1.13675,1.136695,1.136805,1.13662
1785230700,1.1367,1.136595,1.136725,1.136585
1785231000,1.13659,1.13645,1.13659,1.136345
1785231300,1.136455,1.13644,1.136495,1.136365
1785231600,1.13644,1.13624,1.13652,1.136235
1785231900,1.13624,1.136105,1.136265,1.13602
1785232200,1.13611,1.135945,1.13613,1.135825
1785232500,1.13594,1.135645,1.13596,1.1356
1785232800,1.13564,1.135595,1.13568,1.13553
1785233100,1.1356,1.13543,1.135605,1.135425
1785233400,1.13543,1.135675,1.135745,1.135335
1785233700,1.13568,1.135535,1.135705,1.13548
1785234000,1.135545,1.13571,1.135755,1.13548
1785234300,1.13572,1.13564,1.13577,1.13564
1785234600,1.135635,1.136005,1.13602,1.13561
1785234900,1.136,1.13608,1.136115,1.13579
1785235200,1.136085,1.135735,1.136105,1.13573
1785235500,1.13573,1.13589,1.13597,1.13573
1785235800,1.13589,1.13619,1.13621,1.135855
1785236100,1.1362,1.136075,1.13631,1.13603
1785236400,1.13608,1.135975,1.13612,1.135905
1785236700,1.13597,1.13574,1.136025,1.13572
1785237000,1.135745,1.13584,1.1359,1.135675
1785237300,1.135835,1.13619,1.136255,1.135835
1785237600,1.136185,1.13644,1.136455,1.136175
1785237900,1.136445,1.13655,1.13659,1.13636
1785238200,1.136545,1.136405,1.136555,1.13633
1785238500,1.1364,1.13662,1.13668,1.1364
1785238800,1.136615,1.13635,1.136655,1.13633
1785239100,1.13636,1.136185,1.13642,1.13618
1785239400,1.13618,1.136425,1.1365,1.136115
1785239700,1.13643,1.13653,1.13679,1.13639
1785240000,1.136525,1.136375,1.13661,1.13618
1785240300,1.13638,1.13668,1.13676,1.13637
1785240600,1.136675,1.13652,1.13668,1.13639
1785240900,1.136525,1.136515,1.136635,1.13643
1785241200,1.13651,1.13638,1.13659,1.136365
1785241500,1.13638,1.13628,1.13639,1.136235
1785241800,1.13628,1.13627,1.136325,1.136085
1785242100,1.136265,1.13628,1.13642,1.13615
1785242400,1.136275,1.136465,1.136515,1.136185
1785242700,1.136465,1.13674,1.136745,1.136455
1785243000,1.136745,1.136545,1.136855,1.13649
1785243300,1.136545,1.13659,1.136745,1.136545
1785243600,1.13659,1.13678,1.136905,1.136585
1785243900,1.13678,1.13696,1.136975,1.136735
1785244200,1.136955,1.13669,1.13707,1.136675
1785244500,1.1367,1.136845,1.13686,1.13662
1785244800,1.13684,1.13684,1.13707,1.136785
1785245100,1.136845,1.13674,1.13686,1.136695
1785245400,1.136735,1.136925,1.13705,1.13672
1785245700,1.13693,1.136855,1.13704,1.13674
1785246000,1.13685,1.136935,1.13708,1.136835
1785246300,1.13694,1.137305,1.137415,1.136825
1785246600,1.13731,1.137285,1.1374,1.137155
1785246900,1.13728,1.137255,1.137285,1.13703
1785247200,1.137245,1.13741,1.13743,1.13711
1785247500,1.137405,1.13747,1.137565,1.137175
1785247800,1.13748,1.137395,1.137595,1.13733
1785248100,1.1374,1.13723,1.1374,1.137155
1785248400,1.137225,1.137445,1.13748,1.137225
1785248700,1.13744,1.13781,1.13783,1.13744
1785249000,1.137805,1.137695,1.137905,1.137685
1785249300,1.1377,1.13771,1.13777,1.13759
1785249600,1.13771,1.1379,1.13799,1.137705
1785249900,1.137895,1.13776,1.1379,1.137615
1785250200,1.137755,1.138295,1.13833,1.137725
1785250500,1.13829,1.138575,1.13865,1.138265
1785250800,1.13857,1.13844,1.13873,1.138405
1785251100,1.138435,1.138745,1.13882,1.138395
1785251400,1.13874,1.13944,1.1396,1.138685
1785251700,1.139445,1.139585,1.139585,1.13927
1785252000,1.13958,1.13949,1.139935,1.139475
1785252300,1.139495,1.139595,1.139815,1.139415
1785252600,1.13959,1.13969,1.139825,1.13942
1785252900,1.139695,1.139575,1.139845,1.1395
1785253200,1.13959,1.140145,1.140215,1.139575
1785253500,1.140145,1.13992,1.14015,1.13988
1785253800,1.139925,1.13993,1.140015,1.139635
1785254100,1.139935,1.14004,1.140065,1.13986
1785254400,1.140045,1.14008,1.14025,1.14
1785254700,1.140085,1.140175,1.14019,1.13988
1785255000,1.14018,1.140225,1.14033,1.140005
1785255300,1.14023,1.140345,1.1404,1.140225
1785255600,1.140345,1.140345,1.14041,1.14016
1785255900,1.14034,1.1405,1.14053,1.14034
1785256200,1.140495,1.14041,1.140505,1.14023
1785256500,1.14041,1.14022,1.140445,1.14021
1785256800,1.14022,1.14003,1.14022,1.14002
1785257100,1.140035,1.13972,1.140085,1.13972
1785257400,1.13972,1.1398,1.13988,1.139715
1785257700,1.139795,1.13959,1.13984,1.13957
1785258000,1.139595,1.13968,1.139735,1.13954
1785258300,1.13968,1.13952,1.139745,1.139505
1785258600,1.139515,1.139405,1.13952,1.139345
1785258900,1.13941,1.139435,1.139515,1.13937
1785259200,1.139435,1.13933,1.13979,1.13932
1785259500,1.13934,1.139305,1.139425,1.13929
1785259800,1.139305,1.1394,1.139415,1.139235
1785260100,1.1394,1.139345,1.1394,1.139225
1785260400,1.139345,1.1392,1.139345,1.13917
1785260700,1.1392,1.13913,1.13924,1.139055
1785261000,1.139125,1.139075,1.13913,1.13901
1785261300,1.13908,1.13892,1.139115,1.13883
1785261600,1.138925,1.13891,1.13908,1.138865
1785261900,1.13891,1.138965,1.138985,1.13885
1785262200,1.138975,1.13893,1.13901,1.138785
1785262500,1.13893,1.13909,1.139155,1.138925
1785262800,1.139085,1.13888,1.13909,1.13888
1785263100,1.13888,1.138785,1.138885,1.138725
1785263400,1.13878,1.13877,1.13886,1.13876
1785263700,1.13877,1.13884,1.138915,1.138765
1785264000,1.138835,1.13883,1.138885,1.1388
1785264300,1.13883,1.13869,1.13883,1.13862
1785264600,1.138695,1.13868,1.13878,1.13867
1785264900,1.13868,1.13867,1.138765,1.13863
1785265200,1.138675,1.13884,1.13884,1.138625
1785265500,1.13884,1.13894,1.139045,1.13884
1785265800,1.13894,1.13882,1.13896,1.13877
1785266100,1.13882,1.138995,1.138995,1.138795
1785266400,1.138995,1.138995,1.13908,1.138965
1785266700,1.13899,1.1389,1.139045,1.13889
1785267000,1.1389,1.139005,1.13906,1.13887
1785267300,1.13901,1.138955,1.13901,1.13889
1785267600,1.138955,1.13901,1.139015,1.13892
1785267900,1.139005,1.139165,1.1392,1.139005
1785268200,1.139165,1.139115,1.139165,1.139005
1785268500,1.13912,1.138735,1.13912,1.138725
1785268800,1.13873,1.138765,1.13885,1.13869
1785269100,1.13877,1.13877,1.13877,1.138685
1785269400,1.13877,1.13885,1.138855,1.13877
1785269700,1.13885,1.138785,1.13892,1.138785
1785270000,1.138785,1.13875,1.13881,1.13872
1785270300,1.13875,1.138645,1.13876,1.13855
1785270600,1.138645,1.138665,1.138665,1.13856
1785270900,1.138665,1.1386,1.138725,1.13856
1785271200,1.1386,1.138745,1.138745,1.13855
1785271500,1.138735,1.138685,1.13874,1.13866
1785271800,1.13869,1.138685,1.13878,1.138655
1785272100,1.13869,1.13867,1.13869,1.138595
1785272400,1.139,1.138985,1.139055,1.13886
1785272700,1.138985,1.139035,1.13914,1.138985
1785273000,1.139035,1.139145,1.139145,1.139035
1785273300,1.139145,1.139205,1.139225,1.139045
1785273600,1.139175,1.1392,1.13924,1.13908
1785273900,1.1392,1.139155,1.139225,1.139155
1785274200,1.139155,1.139115,1.139165,1.139115
1785274500,1.139115,1.139225,1.139245,1.139105
1785274800,1.139225,1.13928,1.13932,1.13921
1785275100,1.13929,1.139245,1.139305,1.13908
1785275400,1.139245,1.139145,1.139245,1.13914
1785275700,1.139145,1.139075,1.139175,1.13905
1785276000,1.13907,1.139,1.13907,1.138905
1785276300,1.138995,1.139025,1.13905,1.138955
1785276600,1.139025,1.1388,1.1391,1.138775
1785276900,1.138805,1.138655,1.138865,1.138645
1785277200,1.13864,1.138445,1.138645,1.138415
1785277500,1.138455,1.138495,1.13859,1.13843
1785277800,1.138505,1.138645,1.13865,1.138505
1785278100,1.13864,1.13847,1.138645,1.138465
1785278400,1.138475,1.138525,1.138575,1.13846
1785278700,1.138525,1.138485,1.138535,1.138435
1785279000,1.13849,1.138505,1.13853,1.138435
1785279300,1.138505,1.138515,1.138535,1.138485
1785279600,1.13852,1.138425,1.13852,1.138315
1785279900,1.138425,1.138235,1.13843,1.138215
1785280200,1.138235,1.138435,1.13844,1.13823
1785280500,1.138435,1.138445,1.13847,1.1384
1785280800,1.138445,1.13851,1.13853,1.138375
1785281100,1.13851,1.138525,1.13853,1.138445
1785281400,1.138525,1.138465,1.13853,1.13845
1785281700,1.138465,1.13847,1.138525,1.13846
1785282000,1.13847,1.138615,1.13864,1.13846
1785282300,1.13862,1.13857,1.13862,1.1384
1785282600,1.13857,1.13854,1.138625,1.138535
1785282900,1.13854,1.138605,1.138645,1.138525
1785283200,1.13861,1.138535,1.13865,1.138335
1785283500,1.138525,1.138395,1.138595,1.13839
1785283800,1.1384,1.138375,1.13841,1.138285
1785284100,1.138375,1.13866,1.138695,1.13836
1785284400,1.138655,1.13881,1.13898,1.138655
1785284700,1.13881,1.13893,1.13902,1.138805
1785285000,1.138935,1.13891,1.139005,1.13886
1785285300,1.13891,1.138885,1.138945,1.138815
1785285600,1.138885,1.138895,1.138905,1.13881
1785285900,1.138895,1.138765,1.138995,1.13876
1785286200,1.13877,1.13889,1.1389,1.1387
1785286500,1.138885,1.1391,1.13915,1.138775
1785286800,1.1391,1.139045,1.13917,1.13901
1785287100,1.13904,1.138925,1.139125,1.138895
1785287400,1.13893,1.138855,1.138985,1.138815
1785287700,1.13885,1.13913,1.13914,1.138785
1785288000,1.139135,1.13919,1.139255,1.13913
1785288300,1.139185,1.139015,1.13919,1.13901
1785288600,1.13901,1.13904,1.139055,1.138635
1785288900,1.139045,1.1387,1.139075,1.13858
1785289200,1.138695,1.138615,1.138705,1.13854
1785289500,1.138615,1.138835,1.138845,1.138565
1785289800,1.13884,1.13897,1.13902,1.138805
1785290100,1.138975,1.13915,1.139165,1.138975
1785290400,1.13914,1.139095,1.139175,1.139035
1785290700,1.139095,1.13926,1.139285,1.139085
1785291000,1.139265,1.13935,1.139485,1.139245
1785291300,1.13935,1.1393,1.139435,1.13925
1785291600,1.139305,1.13951,1.13957,1.139305
1785291900,1.13952,1.13939,1.139575,1.13933
1785292200,1.139385,1.13945,1.139475,1.13935
1785292500,1.139455,1.139545,1.139595,1.139435
1785292800,1.13955,1.13946,1.139555,1.139415
1785293100,1.13946,1.13933,1.13946,1.1393
1785293400,1.13933,1.13925,1.13937,1.13925
1785293700,1.139255,1.13948,1.13957,1.139255
1785294000,1.139465,1.13953,1.13959,1.13944
1785294300,1.139535,1.13956,1.13963,1.139505
1785294600,1.13956,1.139555,1.139645,1.139505
1785294900,1.139555,1.139745,1.13978,1.139555
1785295200,1.13975,1.139905,1.13992,1.139725
1785295500,1.13991,1.139905,1.139935,1.139835
1785295800,1.13991,1.139935,1.13999,1.13986
1785296100,1.139935,1.139965,1.14003,1.13988
1785296400,1.13996,1.13993,1.13999,1.13991
1785296700,1.13993,1.14001,1.14003,1.13993
1785297000,1.14001,1.13991,1.140075,1.13986
1785297300,1.13991,1.139705,1.13991,1.139635
1785297600,1.1397,1.13983,1.139845,1.139625
1785297900,1.13983,1.13991,1.13993,1.13979
1785298200,1.13991,1.139965,1.140005,1.13983
1785298500,1.13996,1.140085,1.140155,1.13996
1785298800,1.14009,1.14011,1.14025,1.140055
1785299100,1.14011,1.13992,1.1402,1.13986
1785299400,1.13992,1.14008,1.140095,1.13983
1785299700,1.14008,1.14018,1.14022,1.140065
1785300000,1.14018,1.14028,1.14035,1.140175
1785300300,1.140275,1.139935,1.140375,1.13993
1785300600,1.139935,1.139915,1.14004,1.139905
1785300900,1.139915,1.140115,1.14016,1.139905
1785301200,1.14012,1.14025,1.14027,1.140055
1785301500,1.140255,1.14023,1.1403,1.14023
1785301800,1.140225,1.14024,1.14028,1.140195
1785302100,1.14024,1.140185,1.14027,1.14017
1785302400,1.140185,1.14018,1.140205,1.140095
1785302700,1.14018,1.139965,1.140185,1.13995
1785303000,1.13996,1.139845,1.139975,1.13976
1785303300,1.139845,1.139845,1.13989,1.13981
1785303600,1.139845,1.139995,1.140025,1.139835
1785303900,1.139995,1.14002,1.14003,1.139935
1785304200,1.14002,1.14009,1.140165,1.13993
1785304500,1.140095,1.13983,1.140165,1.139765
1785304800,1.139825,1.139935,1.140085,1.13982
1785305100,1.13993,1.13966,1.139955,1.139625
1785305400,1.139665,1.13977,1.13977,1.139515
1785305700,1.139765,1.139525,1.13991,1.139515
1785306000,1.13952,1.13944,1.139525,1.139405
1785306300,1.139435,1.139395,1.139465,1.139305
1785306600,1.13939,1.139455,1.139495,1.139295
1785306900,1.13945,1.139405,1.13949,1.13931
1785307200,1.139405,1.139435,1.139495,1.139335
1785307500,1.13943,1.139045,1.13943,1.13901
1785307800,1.13905,1.139225,1.13926,1.13904
1785308100,1.13922,1.13921,1.13926,1.138995
1785308400,1.139205,1.139395,1.139495,1.13902
1785308700,1.13939,1.13961,1.139635,1.139365
1785309000,1.139605,1.13938,1.13966,1.139285
1785309300,1.139385,1.139555,1.139615,1.13935
1785309600,1.13956,1.13969,1.139705,1.13945
1785309900,1.139695,1.139695,1.13972,1.139595
1785310200,1.1397,1.139745,1.139765,1.139585
1785310500,1.13974,1.140055,1.1401,1.13974
1785310800,1.14006,1.13974,1.14006,1.13974
1785311100,1.139735,1.14001,1.140015,1.13967
1785311400,1.140005,1.13999,1.14011,1.13996
1785311700,1.139985,1.139785,1.140005,1.13967
1785312000,1.13978,1.13984,1.13989,1.13971
1785312300,1.139845,1.13965,1.139975,1.139645
1785312600,1.139645,1.139595,1.13984,1.13953
1785312900,1.13959,1.13979,1.13979,1.139535
1785313200,1.13979,1.13957,1.13979,1.139505
1785313500,1.139565,1.13959,1.1396,1.13942
1785313800,1.13959,1.139335,1.139595,1.139325
1785314100,1.139335,1.13948,1.139535,1.13932
1785314400,1.139485,1.13978,1.13979,1.139485
1785314700,1.13978,1.139975,1.14,1.139715
1785315000,1.139975,1.13981,1.140055,1.13977
1785315300,1.139805,1.139645,1.139845,1.13954
1785315600,1.13965,1.13964,1.13966,1.13945
1785315900,1.139645,1.139685,1.13969,1.13953
1785316200,1.13969,1.1396,1.1397,1.139575
1785316500,1.139595,1.13949,1.139645,1.13943
1785316800,1.139485,1.139525,1.13956,1.13937
1785317100,1.13952,1.139535,1.139575,1.139425
1785317400,1.13953,1.13962,1.13964,1.139415
1785317700,1.13962,1.139245,1.13962,1.13924
1785318000,1.13924,1.139455,1.13949,1.139185
1785318300,1.13946,1.139595,1.13964,1.13938
1785318600,1.13959,1.139495,1.139615,1.139435
1785318900,1.1395,1.13919,1.13958,1.13917
1785319200,1.139185,1.139235,1.139275,1.13904
1785319500,1.13923,1.13919,1.139295,1.13908
1785319800,1.13919,1.139125,1.1392,1.13904
1785320100,1.139125,1.138845,1.139155,1.138765
1785320400,1.13884,1.13875,1.138945,1.138745
1785320700,1.138745,1.139045,1.13906,1.1387
1785321000,1.13904,1.13895,1.139225,1.138935
1785321300,1.138945,1.13892,1.139045,1.13889
1785321600,1.13892,1.13882,1.13892,1.13872
1785321900,1.13882,1.138555,1.13883,1.13855
1785322200,1.13856,1.138355,1.138575,1.138355
1785322500,1.138355,1.13854,1.138545,1.13834
1785322800,1.138545,1.13876,1.138795,1.13854
1785323100,1.138755,1.13861,1.13876,1.13856
1785323400,1.13861,1.13869,1.13881,1.138575
1785323700,1.13869,1.13875,1.138845,1.13864
1785324000,1.138745,1.13858,1.13875,1.138515
1785324300,1.13858,1.138725,1.138735,1.138565
1785324600,1.13872,1.13865,1.1388,1.13854
1785324900,1.138645,1.13854,1.138675,1.138485
1785325200,1.13854,1.138205,1.13854,1.13815
1785325500,1.13821,1.138385,1.138445,1.13819
1785325800,1.138385,1.138275,1.13847,1.138265
1785326100,1.13828,1.138205,1.13835,1.138025
1785326400,1.13821,1.13824,1.1383,1.13803
1785326700,1.138235,1.137955,1.138245,1.13792
1785327000,1.13796,1.137885,1.138035,1.137785
1785327300,1.137885,1.13763,1.13791,1.13746
1785327600,1.137635,1.13794,1.137985,1.137625
1785327900,1.137935,1.137685,1.13795,1.13766
1785328200,1.13769,1.13783,1.137845,1.137465
1785328500,1.137825,1.13798,1.13801,1.13774
1785328800,1.137985,1.137915,1.13804,1.13784
1785329100,1.137915,1.13792,1.138025,1.137885
1785329400,1.13793,1.137945,1.138035,1.137885
1785329700,1.13795,1.13783,1.13798,1.137665
1785330000,1.137825,1.13788,1.13797,1.1377
1785330300,1.13788,1.1379,1.13794,1.137655
1785330600,1.137895,1.138005,1.138015,1.13783
1785330900,1.138005,1.13809,1.138295,1.13796
1785331200,1.138095,1.138505,1.138555,1.138085
1785331500,1.1385,1.138555,1.138705,1.138425
1785331800,1.13856,1.138445,1.138715,1.13835
1785332100,1.13844,1.138625,1.138695,1.13834
1785332400,1.13862,1.138745,1.13876,1.138435
1785332700,1.13875,1.139075,1.139115,1.13869
1785333000,1.13907,1.139195,1.139245,1.13887
1785333300,1.1392,1.139185,1.13923,1.138935
1785333600,1.13919,1.139235,1.13935,1.13916
1785333900,1.139235,1.13894,1.13929,1.138935
1785334200,1.138935,1.13884,1.13897,1.138805
1785334500,1.13884,1.13909,1.139095,1.138655
1785334800,1.139095,1.139225,1.13923,1.138855
1785335100,1.139225,1.13944,1.139465,1.139185
1785335400,1.139445,1.13952,1.13965,1.13942
1785335700,1.13952,1.13963,1.139705,1.13936
1785336000,1.139635,1.139245,1.1397,1.13896
1785336300,1.13924,1.138695,1.139305,1.13868
1785336600,1.13869,1.13865,1.138815,1.13828
1785336900,1.138645,1.138085,1.13877,1.138075
1785337200,1.13808,1.138405,1.138405,1.13794
1785337500,1.13841,1.13849,1.13851,1.13823
1785337800,1.13848,1.13849,1.13855,1.13837
1785338100,1.138485,1.138085,1.138555,1.13806
1785338400,1.13808,1.13804,1.138155,1.137855
1785338700,1.138035,1.137985,1.13806,1.137855
1785339000,1.13798,1.13792,1.13804,1.13785
1785339300,1.137925,1.13793,1.138155,1.13792
1785339600,1.137935,1.13814,1.138165,1.13779
1785339900,1.138135,1.138235,1.13829,1.138095
1785340200,1.13824,1.138285,1.138295,1.138145
1785340500,1.138285,1.13829,1.138345,1.13817
1785340800,1.1383,1.13808,1.13836,1.13807
1785341100,1.138085,1.138085,1.138145,1.137805
1785341400,1.13808,1.137815,1.13808,1.137795
1785341700,1.13782,1.137835,1.137895,1.13768
1785342000,1.13784,1.138035,1.138135,1.137835
1785342300,1.13803,1.138235,1.13827,1.138025
1785342600,1.13823,1.13801,1.13825,1.13793
1785342900,1.138015,1.138105,1.13814,1.137985
1785343200,1.13811,1.138245,1.138255,1.13811
1785343500,1.138245,1.1383,1.138355,1.13819
1785343800,1.1383,1.138415,1.1385,1.1383
1785344100,1.13841,1.138515,1.138595,1.13841
1785344400,1.13851,1.138595,1.138665,1.13845
1785344700,1.1386,1.138965,1.13904,1.13848
1785345000,1.13896,1.138975,1.13901,1.138835
1785345300,1.13897,1.13906,1.13914,1.13888
1785345600,1.13906,1.1392,1.139315,1.13904
1785345900,1.1392,1.139115,1.13927,1.138935
1785346200,1.13911,1.139355,1.139375,1.139015
1785346500,1.139355,1.139185,1.13939,1.139125
1785346800,1.13918,1.139585,1.1397,1.13918
1785347100,1.13959,1.1398,1.13981,1.13953
1785347400,1.139805,1.13968,1.139995,1.139655
1785347700,1.13969,1.139615,1.139715,1.139505
1785348000,1.13957,1.14152,1.143075,1.139
1785348300,1.141505,1.141865,1.142425,1.141465
1785348600,1.14187,1.142775,1.142825,1.1416
1785348900,1.14278,1.14245,1.14298,1.1423
1785349200,1.142445,1.14186,1.142465,1.14185
1785349500,1.141855,1.14224,1.142245,1.14152
1785349800,1.142245,1.141545,1.142785,1.140675
1785350100,1.14155,1.142555,1.14276,1.141
1785350400,1.14256,1.143545,1.143675,1.14243
1785350700,1.143535,1.144745,1.144895,1.143345
1785351000,1.144735,1.14493,1.145055,1.1442
1785351300,1.144925,1.14519,1.145245,1.14447
1785351600,1.145195,1.144845,1.145565,1.144635
1785351900,1.14484,1.144355,1.145035,1.144215
1785352200,1.14435,1.145165,1.145265,1.14398
1785352500,1.14517,1.14649,1.14667,1.14502
1785352800,1.146495,1.145475,1.14651,1.14513
1785353100,1.14547,1.14526,1.145555,1.14494
1785353400,1.145265,1.144855,1.14533,1.144575
1785353700,1.144845,1.1452,1.14544,1.144695
1785354000,1.145205,1.14577,1.14587,1.144985
1785354300,1.14578,1.14577,1.145815,1.14547
1785354600,1.145755,1.14515,1.145765,1.145075
1785354900,1.145145,1.14478,1.145265,1.14477
1785355200,1.144785,1.144945,1.145145,1.144685
1785355500,1.14495,1.1449,1.145085,1.14479
1785355800,1.1449,1.14515,1.14527,1.144705
1785356100,1.14515,1.14511,1.14517,1.14488
1785356400,1.145115,1.145205,1.145265,1.145015
1785356700,1.14521,1.145555,1.145625,1.145155
1785357000,1.14555,1.14629,1.1463,1.14553
1785357300,1.146295,1.14625,1.146495,1.14617
1785357600,1.14625,1.14659,1.146595,1.146245
1785357900,1.146585,1.14669,1.1471,1.146535
1785358200,1.146695,1.14661,1.14683,1.146455
1785358500,1.14662,1.14676,1.14697,1.14662
1785358800,1.14676,1.14603,1.14676,1.145805
1785359100,1.146185,1.14582,1.146405,1.1457
1785359400,1.14582,1.145855,1.146185,1.14578
1785359700,1.145855,1.14628,1.146285,1.145855
1785360000,1.14628,1.14625,1.14636,1.14624
1785360300,1.14626,1.146425,1.14647,1.14622
1785360600,1.14642,1.14648,1.146485,1.146415
1785360900,1.146485,1.146455,1.146495,1.146445
1785361200,1.146455,1.146465,1.14648,1.14644
1785361500,1.14647,1.146315,1.146485,1.146215
1785361800,1.14631,1.14623,1.146405,1.14622
1785362100,1.146255,1.14626,1.146265,1.146135
1785362400,1.146255,1.14682,1.14688,1.14611
1785362700,1.14683,1.146785,1.146895,1.14659
1785363000,1.146795,1.1468,1.14684,1.146705
1785363300,1.1468,1.14683,1.146915,1.14675
1785363600,1.14683,1.1468,1.146905,1.14678
1785363900,1.1468,1.146795,1.146825,1.146735
1785364200,1.14679,1.14685,1.14685,1.146775
1785364500,1.14685,1.14685,1.146905,1.146815
1785364800,1.146855,1.146955,1.146955,1.14685
1785365100,1.146955,1.14702,1.14702,1.146945
1785365400,1.147015,1.147015,1.147035,1.14696
1785365700,1.147015,1.147125,1.147135,1.147015
1785366000,1.147135,1.147305,1.147325,1.147135
1785366300,1.147305,1.147425,1.14749,1.14722
1785366600,1.147425,1.147045,1.147425,1.14702
1785366900,1.14704,1.146975,1.147045,1.14691
1785367200,1.146975,1.14678,1.146995,1.14678
1785367500,1.14678,1.14669,1.146785,1.146685
1785367800,1.146695,1.14674,1.146745,1.146535
1785368100,1.14674,1.14664,1.14674,1.14663
1785368400,1.14664,1.14648,1.1467,1.146465
1785368700,1.14648,1.14674,1.14676,1.14643
1785369000,1.14674,1.14678,1.146945,1.14671
1785369300,1.14678,1.146685,1.1468,1.146655
1785369600,1.14669,1.14653,1.146805,1.14645
1785369900,1.146525,1.146625,1.146745,1.146355
1785370200,1.146615,1.14667,1.14674,1.146495
1785370500,1.146675,1.146315,1.146755,1.1463
1785370800,1.146315,1.14619,1.146325,1.146105
1785371100,1.146185,1.145695,1.14619,1.145615
1785371400,1.145695,1.145715,1.14583,1.14567
1785371700,1.145715,1.14561,1.145795,1.145585
1785372000,1.14562,1.14574,1.1458,1.14558
1785372300,1.145745,1.145745,1.14583,1.14573
1785372600,1.145755,1.145715,1.145795,1.1456
1785372900,1.145725,1.145795,1.145815,1.14568
1785373200,1.1458,1.145935,1.14607,1.14575
1785373500,1.145935,1.145895,1.146105,1.145875
1785373800,1.145895,1.14593,1.14599,1.14578
1785374100,1.145925,1.145735,1.145945,1.145695
1785374400,1.145735,1.145445,1.145785,1.14535
1785374700,1.145445,1.14553,1.14553,1.14534
1785375000,1.145525,1.145785,1.14592,1.145385
1785375300,1.145785,1.14578,1.145875,1.1457
1785375600,1.14578,1.14561,1.14588,1.145605
1785375900,1.14561,1.145645,1.14585,1.14555
1785376200,1.145645,1.145385,1.145665,1.14534
1785376500,1.14539,1.145325,1.145405,1.145235
1785376800,1.14532,1.145445,1.1455,1.145315
1785377100,1.145445,1.145355,1.14545,1.14529
1785377400,1.145355,1.145225,1.14541,1.14517
1785377700,1.14523,1.145175,1.145245,1.14513
1785378000,1.145175,1.14525,1.1453,1.145165
1785378300,1.14526,1.145245,1.14528,1.14522
1785378600,1.14525,1.14541,1.145435,1.145225
1785378900,1.145405,1.14547,1.14549,1.14538
1785379200,1.145475,1.145415,1.14549,1.145385
1785379500,1.14542,1.145455,1.1455,1.145415
1785379800,1.14546,1.14542,1.145525,1.1454
1785380100,1.14542,1.145275,1.145435,1.14527
1785380400,1.14527,1.14539,1.14543,1.145265
1785380700,1.14539,1.14526,1.1454,1.14523
1785381000,1.14526,1.145175,1.145265,1.14513
1785381300,1.14518,1.145055,1.1452,1.14503
1785381600,1.14505,1.145025,1.1451,1.14478
1785381900,1.145025,1.145,1.14509,1.144955
1785382200,1.145005,1.14519,1.145195,1.144925
1785382500,1.14519,1.14516,1.14527,1.145155
1785382800,1.145165,1.14518,1.14523,1.14513
1785383100,1.14518,1.14517,1.14523,1.145105
1785383400,1.145165,1.14512,1.14518,1.14507
1785383700,1.14512,1.14497,1.14512,1.14495
1785384000,1.14498,1.145065,1.14513,1.144905
1785384300,1.145065,1.145125,1.145135,1.14505
1785384600,1.145125,1.145285,1.145295,1.145125
1785384900,1.145285,1.145265,1.14534,1.14524
1785385200,1.145265,1.145285,1.145335,1.145255
1785385500,1.145285,1.145285,1.145305,1.14523
1785385800,1.14528,1.145335,1.14534,1.14526
1785386100,1.145335,1.14526,1.145335,1.14524
1785386400,1.14526,1.145285,1.145405,1.14525
1785386700,1.14528,1.145185,1.14534,1.145155
1785387000,1.145185,1.145095,1.1452,1.14507
1785387300,1.145095,1.145095,1.14511,1.14498
1785387600,1.1451,1.145225,1.145275,1.14502
1785387900,1.14523,1.14536,1.145395,1.14517
1785388200,1.14536,1.14549,1.145505,1.14536
1785388500,1.14549,1.14546,1.14551,1.14543
1785388800,1.145465,1.14554,1.14562,1.14543
1785389100,1.14554,1.14557,1.14568,1.145475
1785389400,1.145575,1.14542,1.14561,1.14539
1785389700,1.145415,1.14529,1.14545,1.14526
1785390000,1.145295,1.145255,1.145375,1.14515
1785390300,1.145255,1.14532,1.14554,1.14521
1785390600,1.145315,1.145255,1.14534,1.14517
1785390900,1.14525,1.145005,1.14525,1.1449
1785391200,1.145,1.14485,1.14513,1.144725
1785391500,1.144855,1.14469,1.14497,1.144665
1785391800,1.144695,1.14448,1.14491,1.14438
1785392100,1.14449,1.144535,1.144645,1.144455
1785392400,1.14453,1.144505,1.144585,1.144385
1785392700,1.1445,1.144495,1.14457,1.14437
1785393000,1.1445,1.14451,1.144615,1.14432
1785393300,1.14451,1.14479,1.144845,1.144435
1785393600,1.1448,1.1446,1.144825,1.14454
1785393900,1.144605,1.144865,1.144905,1.14458
1785394200,1.144865,1.144965,1.145125,1.144865
1785394500,1.14497,1.144685,1.1451,1.144635
1785394800,1.1447,1.144975,1.14512,1.144425
1785395100,1.14498,1.144645,1.14501,1.144585
1785395400,1.14465,1.14427,1.144745,1.14424
1785395700,1.14427,1.14417,1.1445,1.14416
1785396000,1.14418,1.144195,1.14434,1.144125
1785396300,1.144195,1.143735,1.14422,1.143645
1785396600,1.14373,1.143515,1.14379,1.14343
1785396900,1.143515,1.143805,1.14382,1.14349
1785397200,1.14381,1.14369,1.143895,1.14367
1785397500,1.143695,1.143695,1.143785,1.143625
1785397800,1.14369,1.14367,1.14385,1.14365
1785398100,1.143665,1.14376,1.14389,1.14362
1785398400,1.143765,1.14418,1.14434,1.14371
1785398700,1.144175,1.14438,1.1445,1.144175
1785399000,1.14438,1.144585,1.14474,1.14438
1785399300,1.144585,1.144785,1.14492,1.14458
1785399600,1.144785,1.14502,1.145145,1.14478
1785399900,1.14502,1.14544,1.145485,1.14498
1785400200,1.145435,1.145115,1.145555,1.145105
1785400500,1.14511,1.14462,1.145145,1.14462
1785400800,1.144615,1.14514,1.145175,1.144545
1785401100,1.145145,1.1451,1.145425,1.14508
1785401400,1.145105,1.145,1.14516,1.144865
1785401700,1.145005,1.14483,1.14516,1.14467
1785402000,1.14482,1.14537,1.14545,1.14481
1785402300,1.145365,1.145745,1.14577,1.145255
1785402600,1.14574,1.145745,1.14584,1.14558
1785402900,1.14575,1.14594,1.145975,1.145645
1785403200,1.14595,1.146115,1.146185,1.14594
1785403500,1.14611,1.14615,1.14639,1.146035
1785403800,1.146155,1.14616,1.146205,1.14596
1785404100,1.146155,1.14621,1.1464,1.14615
1785404400,1.14621,1.146285,1.146315,1.146205
1785404700,1.14628,1.14674,1.146745,1.146085
1785405000,1.146735,1.14636,1.14677,1.14624
1785405300,1.146365,1.14648,1.146615,1.14635
1785405600,1.146475,1.146195,1.14659,1.146185
1785405900,1.14619,1.146565,1.146605,1.146135
1785406200,1.14657,1.147195,1.14729,1.14657
1785406500,1.1472,1.147335,1.14797,1.147155
1785406800,1.14734,1.14699,1.147355,1.146875
1785407100,1.146985,1.14723,1.147455,1.14693
1785407400,1.14723,1.1474,1.1476,1.1472
1785407700,1.147395,1.14745,1.1475,1.14731
1785408000,1.147445,1.14806,1.14842,1.147405
1785408300,1.14806,1.14821,1.14837,1.148045
1785408600,1.14822,1.14768,1.14824,1.147645
1785408900,1.147685,1.14728,1.147765,1.147275
1785409200,1.147285,1.147645,1.14781,1.147285
1785409500,1.14765,1.14753,1.14769,1.147375
1785409800,1.147525,1.147205,1.14759,1.147185
1785410100,1.14721,1.147015,1.147305,1.147015
1785410400,1.14702,1.146745,1.147045,1.14653
1785410700,1.14675,1.146765,1.14684,1.146665
1785411000,1.14677,1.1466,1.14679,1.14659
1785411300,1.1466,1.146685,1.146745,1.14657
1785411600,1.146685,1.146535,1.1467,1.146505
1785411900,1.146535,1.14686,1.14691,1.146535
1785412200,1.146865,1.14726,1.147285,1.14686
1785412500,1.147265,1.1476,1.1476,1.147085
1785412800,1.147595,1.147745,1.147815,1.14754
1785413100,1.14775,1.147575,1.147915,1.14756
1785413400,1.14758,1.148065,1.148125,1.14756
1785413700,1.14806,1.14761,1.148065,1.14743
1785414000,1.1476,1.147605,1.147795,1.14747
1785414300,1.14759,1.14763,1.147845,1.147545
1785414600,1.14764,1.147575,1.148295,1.147245
1785414900,1.14757,1.148265,1.148345,1.14749
1785415200,1.14826,1.148095,1.148275,1.147565
1785415500,1.14809,1.147605,1.148155,1.14749
1785415800,1.14761,1.14721,1.1477,1.147065
1785416100,1.147215,1.14725,1.147595,1.14694
1785416400,1.14726,1.1471,1.14752,1.14695
1785416700,1.147105,1.147235,1.14763,1.147095
1785417000,1.14724,1.147245,1.14751,1.147085
1785417300,1.14724,1.14743,1.147505,1.14715
1785417600,1.14743,1.14798,1.14799,1.14733
1785417900,1.147985,1.14802,1.148095,1.14783
